Handle,Title,Body (HTML),Vendor,Type,Tags,Published,Option1 Name,Option1 Value,Variant SKU,Variant Grams,Variant Inventory Tracker,Variant Inventory Qty,Variant Inventory Policy,Variant Fulfillment Service,Variant Price,Variant Compare At Price,Variant Requires Shipping,Variant Taxable,Variant Barcode,Image Src,Image Position,Image Alt Text,Gift Card,SEO Title,SEO Description,Status
hogar-decoracion-florero-atelier-1,Florero Atelier Atelier N1,<p>Exquisito florero elaborado artesanalmente. Tonos pastel suaves en verde y marron natural para la armonia de tu espacio.</p>,Atelier Store,Decoracion y Hogar,"Decoracion y Hogar, Minimalist, Eco, Atelier",TRUE,Title,Default Title,ATL-HOG-101,450,shopify,50,deny,manual,22.5,,TRUE,TRUE,,https://cdn.shopify.com/s/files/1/0533/2089/files/placeholder-images-product-1_large.png,1,Florero Atelier Atelier N1,FALSE,Florero Atelier Atelier N1,Comprar Florero Atelier Atelier N1 en Atelier Minimal Store.,active
hogar-decoracion-escultura-pastel-2,Escultura Pastel Atelier N2,<p>Exquisito escultura elaborado artesanalmente. Tonos pastel suaves en verde y marron natural para la armonia de tu espacio.</p>,Atelier Store,Decoracion y Hogar,"Decoracion y Hogar, Minimalist, Eco, Atelier",TRUE,Title,Default Title,ATL-HOG-102,450,shopify,50,deny,manual,27.0,,TRUE,TRUE,,https://cdn.shopify.com/s/files/1/0533/2089/files/placeholder-images-image_large.png,1,Escultura Pastel Atelier N2,FALSE,Escultura Pastel Atelier N2,Comprar Escultura Pastel Atelier N2 en Atelier Minimal Store.,active
hogar-decoracion-cuenco-decorativo-puro-3,Cuenco Decorativo Puro Atelier N3,<p>Exquisito cuenco decorativo elaborado artesanalmente. Tonos pastel suaves en verde y marron natural para la armonia de tu espacio.</p>,Atelier Store,Decoracion y Hogar,"Decoracion y Hogar, Minimalist, Eco, Atelier",TRUE,Title,Default Title,ATL-HOG-103,450,shopify,50,deny,manual,31.5,,TRUE,TRUE,,https://cdn.shopify.com/s/files/1/0533/2089/files/placeholder-images-lifestyle-1_large.png,1,Cuenco Decorativo Puro Atelier N3,FALSE,Cuenco Decorativo Puro Atelier N3,Comprar Cuenco Decorativo Puro Atelier N3 en Atelier Minimal Store.,active
hogar-decoracion-bandeja-eco-4,Bandeja Eco Atelier N4,<p>Exquisito bandeja elaborado artesanalmente. Tonos pastel suaves en verde y marron natural para la armonia de tu espacio.</p>,Atelier Store,Decoracion y Hogar,"Decoracion y Hogar, Minimalist, Eco, Atelier",TRUE,Title,Default Title,ATL-HOG-104,450,shopify,50,deny,manual,36.0,,TRUE,TRUE,,https://cdn.shopify.com/s/files/1/0533/2089/files/placeholder-images-product-1_large.png,1,Bandeja Eco Atelier N4,FALSE,Bandeja Eco Atelier N4,Comprar Bandeja Eco Atelier N4 en Atelier Minimal Store.,active
hogar-decoracion-jarron-mate-5,Jarron Mate Atelier N5,<p>Exquisito jarron elaborado artesanalmente. Tonos pastel suaves en verde y marron natural para la armonia de tu espacio.</p>,Atelier Store,Decoracion y Hogar,"Decoracion y Hogar, Minimalist, Eco, Atelier",TRUE,Title,Default Title,ATL-HOG-105,450,shopify,50,deny,manual,40.5,,TRUE,TRUE,,https://cdn.shopify.com/s/files/1/0533/2089/files/placeholder-images-image_large.png,1,Jarron Mate Atelier N5,FALSE,Jarron Mate Atelier N5,Comprar Jarron Mate Atelier N5 en Atelier Minimal Store.,active
hogar-decoracion-florero-artesanal-6,Florero Artesanal Atelier N6,<p>Exquisito florero elaborado artesanalmente. Tonos pastel suaves en verde y marron natural para la armonia de tu espacio.</p>,Atelier Store,Decoracion y Hogar,"Decoracion y Hogar, Minimalist, Eco, Atelier",TRUE,Title,Default Title,ATL-HOG-106,450,shopify,50,deny,manual,45.0,,TRUE,TRUE,,https://cdn.shopify.com/s/files/1/0533/2089/files/placeholder-images-lifestyle-1_large.png,1,Florero Artesanal Atelier N6,FALSE,Florero Artesanal Atelier N6,Comprar Florero Artesanal Atelier N6 en Atelier Minimal Store.,active
hogar-decoracion-escultura-organico-7,Escultura Organico Atelier N7,<p>Exquisito escultura elaborado artesanalmente. Tonos pastel suaves en verde y marron natural para la armonia de tu espacio.</p>,Atelier Store,Decoracion y Hogar,"Decoracion y Hogar, Minimalist, Eco, Atelier",TRUE,Title,Default Title,ATL-HOG-107,450,shopify,50,deny,manual,49.5,,TRUE,TRUE,,https://cdn.shopify.com/s/files/1/0533/2089/files/placeholder-images-product-1_large.png,1,Escultura Organico Atelier N7,FALSE,Escultura Organico Atelier N7,Comprar Escultura Organico Atelier N7 en Atelier Minimal Store.,active
hogar-decoracion-cuenco-decorativo-botanico-8,Cuenco Decorativo Botanico Atelier N8,<p>Exquisito cuenco decorativo elaborado artesanalmente. Tonos pastel suaves en verde y marron natural para la armonia de tu espacio.</p>,Atelier Store,Decoracion y Hogar,"Decoracion y Hogar, Minimalist, Eco, Atelier",TRUE,Title,Default Title,ATL-HOG-108,450,shopify,50,deny,manual,54.0,,TRUE,TRUE,,https://cdn.shopify.com/s/files/1/0533/2089/files/placeholder-images-image_large.png,1,Cuenco Decorativo Botanico Atelier N8,FALSE,Cuenco Decorativo Botanico Atelier N8,Comprar Cuenco Decorativo Botanico Atelier N8 en Atelier Minimal Store.,active
hogar-decoracion-bandeja-atelier-9,Bandeja Atelier Atelier N9,<p>Exquisito bandeja elaborado artesanalmente. Tonos pastel suaves en verde y marron natural para la armonia de tu espacio.</p>,Atelier Store,Decoracion y Hogar,"Decoracion y Hogar, Minimalist, Eco, Atelier",TRUE,Title,Default Title,ATL-HOG-109,450,shopify,50,deny,manual,58.5,,TRUE,TRUE,,https://cdn.shopify.com/s/files/1/0533/2089/files/placeholder-images-lifestyle-1_large.png,1,Bandeja Atelier Atelier N9,FALSE,Bandeja Atelier Atelier N9,Comprar Bandeja Atelier Atelier N9 en Atelier Minimal Store.,active
hogar-decoracion-jarron-pastel-10,Jarron Pastel Atelier N10,<p>Exquisito jarron elaborado artesanalmente. Tonos pastel suaves en verde y marron natural para la armonia de tu espacio.</p>,Atelier Store,Decoracion y Hogar,"Decoracion y Hogar, Minimalist, Eco, Atelier",TRUE,Title,Default Title,ATL-HOG-110,450,shopify,50,deny,manual,63.0,,TRUE,TRUE,,https://cdn.shopify.com/s/files/1/0533/2089/files/placeholder-images-product-1_large.png,1,Jarron Pastel Atelier N10,FALSE,Jarron Pastel Atelier N10,Comprar Jarron Pastel Atelier N10 en Atelier Minimal Store.,active
hogar-decoracion-florero-puro-11,Florero Puro Atelier N11,<p>Exquisito florero elaborado artesanalmente. Tonos pastel suaves en verde y marron natural para la armonia de tu espacio.</p>,Atelier Store,Decoracion y Hogar,"Decoracion y Hogar, Minimalist, Eco, Atelier",TRUE,Title,Default Title,ATL-HOG-111,450,shopify,50,deny,manual,67.5,,TRUE,TRUE,,https://cdn.shopify.com/s/files/1/0533/2089/files/placeholder-images-image_large.png,1,Florero Puro Atelier N11,FALSE,Florero Puro Atelier N11,Comprar Florero Puro Atelier N11 en Atelier Minimal Store.,active
hogar-decoracion-escultura-eco-12,Escultura Eco Atelier N12,<p>Exquisito escultura elaborado artesanalmente. Tonos pastel suaves en verde y marron natural para la armonia de tu espacio.</p>,Atelier Store,Decoracion y Hogar,"Decoracion y Hogar, Minimalist, Eco, Atelier",TRUE,Title,Default Title,ATL-HOG-112,450,shopify,50,deny,manual,72.0,,TRUE,TRUE,,https://cdn.shopify.com/s/files/1/0533/2089/files/placeholder-images-lifestyle-1_large.png,1,Escultura Eco Atelier N12,FALSE,Escultura Eco Atelier N12,Comprar Escultura Eco Atelier N12 en Atelier Minimal Store.,active
hogar-decoracion-cuenco-decorativo-mate-13,Cuenco Decorativo Mate Atelier N13,<p>Exquisito cuenco decorativo elaborado artesanalmente. Tonos pastel suaves en verde y marron natural para la armonia de tu espacio.</p>,Atelier Store,Decoracion y Hogar,"Decoracion y Hogar, Minimalist, Eco, Atelier",TRUE,Title,Default Title,ATL-HOG-113,450,shopify,50,deny,manual,76.5,,TRUE,TRUE,,https://cdn.shopify.com/s/files/1/0533/2089/files/placeholder-images-product-1_large.png,1,Cuenco Decorativo Mate Atelier N13,FALSE,Cuenco Decorativo Mate Atelier N13,Comprar Cuenco Decorativo Mate Atelier N13 en Atelier Minimal Store.,active
hogar-decoracion-bandeja-artesanal-14,Bandeja Artesanal Atelier N14,<p>Exquisito bandeja elaborado artesanalmente. Tonos pastel suaves en verde y marron natural para la armonia de tu espacio.</p>,Atelier Store,Decoracion y Hogar,"Decoracion y Hogar, Minimalist, Eco, Atelier",TRUE,Title,Default Title,ATL-HOG-114,450,shopify,50,deny,manual,81.0,,TRUE,TRUE,,https://cdn.shopify.com/s/files/1/0533/2089/files/placeholder-images-image_large.png,1,Bandeja Artesanal Atelier N14,FALSE,Bandeja Artesanal Atelier N14,Comprar Bandeja Artesanal Atelier N14 en Atelier Minimal Store.,active
hogar-decoracion-jarron-organico-15,Jarron Organico Atelier N15,<p>Exquisito jarron elaborado artesanalmente. Tonos pastel suaves en verde y marron natural para la armonia de tu espacio.</p>,Atelier Store,Decoracion y Hogar,"Decoracion y Hogar, Minimalist, Eco, Atelier",TRUE,Title,Default Title,ATL-HOG-115,450,shopify,50,deny,manual,85.5,,TRUE,TRUE,,https://cdn.shopify.com/s/files/1/0533/2089/files/placeholder-images-lifestyle-1_large.png,1,Jarron Organico Atelier N15,FALSE,Jarron Organico Atelier N15,Comprar Jarron Organico Atelier N15 en Atelier Minimal Store.,active
hogar-decoracion-florero-botanico-16,Florero Botanico Atelier N16,<p>Exquisito florero elaborado artesanalmente. Tonos pastel suaves en verde y marron natural para la armonia de tu espacio.</p>,Atelier Store,Decoracion y Hogar,"Decoracion y Hogar, Minimalist, Eco, Atelier",TRUE,Title,Default Title,ATL-HOG-116,450,shopify,50,deny,manual,90.0,,TRUE,TRUE,,https://cdn.shopify.com/s/files/1/0533/2089/files/placeholder-images-product-1_large.png,1,Florero Botanico Atelier N16,FALSE,Florero Botanico Atelier N16,Comprar Florero Botanico Atelier N16 en Atelier Minimal Store.,active
hogar-decoracion-escultura-atelier-17,Escultura Atelier Atelier N17,<p>Exquisito escultura elaborado artesanalmente. Tonos pastel suaves en verde y marron natural para la armonia de tu espacio.</p>,Atelier Store,Decoracion y Hogar,"Decoracion y Hogar, Minimalist, Eco, Atelier",TRUE,Title,Default Title,ATL-HOG-117,450,shopify,50,deny,manual,94.5,,TRUE,TRUE,,https://cdn.shopify.com/s/files/1/0533/2089/files/placeholder-images-image_large.png,1,Escultura Atelier Atelier N17,FALSE,Escultura Atelier Atelier N17,Comprar Escultura Atelier Atelier N17 en Atelier Minimal Store.,active
hogar-decoracion-cuenco-decorativo-pastel-18,Cuenco Decorativo Pastel Atelier N18,<p>Exquisito cuenco decorativo elaborado artesanalmente. Tonos pastel suaves en verde y marron natural para la armonia de tu espacio.</p>,Atelier Store,Decoracion y Hogar,"Decoracion y Hogar, Minimalist, Eco, Atelier",TRUE,Title,Default Title,ATL-HOG-118,450,shopify,50,deny,manual,99.0,,TRUE,TRUE,,https://cdn.shopify.com/s/files/1/0533/2089/files/placeholder-images-lifestyle-1_large.png,1,Cuenco Decorativo Pastel Atelier N18,FALSE,Cuenco Decorativo Pastel Atelier N18,Comprar Cuenco Decorativo Pastel Atelier N18 en Atelier Minimal Store.,active
hogar-decoracion-bandeja-puro-19,Bandeja Puro Atelier N19,<p>Exquisito bandeja elaborado artesanalmente. Tonos pastel suaves en verde y marron natural para la armonia de tu espacio.</p>,Atelier Store,Decoracion y Hogar,"Decoracion y Hogar, Minimalist, Eco, Atelier",TRUE,Title,Default Title,ATL-HOG-119,450,shopify,50,deny,manual,103.5,,TRUE,TRUE,,https://cdn.shopify.com/s/files/1/0533/2089/files/placeholder-images-product-1_large.png,1,Bandeja Puro Atelier N19,FALSE,Bandeja Puro Atelier N19,Comprar Bandeja Puro Atelier N19 en Atelier Minimal Store.,active
hogar-decoracion-jarron-eco-20,Jarron Eco Atelier N20,<p>Exquisito jarron elaborado artesanalmente. Tonos pastel suaves en verde y marron natural para la armonia de tu espacio.</p>,Atelier Store,Decoracion y Hogar,"Decoracion y Hogar, Minimalist, Eco, Atelier",TRUE,Title,Default Title,ATL-HOG-120,450,shopify,50,deny,manual,108.0,,TRUE,TRUE,,https://cdn.shopify.com/s/files/1/0533/2089/files/placeholder-images-image_large.png,1,Jarron Eco Atelier N20,FALSE,Jarron Eco Atelier N20,Comprar Jarron Eco Atelier N20 en Atelier Minimal Store.,active
textiles-organicos-funda-de-cojin-puro-1,Funda de Cojin Puro Atelier N1,<p>Exquisito funda de cojin elaborado artesanalmente. Tonos pastel suaves en verde y marron natural para la armonia de tu espacio.</p>,Atelier Store,Textiles Organicos,"Textiles Organicos, Minimalist, Eco, Atelier",TRUE,Title,Default Title,ATL-TEX-121,450,shopify,50,deny,manual,42.5,,TRUE,TRUE,,https://cdn.shopify.com/s/files/1/0533/2089/files/placeholder-images-lifestyle-1_large.png,1,Funda de Cojin Puro Atelier N1,FALSE,Funda de Cojin Puro Atelier N1,Comprar Funda de Cojin Puro Atelier N1 en Atelier Minimal Store.,active
textiles-organicos-sabana-eco-2,Sabana Eco Atelier N2,<p>Exquisito sabana elaborado artesanalmente. Tonos pastel suaves en verde y marron natural para la armonia de tu espacio.</p>,Atelier Store,Textiles Organicos,"Textiles Organicos, Minimalist, Eco, Atelier",TRUE,Title,Default Title,ATL-TEX-122,450,shopify,50,deny,manual,47.0,,TRUE,TRUE,,https://cdn.shopify.com/s/files/1/0533/2089/files/placeholder-images-product-1_large.png,1,Sabana Eco Atelier N2,FALSE,Sabana Eco Atelier N2,Comprar Sabana Eco Atelier N2 en Atelier Minimal Store.,active
textiles-organicos-edredon-mate-3,Edredon Mate Atelier N3,<p>Exquisito edredon elaborado artesanalmente. Tonos pastel suaves en verde y marron natural para la armonia de tu espacio.</p>,Atelier Store,Textiles Organicos,"Textiles Organicos, Minimalist, Eco, Atelier",TRUE,Title,Default Title,ATL-TEX-123,450,shopify,50,deny,manual,51.5,,TRUE,TRUE,,https://cdn.shopify.com/s/files/1/0533/2089/files/placeholder-images-image_large.png,1,Edredon Mate Atelier N3,FALSE,Edredon Mate Atelier N3,Comprar Edredon Mate Atelier N3 en Atelier Minimal Store.,active
textiles-organicos-camino-de-mesa-artesanal-4,Camino de Mesa Artesanal Atelier N4,<p>Exquisito camino de mesa elaborado artesanalmente. Tonos pastel suaves en verde y marron natural para la armonia de tu espacio.</p>,Atelier Store,Textiles Organicos,"Textiles Organicos, Minimalist, Eco, Atelier",TRUE,Title,Default Title,ATL-TEX-124,450,shopify,50,deny,manual,56.0,,TRUE,TRUE,,https://cdn.shopify.com/s/files/1/0533/2089/files/placeholder-images-lifestyle-1_large.png,1,Camino de Mesa Artesanal Atelier N4,FALSE,Camino de Mesa Artesanal Atelier N4,Comprar Camino de Mesa Artesanal Atelier N4 en Atelier Minimal Store.,active
textiles-organicos-manta-organico-5,Manta Organico Atelier N5,<p>Exquisito manta elaborado artesanalmente. Tonos pastel suaves en verde y marron natural para la armonia de tu espacio.</p>,Atelier Store,Textiles Organicos,"Textiles Organicos, Minimalist, Eco, Atelier",TRUE,Title,Default Title,ATL-TEX-125,450,shopify,50,deny,manual,35.5,,TRUE,TRUE,,https://cdn.shopify.com/s/files/1/0533/2089/files/placeholder-images-product-1_large.png,1,Manta Organico Atelier N5,FALSE,Manta Organico Atelier N5,Comprar Manta Organico Atelier N5 en Atelier Minimal Store.,active
textiles-organicos-funda-de-cojin-botanico-6,Funda de Cojin Botanico Atelier N6,<p>Exquisito funda de cojin elaborado artesanalmente. Tonos pastel suaves en verde y marron natural para la armonia de tu espacio.</p>,Atelier Store,Textiles Organicos,"Textiles Organicos, Minimalist, Eco, Atelier",TRUE,Title,Default Title,ATL-TEX-126,450,shopify,50,deny,manual,40.0,,TRUE,TRUE,,https://cdn.shopify.com/s/files/1/0533/2089/files/placeholder-images-image_large.png,1,Funda de Cojin Botanico Atelier N6,FALSE,Funda de Cojin Botanico Atelier N6,Comprar Funda de Cojin Botanico Atelier N6 en Atelier Minimal Store.,active
textiles-organicos-sabana-atelier-7,Sabana Atelier Atelier N7,<p>Exquisito sabana elaborado artesanalmente. Tonos pastel suaves en verde y marron natural para la armonia de tu espacio.</p>,Atelier Store,Textiles Organicos,"Textiles Organicos, Minimalist, Eco, Atelier",TRUE,Title,Default Title,ATL-TEX-127,450,shopify,50,deny,manual,44.5,,TRUE,TRUE,,https://cdn.shopify.com/s/files/1/0533/2089/files/placeholder-images-lifestyle-1_large.png,1,Sabana Atelier Atelier N7,FALSE,Sabana Atelier Atelier N7,Comprar Sabana Atelier Atelier N7 en Atelier Minimal Store.,active
textiles-organicos-edredon-pastel-8,Edredon Pastel Atelier N8,<p>Exquisito edredon elaborado artesanalmente. Tonos pastel suaves en verde y marron natural para la armonia de tu espacio.</p>,Atelier Store,Textiles Organicos,"Textiles Organicos, Minimalist, Eco, Atelier",TRUE,Title,Default Title,ATL-TEX-128,450,shopify,50,deny,manual,49.0,,TRUE,TRUE,,https://cdn.shopify.com/s/files/1/0533/2089/files/placeholder-images-product-1_large.png,1,Edredon Pastel Atelier N8,FALSE,Edredon Pastel Atelier N8,Comprar Edredon Pastel Atelier N8 en Atelier Minimal Store.,active
textiles-organicos-camino-de-mesa-puro-9,Camino de Mesa Puro Atelier N9,<p>Exquisito camino de mesa elaborado artesanalmente. Tonos pastel suaves en verde y marron natural para la armonia de tu espacio.</p>,Atelier Store,Textiles Organicos,"Textiles Organicos, Minimalist, Eco, Atelier",TRUE,Title,Default Title,ATL-TEX-129,450,shopify,50,deny,manual,53.5,,TRUE,TRUE,,https://cdn.shopify.com/s/files/1/0533/2089/files/placeholder-images-image_large.png,1,Camino de Mesa Puro Atelier N9,FALSE,Camino de Mesa Puro Atelier N9,Comprar Camino de Mesa Puro Atelier N9 en Atelier Minimal Store.,active
textiles-organicos-manta-eco-10,Manta Eco Atelier N10,<p>Exquisito manta elaborado artesanalmente. Tonos pastel suaves en verde y marron natural para la armonia de tu espacio.</p>,Atelier Store,Textiles Organicos,"Textiles Organicos, Minimalist, Eco, Atelier",TRUE,Title,Default Title,ATL-TEX-130,450,shopify,50,deny,manual,58.0,,TRUE,TRUE,,https://cdn.shopify.com/s/files/1/0533/2089/files/placeholder-images-lifestyle-1_large.png,1,Manta Eco Atelier N10,FALSE,Manta Eco Atelier N10,Comprar Manta Eco Atelier N10 en Atelier Minimal Store.,active
textiles-organicos-funda-de-cojin-mate-11,Funda de Cojin Mate Atelier N11,<p>Exquisito funda de cojin elaborado artesanalmente. Tonos pastel suaves en verde y marron natural para la armonia de tu espacio.</p>,Atelier Store,Textiles Organicos,"Textiles Organicos, Minimalist, Eco, Atelier",TRUE,Title,Default Title,ATL-TEX-131,450,shopify,50,deny,manual,62.5,,TRUE,TRUE,,https://cdn.shopify.com/s/files/1/0533/2089/files/placeholder-images-product-1_large.png,1,Funda de Cojin Mate Atelier N11,FALSE,Funda de Cojin Mate Atelier N11,Comprar Funda de Cojin Mate Atelier N11 en Atelier Minimal Store.,active
textiles-organicos-sabana-artesanal-12,Sabana Artesanal Atelier N12,<p>Exquisito sabana elaborado artesanalmente. Tonos pastel suaves en verde y marron natural para la armonia de tu espacio.</p>,Atelier Store,Textiles Organicos,"Textiles Organicos, Minimalist, Eco, Atelier",TRUE,Title,Default Title,ATL-TEX-132,450,shopify,50,deny,manual,67.0,,TRUE,TRUE,,https://cdn.shopify.com/s/files/1/0533/2089/files/placeholder-images-image_large.png,1,Sabana Artesanal Atelier N12,FALSE,Sabana Artesanal Atelier N12,Comprar Sabana Artesanal Atelier N12 en Atelier Minimal Store.,active
textiles-organicos-edredon-organico-13,Edredon Organico Atelier N13,<p>Exquisito edredon elaborado artesanalmente. Tonos pastel suaves en verde y marron natural para la armonia de tu espacio.</p>,Atelier Store,Textiles Organicos,"Textiles Organicos, Minimalist, Eco, Atelier",TRUE,Title,Default Title,ATL-TEX-133,450,shopify,50,deny,manual,71.5,,TRUE,TRUE,,https://cdn.shopify.com/s/files/1/0533/2089/files/placeholder-images-lifestyle-1_large.png,1,Edredon Organico Atelier N13,FALSE,Edredon Organico Atelier N13,Comprar Edredon Organico Atelier N13 en Atelier Minimal Store.,active
textiles-organicos-camino-de-mesa-botanico-14,Camino de Mesa Botanico Atelier N14,<p>Exquisito camino de mesa elaborado artesanalmente. Tonos pastel suaves en verde y marron natural para la armonia de tu espacio.</p>,Atelier Store,Textiles Organicos,"Textiles Organicos, Minimalist, Eco, Atelier",TRUE,Title,Default Title,ATL-TEX-134,450,shopify,50,deny,manual,76.0,,TRUE,TRUE,,https://cdn.shopify.com/s/files/1/0533/2089/files/placeholder-images-product-1_large.png,1,Camino de Mesa Botanico Atelier N14,FALSE,Camino de Mesa Botanico Atelier N14,Comprar Camino de Mesa Botanico Atelier N14 en Atelier Minimal Store.,active
textiles-organicos-manta-atelier-15,Manta Atelier Atelier N15,<p>Exquisito manta elaborado artesanalmente. Tonos pastel suaves en verde y marron natural para la armonia de tu espacio.</p>,Atelier Store,Textiles Organicos,"Textiles Organicos, Minimalist, Eco, Atelier",TRUE,Title,Default Title,ATL-TEX-135,450,shopify,50,deny,manual,80.5,,TRUE,TRUE,,https://cdn.shopify.com/s/files/1/0533/2089/files/placeholder-images-image_large.png,1,Manta Atelier Atelier N15,FALSE,Manta Atelier Atelier N15,Comprar Manta Atelier Atelier N15 en Atelier Minimal Store.,active
textiles-organicos-funda-de-cojin-pastel-16,Funda de Cojin Pastel Atelier N16,<p>Exquisito funda de cojin elaborado artesanalmente. Tonos pastel suaves en verde y marron natural para la armonia de tu espacio.</p>,Atelier Store,Textiles Organicos,"Textiles Organicos, Minimalist, Eco, Atelier",TRUE,Title,Default Title,ATL-TEX-136,450,shopify,50,deny,manual,85.0,,TRUE,TRUE,,https://cdn.shopify.com/s/files/1/0533/2089/files/placeholder-images-lifestyle-1_large.png,1,Funda de Cojin Pastel Atelier N16,FALSE,Funda de Cojin Pastel Atelier N16,Comprar Funda de Cojin Pastel Atelier N16 en Atelier Minimal Store.,active
textiles-organicos-sabana-puro-17,Sabana Puro Atelier N17,<p>Exquisito sabana elaborado artesanalmente. Tonos pastel suaves en verde y marron natural para la armonia de tu espacio.</p>,Atelier Store,Textiles Organicos,"Textiles Organicos, Minimalist, Eco, Atelier",TRUE,Title,Default Title,ATL-TEX-137,450,shopify,50,deny,manual,89.5,,TRUE,TRUE,,https://cdn.shopify.com/s/files/1/0533/2089/files/placeholder-images-product-1_large.png,1,Sabana Puro Atelier N17,FALSE,Sabana Puro Atelier N17,Comprar Sabana Puro Atelier N17 en Atelier Minimal Store.,active
textiles-organicos-edredon-eco-18,Edredon Eco Atelier N18,<p>Exquisito edredon elaborado artesanalmente. Tonos pastel suaves en verde y marron natural para la armonia de tu espacio.</p>,Atelier Store,Textiles Organicos,"Textiles Organicos, Minimalist, Eco, Atelier",TRUE,Title,Default Title,ATL-TEX-138,450,shopify,50,deny,manual,94.0,,TRUE,TRUE,,https://cdn.shopify.com/s/files/1/0533/2089/files/placeholder-images-image_large.png,1,Edredon Eco Atelier N18,FALSE,Edredon Eco Atelier N18,Comprar Edredon Eco Atelier N18 en Atelier Minimal Store.,active
textiles-organicos-camino-de-mesa-mate-19,Camino de Mesa Mate Atelier N19,<p>Exquisito camino de mesa elaborado artesanalmente. Tonos pastel suaves en verde y marron natural para la armonia de tu espacio.</p>,Atelier Store,Textiles Organicos,"Textiles Organicos, Minimalist, Eco, Atelier",TRUE,Title,Default Title,ATL-TEX-139,450,shopify,50,deny,manual,98.5,,TRUE,TRUE,,https://cdn.shopify.com/s/files/1/0533/2089/files/placeholder-images-lifestyle-1_large.png,1,Camino de Mesa Mate Atelier N19,FALSE,Camino de Mesa Mate Atelier N19,Comprar Camino de Mesa Mate Atelier N19 en Atelier Minimal Store.,active
textiles-organicos-manta-artesanal-20,Manta Artesanal Atelier N20,<p>Exquisito manta elaborado artesanalmente. Tonos pastel suaves en verde y marron natural para la armonia de tu espacio.</p>,Atelier Store,Textiles Organicos,"Textiles Organicos, Minimalist, Eco, Atelier",TRUE,Title,Default Title,ATL-TEX-140,450,shopify,50,deny,manual,103.0,,TRUE,TRUE,,https://cdn.shopify.com/s/files/1/0533/2089/files/placeholder-images-product-1_large.png,1,Manta Artesanal Atelier N20,FALSE,Manta Artesanal Atelier N20,Comprar Manta Artesanal Atelier N20 en Atelier Minimal Store.,active
cuidado-personal-crema-hidratante-mate-1,Crema Hidratante Mate Atelier N1,<p>Exquisito crema hidratante elaborado artesanalmente. Tonos pastel suaves en verde y marron natural para la armonia de tu espacio.</p>,Atelier Store,Cuidado Personal,"Cuidado Personal, Minimalist, Eco, Atelier",TRUE,Title,Default Title,ATL-CUI-141,450,shopify,50,deny,manual,37.5,,TRUE,TRUE,,https://cdn.shopify.com/s/files/1/0533/2089/files/placeholder-images-image_large.png,1,Crema Hidratante Mate Atelier N1,FALSE,Crema Hidratante Mate Atelier N1,Comprar Crema Hidratante Mate Atelier N1 en Atelier Minimal Store.,active
cuidado-personal-jabon-botanico-artesanal-2,Jabon Botanico Artesanal Atelier N2,<p>Exquisito jabon botanico elaborado artesanalmente. Tonos pastel suaves en verde y marron natural para la armonia de tu espacio.</p>,Atelier Store,Cuidado Personal,"Cuidado Personal, Minimalist, Eco, Atelier",TRUE,Title,Default Title,ATL-CUI-142,450,shopify,50,deny,manual,42.0,,TRUE,TRUE,,https://cdn.shopify.com/s/files/1/0533/2089/files/placeholder-images-lifestyle-1_large.png,1,Jabon Botanico Artesanal Atelier N2,FALSE,Jabon Botanico Artesanal Atelier N2,Comprar Jabon Botanico Artesanal Atelier N2 en Atelier Minimal Store.,active
cuidado-personal-aceite-corporal-organico-3,Aceite Corporal Organico Atelier N3,<p>Exquisito aceite corporal elaborado artesanalmente. Tonos pastel suaves en verde y marron natural para la armonia de tu espacio.</p>,Atelier Store,Cuidado Personal,"Cuidado Personal, Minimalist, Eco, Atelier",TRUE,Title,Default Title,ATL-CUI-143,450,shopify,50,deny,manual,46.5,,TRUE,TRUE,,https://cdn.shopify.com/s/files/1/0533/2089/files/placeholder-images-product-1_large.png,1,Aceite Corporal Organico Atelier N3,FALSE,Aceite Corporal Organico Atelier N3,Comprar Aceite Corporal Organico Atelier N3 en Atelier Minimal Store.,active
cuidado-personal-balsamo-labial-botanico-4,Balsamo Labial Botanico Atelier N4,<p>Exquisito balsamo labial elaborado artesanalmente. Tonos pastel suaves en verde y marron natural para la armonia de tu espacio.</p>,Atelier Store,Cuidado Personal,"Cuidado Personal, Minimalist, Eco, Atelier",TRUE,Title,Default Title,ATL-CUI-144,450,shopify,50,deny,manual,51.0,,TRUE,TRUE,,https://cdn.shopify.com/s/files/1/0533/2089/files/placeholder-images-image_large.png,1,Balsamo Labial Botanico Atelier N4,FALSE,Balsamo Labial Botanico Atelier N4,Comprar Balsamo Labial Botanico Atelier N4 en Atelier Minimal Store.,active
cuidado-personal-serum-facial-atelier-5,Serum Facial Atelier Atelier N5,<p>Exquisito serum facial elaborado artesanalmente. Tonos pastel suaves en verde y marron natural para la armonia de tu espacio.</p>,Atelier Store,Cuidado Personal,"Cuidado Personal, Minimalist, Eco, Atelier",TRUE,Title,Default Title,ATL-CUI-145,450,shopify,50,deny,manual,55.5,,TRUE,TRUE,,https://cdn.shopify.com/s/files/1/0533/2089/files/placeholder-images-lifestyle-1_large.png,1,Serum Facial Atelier Atelier N5,FALSE,Serum Facial Atelier Atelier N5,Comprar Serum Facial Atelier Atelier N5 en Atelier Minimal Store.,active
cuidado-personal-crema-hidratante-pastel-6,Crema Hidratante Pastel Atelier N6,<p>Exquisito crema hidratante elaborado artesanalmente. Tonos pastel suaves en verde y marron natural para la armonia de tu espacio.</p>,Atelier Store,Cuidado Personal,"Cuidado Personal, Minimalist, Eco, Atelier",TRUE,Title,Default Title,ATL-CUI-146,450,shopify,50,deny,manual,60.0,,TRUE,TRUE,,https://cdn.shopify.com/s/files/1/0533/2089/files/placeholder-images-product-1_large.png,1,Crema Hidratante Pastel Atelier N6,FALSE,Crema Hidratante Pastel Atelier N6,Comprar Crema Hidratante Pastel Atelier N6 en Atelier Minimal Store.,active
cuidado-personal-jabon-botanico-puro-7,Jabon Botanico Puro Atelier N7,<p>Exquisito jabon botanico elaborado artesanalmente. Tonos pastel suaves en verde y marron natural para la armonia de tu espacio.</p>,Atelier Store,Cuidado Personal,"Cuidado Personal, Minimalist, Eco, Atelier",TRUE,Title,Default Title,ATL-CUI-147,450,shopify,50,deny,manual,64.5,,TRUE,TRUE,,https://cdn.shopify.com/s/files/1/0533/2089/files/placeholder-images-image_large.png,1,Jabon Botanico Puro Atelier N7,FALSE,Jabon Botanico Puro Atelier N7,Comprar Jabon Botanico Puro Atelier N7 en Atelier Minimal Store.,active
cuidado-personal-aceite-corporal-eco-8,Aceite Corporal Eco Atelier N8,<p>Exquisito aceite corporal elaborado artesanalmente. Tonos pastel suaves en verde y marron natural para la armonia de tu espacio.</p>,Atelier Store,Cuidado Personal,"Cuidado Personal, Minimalist, Eco, Atelier",TRUE,Title,Default Title,ATL-CUI-148,450,shopify,50,deny,manual,69.0,,TRUE,TRUE,,https://cdn.shopify.com/s/files/1/0533/2089/files/placeholder-images-lifestyle-1_large.png,1,Aceite Corporal Eco Atelier N8,FALSE,Aceite Corporal Eco Atelier N8,Comprar Aceite Corporal Eco Atelier N8 en Atelier Minimal Store.,active
cuidado-personal-balsamo-labial-mate-9,Balsamo Labial Mate Atelier N9,<p>Exquisito balsamo labial elaborado artesanalmente. Tonos pastel suaves en verde y marron natural para la armonia de tu espacio.</p>,Atelier Store,Cuidado Personal,"Cuidado Personal, Minimalist, Eco, Atelier",TRUE,Title,Default Title,ATL-CUI-149,450,shopify,50,deny,manual,73.5,,TRUE,TRUE,,https://cdn.shopify.com/s/files/1/0533/2089/files/placeholder-images-product-1_large.png,1,Balsamo Labial Mate Atelier N9,FALSE,Balsamo Labial Mate Atelier N9,Comprar Balsamo Labial Mate Atelier N9 en Atelier Minimal Store.,active
cuidado-personal-serum-facial-artesanal-10,Serum Facial Artesanal Atelier N10,<p>Exquisito serum facial elaborado artesanalmente. Tonos pastel suaves en verde y marron natural para la armonia de tu espacio.</p>,Atelier Store,Cuidado Personal,"Cuidado Personal, Minimalist, Eco, Atelier",TRUE,Title,Default Title,ATL-CUI-150,450,shopify,50,deny,manual,53.0,,TRUE,TRUE,,https://cdn.shopify.com/s/files/1/0533/2089/files/placeholder-images-image_large.png,1,Serum Facial Artesanal Atelier N10,FALSE,Serum Facial Artesanal Atelier N10,Comprar Serum Facial Artesanal Atelier N10 en Atelier Minimal Store.,active
cuidado-personal-crema-hidratante-organico-11,Crema Hidratante Organico Atelier N11,<p>Exquisito crema hidratante elaborado artesanalmente. Tonos pastel suaves en verde y marron natural para la armonia de tu espacio.</p>,Atelier Store,Cuidado Personal,"Cuidado Personal, Minimalist, Eco, Atelier",TRUE,Title,Default Title,ATL-CUI-151,450,shopify,50,deny,manual,57.5,,TRUE,TRUE,,https://cdn.shopify.com/s/files/1/0533/2089/files/placeholder-images-lifestyle-1_large.png,1,Crema Hidratante Organico Atelier N11,FALSE,Crema Hidratante Organico Atelier N11,Comprar Crema Hidratante Organico Atelier N11 en Atelier Minimal Store.,active
cuidado-personal-jabon-botanico-botanico-12,Jabon Botanico Botanico Atelier N12,<p>Exquisito jabon botanico elaborado artesanalmente. Tonos pastel suaves en verde y marron natural para la armonia de tu espacio.</p>,Atelier Store,Cuidado Personal,"Cuidado Personal, Minimalist, Eco, Atelier",TRUE,Title,Default Title,ATL-CUI-152,450,shopify,50,deny,manual,62.0,,TRUE,TRUE,,https://cdn.shopify.com/s/files/1/0533/2089/files/placeholder-images-product-1_large.png,1,Jabon Botanico Botanico Atelier N12,FALSE,Jabon Botanico Botanico Atelier N12,Comprar Jabon Botanico Botanico Atelier N12 en Atelier Minimal Store.,active
cuidado-personal-aceite-corporal-atelier-13,Aceite Corporal Atelier Atelier N13,<p>Exquisito aceite corporal elaborado artesanalmente. Tonos pastel suaves en verde y marron natural para la armonia de tu espacio.</p>,Atelier Store,Cuidado Personal,"Cuidado Personal, Minimalist, Eco, Atelier",TRUE,Title,Default Title,ATL-CUI-153,450,shopify,50,deny,manual,66.5,,TRUE,TRUE,,https://cdn.shopify.com/s/files/1/0533/2089/files/placeholder-images-image_large.png,1,Aceite Corporal Atelier Atelier N13,FALSE,Aceite Corporal Atelier Atelier N13,Comprar Aceite Corporal Atelier Atelier N13 en Atelier Minimal Store.,active
cuidado-personal-balsamo-labial-pastel-14,Balsamo Labial Pastel Atelier N14,<p>Exquisito balsamo labial elaborado artesanalmente. Tonos pastel suaves en verde y marron natural para la armonia de tu espacio.</p>,Atelier Store,Cuidado Personal,"Cuidado Personal, Minimalist, Eco, Atelier",TRUE,Title,Default Title,ATL-CUI-154,450,shopify,50,deny,manual,71.0,,TRUE,TRUE,,https://cdn.shopify.com/s/files/1/0533/2089/files/placeholder-images-lifestyle-1_large.png,1,Balsamo Labial Pastel Atelier N14,FALSE,Balsamo Labial Pastel Atelier N14,Comprar Balsamo Labial Pastel Atelier N14 en Atelier Minimal Store.,active
cuidado-personal-serum-facial-puro-15,Serum Facial Puro Atelier N15,<p>Exquisito serum facial elaborado artesanalmente. Tonos pastel suaves en verde y marron natural para la armonia de tu espacio.</p>,Atelier Store,Cuidado Personal,"Cuidado Personal, Minimalist, Eco, Atelier",TRUE,Title,Default Title,ATL-CUI-155,450,shopify,50,deny,manual,75.5,,TRUE,TRUE,,https://cdn.shopify.com/s/files/1/0533/2089/files/placeholder-images-product-1_large.png,1,Serum Facial Puro Atelier N15,FALSE,Serum Facial Puro Atelier N15,Comprar Serum Facial Puro Atelier N15 en Atelier Minimal Store.,active
cuidado-personal-crema-hidratante-eco-16,Crema Hidratante Eco Atelier N16,<p>Exquisito crema hidratante elaborado artesanalmente. Tonos pastel suaves en verde y marron natural para la armonia de tu espacio.</p>,Atelier Store,Cuidado Personal,"Cuidado Personal, Minimalist, Eco, Atelier",TRUE,Title,Default Title,ATL-CUI-156,450,shopify,50,deny,manual,80.0,,TRUE,TRUE,,https://cdn.shopify.com/s/files/1/0533/2089/files/placeholder-images-image_large.png,1,Crema Hidratante Eco Atelier N16,FALSE,Crema Hidratante Eco Atelier N16,Comprar Crema Hidratante Eco Atelier N16 en Atelier Minimal Store.,active
cuidado-personal-jabon-botanico-mate-17,Jabon Botanico Mate Atelier N17,<p>Exquisito jabon botanico elaborado artesanalmente. Tonos pastel suaves en verde y marron natural para la armonia de tu espacio.</p>,Atelier Store,Cuidado Personal,"Cuidado Personal, Minimalist, Eco, Atelier",TRUE,Title,Default Title,ATL-CUI-157,450,shopify,50,deny,manual,84.5,,TRUE,TRUE,,https://cdn.shopify.com/s/files/1/0533/2089/files/placeholder-images-lifestyle-1_large.png,1,Jabon Botanico Mate Atelier N17,FALSE,Jabon Botanico Mate Atelier N17,Comprar Jabon Botanico Mate Atelier N17 en Atelier Minimal Store.,active
cuidado-personal-aceite-corporal-artesanal-18,Aceite Corporal Artesanal Atelier N18,<p>Exquisito aceite corporal elaborado artesanalmente. Tonos pastel suaves en verde y marron natural para la armonia de tu espacio.</p>,Atelier Store,Cuidado Personal,"Cuidado Personal, Minimalist, Eco, Atelier",TRUE,Title,Default Title,ATL-CUI-158,450,shopify,50,deny,manual,89.0,,TRUE,TRUE,,https://cdn.shopify.com/s/files/1/0533/2089/files/placeholder-images-product-1_large.png,1,Aceite Corporal Artesanal Atelier N18,FALSE,Aceite Corporal Artesanal Atelier N18,Comprar Aceite Corporal Artesanal Atelier N18 en Atelier Minimal Store.,active
cuidado-personal-balsamo-labial-organico-19,Balsamo Labial Organico Atelier N19,<p>Exquisito balsamo labial elaborado artesanalmente. Tonos pastel suaves en verde y marron natural para la armonia de tu espacio.</p>,Atelier Store,Cuidado Personal,"Cuidado Personal, Minimalist, Eco, Atelier",TRUE,Title,Default Title,ATL-CUI-159,450,shopify,50,deny,manual,93.5,,TRUE,TRUE,,https://cdn.shopify.com/s/files/1/0533/2089/files/placeholder-images-image_large.png,1,Balsamo Labial Organico Atelier N19,FALSE,Balsamo Labial Organico Atelier N19,Comprar Balsamo Labial Organico Atelier N19 en Atelier Minimal Store.,active
cuidado-personal-serum-facial-botanico-20,Serum Facial Botanico Atelier N20,<p>Exquisito serum facial elaborado artesanalmente. Tonos pastel suaves en verde y marron natural para la armonia de tu espacio.</p>,Atelier Store,Cuidado Personal,"Cuidado Personal, Minimalist, Eco, Atelier",TRUE,Title,Default Title,ATL-CUI-160,450,shopify,50,deny,manual,98.0,,TRUE,TRUE,,https://cdn.shopify.com/s/files/1/0533/2089/files/placeholder-images-lifestyle-1_large.png,1,Serum Facial Botanico Atelier N20,FALSE,Serum Facial Botanico Atelier N20,Comprar Serum Facial Botanico Atelier N20 en Atelier Minimal Store.,active
velas-aromas-difusor-de-varillas-organico-1,Difusor de Varillas Organico Atelier N1,<p>Exquisito difusor de varillas elaborado artesanalmente. Tonos pastel suaves en verde y marron natural para la armonia de tu espacio.</p>,Atelier Store,Velas y Aromaterapia,"Velas y Aromaterapia, Minimalist, Eco, Atelier",TRUE,Title,Default Title,ATL-VEL-161,450,shopify,50,deny,manual,32.5,,TRUE,TRUE,,https://cdn.shopify.com/s/files/1/0533/2089/files/placeholder-images-product-1_large.png,1,Difusor de Varillas Organico Atelier N1,FALSE,Difusor de Varillas Organico Atelier N1,Comprar Difusor de Varillas Organico Atelier N1 en Atelier Minimal Store.,active
velas-aromas-incienso-natural-botanico-2,Incienso Natural Botanico Atelier N2,<p>Exquisito incienso natural elaborado artesanalmente. Tonos pastel suaves en verde y marron natural para la armonia de tu espacio.</p>,Atelier Store,Velas y Aromaterapia,"Velas y Aromaterapia, Minimalist, Eco, Atelier",TRUE,Title,Default Title,ATL-VEL-162,450,shopify,50,deny,manual,37.0,,TRUE,TRUE,,https://cdn.shopify.com/s/files/1/0533/2089/files/placeholder-images-image_large.png,1,Incienso Natural Botanico Atelier N2,FALSE,Incienso Natural Botanico Atelier N2,Comprar Incienso Natural Botanico Atelier N2 en Atelier Minimal Store.,active
velas-aromas-spray-de-almohada-atelier-3,Spray de Almohada Atelier Atelier N3,<p>Exquisito spray de almohada elaborado artesanalmente. Tonos pastel suaves en verde y marron natural para la armonia de tu espacio.</p>,Atelier Store,Velas y Aromaterapia,"Velas y Aromaterapia, Minimalist, Eco, Atelier",TRUE,Title,Default Title,ATL-VEL-163,450,shopify,50,deny,manual,41.5,,TRUE,TRUE,,https://cdn.shopify.com/s/files/1/0533/2089/files/placeholder-images-lifestyle-1_large.png,1,Spray de Almohada Atelier Atelier N3,FALSE,Spray de Almohada Atelier Atelier N3,Comprar Spray de Almohada Atelier Atelier N3 en Atelier Minimal Store.,active
velas-aromas-cera-aromatica-pastel-4,Cera Aromatica Pastel Atelier N4,<p>Exquisito cera aromatica elaborado artesanalmente. Tonos pastel suaves en verde y marron natural para la armonia de tu espacio.</p>,Atelier Store,Velas y Aromaterapia,"Velas y Aromaterapia, Minimalist, Eco, Atelier",TRUE,Title,Default Title,ATL-VEL-164,450,shopify,50,deny,manual,46.0,,TRUE,TRUE,,https://cdn.shopify.com/s/files/1/0533/2089/files/placeholder-images-product-1_large.png,1,Cera Aromatica Pastel Atelier N4,FALSE,Cera Aromatica Pastel Atelier N4,Comprar Cera Aromatica Pastel Atelier N4 en Atelier Minimal Store.,active
velas-aromas-vela-de-soja-puro-5,Vela de Soja Puro Atelier N5,<p>Exquisito vela de soja elaborado artesanalmente. Tonos pastel suaves en verde y marron natural para la armonia de tu espacio.</p>,Atelier Store,Velas y Aromaterapia,"Velas y Aromaterapia, Minimalist, Eco, Atelier",TRUE,Title,Default Title,ATL-VEL-165,450,shopify,50,deny,manual,50.5,,TRUE,TRUE,,https://cdn.shopify.com/s/files/1/0533/2089/files/placeholder-images-image_large.png,1,Vela de Soja Puro Atelier N5,FALSE,Vela de Soja Puro Atelier N5,Comprar Vela de Soja Puro Atelier N5 en Atelier Minimal Store.,active
velas-aromas-difusor-de-varillas-eco-6,Difusor de Varillas Eco Atelier N6,<p>Exquisito difusor de varillas elaborado artesanalmente. Tonos pastel suaves en verde y marron natural para la armonia de tu espacio.</p>,Atelier Store,Velas y Aromaterapia,"Velas y Aromaterapia, Minimalist, Eco, Atelier",TRUE,Title,Default Title,ATL-VEL-166,450,shopify,50,deny,manual,55.0,,TRUE,TRUE,,https://cdn.shopify.com/s/files/1/0533/2089/files/placeholder-images-lifestyle-1_large.png,1,Difusor de Varillas Eco Atelier N6,FALSE,Difusor de Varillas Eco Atelier N6,Comprar Difusor de Varillas Eco Atelier N6 en Atelier Minimal Store.,active
velas-aromas-incienso-natural-mate-7,Incienso Natural Mate Atelier N7,<p>Exquisito incienso natural elaborado artesanalmente. Tonos pastel suaves en verde y marron natural para la armonia de tu espacio.</p>,Atelier Store,Velas y Aromaterapia,"Velas y Aromaterapia, Minimalist, Eco, Atelier",TRUE,Title,Default Title,ATL-VEL-167,450,shopify,50,deny,manual,59.5,,TRUE,TRUE,,https://cdn.shopify.com/s/files/1/0533/2089/files/placeholder-images-product-1_large.png,1,Incienso Natural Mate Atelier N7,FALSE,Incienso Natural Mate Atelier N7,Comprar Incienso Natural Mate Atelier N7 en Atelier Minimal Store.,active
velas-aromas-spray-de-almohada-artesanal-8,Spray de Almohada Artesanal Atelier N8,<p>Exquisito spray de almohada elaborado artesanalmente. Tonos pastel suaves en verde y marron natural para la armonia de tu espacio.</p>,Atelier Store,Velas y Aromaterapia,"Velas y Aromaterapia, Minimalist, Eco, Atelier",TRUE,Title,Default Title,ATL-VEL-168,450,shopify,50,deny,manual,64.0,,TRUE,TRUE,,https://cdn.shopify.com/s/files/1/0533/2089/files/placeholder-images-image_large.png,1,Spray de Almohada Artesanal Atelier N8,FALSE,Spray de Almohada Artesanal Atelier N8,Comprar Spray de Almohada Artesanal Atelier N8 en Atelier Minimal Store.,active
velas-aromas-cera-aromatica-organico-9,Cera Aromatica Organico Atelier N9,<p>Exquisito cera aromatica elaborado artesanalmente. Tonos pastel suaves en verde y marron natural para la armonia de tu espacio.</p>,Atelier Store,Velas y Aromaterapia,"Velas y Aromaterapia, Minimalist, Eco, Atelier",TRUE,Title,Default Title,ATL-VEL-169,450,shopify,50,deny,manual,68.5,,TRUE,TRUE,,https://cdn.shopify.com/s/files/1/0533/2089/files/placeholder-images-lifestyle-1_large.png,1,Cera Aromatica Organico Atelier N9,FALSE,Cera Aromatica Organico Atelier N9,Comprar Cera Aromatica Organico Atelier N9 en Atelier Minimal Store.,active
velas-aromas-vela-de-soja-botanico-10,Vela de Soja Botanico Atelier N10,<p>Exquisito vela de soja elaborado artesanalmente. Tonos pastel suaves en verde y marron natural para la armonia de tu espacio.</p>,Atelier Store,Velas y Aromaterapia,"Velas y Aromaterapia, Minimalist, Eco, Atelier",TRUE,Title,Default Title,ATL-VEL-170,450,shopify,50,deny,manual,73.0,,TRUE,TRUE,,https://cdn.shopify.com/s/files/1/0533/2089/files/placeholder-images-product-1_large.png,1,Vela de Soja Botanico Atelier N10,FALSE,Vela de Soja Botanico Atelier N10,Comprar Vela de Soja Botanico Atelier N10 en Atelier Minimal Store.,active
velas-aromas-difusor-de-varillas-atelier-11,Difusor de Varillas Atelier Atelier N11,<p>Exquisito difusor de varillas elaborado artesanalmente. Tonos pastel suaves en verde y marron natural para la armonia de tu espacio.</p>,Atelier Store,Velas y Aromaterapia,"Velas y Aromaterapia, Minimalist, Eco, Atelier",TRUE,Title,Default Title,ATL-VEL-171,450,shopify,50,deny,manual,77.5,,TRUE,TRUE,,https://cdn.shopify.com/s/files/1/0533/2089/files/placeholder-images-image_large.png,1,Difusor de Varillas Atelier Atelier N11,FALSE,Difusor de Varillas Atelier Atelier N11,Comprar Difusor de Varillas Atelier Atelier N11 en Atelier Minimal Store.,active
velas-aromas-incienso-natural-pastel-12,Incienso Natural Pastel Atelier N12,<p>Exquisito incienso natural elaborado artesanalmente. Tonos pastel suaves en verde y marron natural para la armonia de tu espacio.</p>,Atelier Store,Velas y Aromaterapia,"Velas y Aromaterapia, Minimalist, Eco, Atelier",TRUE,Title,Default Title,ATL-VEL-172,450,shopify,50,deny,manual,82.0,,TRUE,TRUE,,https://cdn.shopify.com/s/files/1/0533/2089/files/placeholder-images-lifestyle-1_large.png,1,Incienso Natural Pastel Atelier N12,FALSE,Incienso Natural Pastel Atelier N12,Comprar Incienso Natural Pastel Atelier N12 en Atelier Minimal Store.,active
velas-aromas-spray-de-almohada-puro-13,Spray de Almohada Puro Atelier N13,<p>Exquisito spray de almohada elaborado artesanalmente. Tonos pastel suaves en verde y marron natural para la armonia de tu espacio.</p>,Atelier Store,Velas y Aromaterapia,"Velas y Aromaterapia, Minimalist, Eco, Atelier",TRUE,Title,Default Title,ATL-VEL-173,450,shopify,50,deny,manual,86.5,,TRUE,TRUE,,https://cdn.shopify.com/s/files/1/0533/2089/files/placeholder-images-product-1_large.png,1,Spray de Almohada Puro Atelier N13,FALSE,Spray de Almohada Puro Atelier N13,Comprar Spray de Almohada Puro Atelier N13 en Atelier Minimal Store.,active
velas-aromas-cera-aromatica-eco-14,Cera Aromatica Eco Atelier N14,<p>Exquisito cera aromatica elaborado artesanalmente. Tonos pastel suaves en verde y marron natural para la armonia de tu espacio.</p>,Atelier Store,Velas y Aromaterapia,"Velas y Aromaterapia, Minimalist, Eco, Atelier",TRUE,Title,Default Title,ATL-VEL-174,450,shopify,50,deny,manual,91.0,,TRUE,TRUE,,https://cdn.shopify.com/s/files/1/0533/2089/files/placeholder-images-image_large.png,1,Cera Aromatica Eco Atelier N14,FALSE,Cera Aromatica Eco Atelier N14,Comprar Cera Aromatica Eco Atelier N14 en Atelier Minimal Store.,active
velas-aromas-vela-de-soja-mate-15,Vela de Soja Mate Atelier N15,<p>Exquisito vela de soja elaborado artesanalmente. Tonos pastel suaves en verde y marron natural para la armonia de tu espacio.</p>,Atelier Store,Velas y Aromaterapia,"Velas y Aromaterapia, Minimalist, Eco, Atelier",TRUE,Title,Default Title,ATL-VEL-175,450,shopify,50,deny,manual,70.5,,TRUE,TRUE,,https://cdn.shopify.com/s/files/1/0533/2089/files/placeholder-images-lifestyle-1_large.png,1,Vela de Soja Mate Atelier N15,FALSE,Vela de Soja Mate Atelier N15,Comprar Vela de Soja Mate Atelier N15 en Atelier Minimal Store.,active
velas-aromas-difusor-de-varillas-artesanal-16,Difusor de Varillas Artesanal Atelier N16,<p>Exquisito difusor de varillas elaborado artesanalmente. Tonos pastel suaves en verde y marron natural para la armonia de tu espacio.</p>,Atelier Store,Velas y Aromaterapia,"Velas y Aromaterapia, Minimalist, Eco, Atelier",TRUE,Title,Default Title,ATL-VEL-176,450,shopify,50,deny,manual,75.0,,TRUE,TRUE,,https://cdn.shopify.com/s/files/1/0533/2089/files/placeholder-images-product-1_large.png,1,Difusor de Varillas Artesanal Atelier N16,FALSE,Difusor de Varillas Artesanal Atelier N16,Comprar Difusor de Varillas Artesanal Atelier N16 en Atelier Minimal Store.,active
velas-aromas-incienso-natural-organico-17,Incienso Natural Organico Atelier N17,<p>Exquisito incienso natural elaborado artesanalmente. Tonos pastel suaves en verde y marron natural para la armonia de tu espacio.</p>,Atelier Store,Velas y Aromaterapia,"Velas y Aromaterapia, Minimalist, Eco, Atelier",TRUE,Title,Default Title,ATL-VEL-177,450,shopify,50,deny,manual,79.5,,TRUE,TRUE,,https://cdn.shopify.com/s/files/1/0533/2089/files/placeholder-images-image_large.png,1,Incienso Natural Organico Atelier N17,FALSE,Incienso Natural Organico Atelier N17,Comprar Incienso Natural Organico Atelier N17 en Atelier Minimal Store.,active
velas-aromas-spray-de-almohada-botanico-18,Spray de Almohada Botanico Atelier N18,<p>Exquisito spray de almohada elaborado artesanalmente. Tonos pastel suaves en verde y marron natural para la armonia de tu espacio.</p>,Atelier Store,Velas y Aromaterapia,"Velas y Aromaterapia, Minimalist, Eco, Atelier",TRUE,Title,Default Title,ATL-VEL-178,450,shopify,50,deny,manual,84.0,,TRUE,TRUE,,https://cdn.shopify.com/s/files/1/0533/2089/files/placeholder-images-lifestyle-1_large.png,1,Spray de Almohada Botanico Atelier N18,FALSE,Spray de Almohada Botanico Atelier N18,Comprar Spray de Almohada Botanico Atelier N18 en Atelier Minimal Store.,active
velas-aromas-cera-aromatica-atelier-19,Cera Aromatica Atelier Atelier N19,<p>Exquisito cera aromatica elaborado artesanalmente. Tonos pastel suaves en verde y marron natural para la armonia de tu espacio.</p>,Atelier Store,Velas y Aromaterapia,"Velas y Aromaterapia, Minimalist, Eco, Atelier",TRUE,Title,Default Title,ATL-VEL-179,450,shopify,50,deny,manual,88.5,,TRUE,TRUE,,https://cdn.shopify.com/s/files/1/0533/2089/files/placeholder-images-product-1_large.png,1,Cera Aromatica Atelier Atelier N19,FALSE,Cera Aromatica Atelier Atelier N19,Comprar Cera Aromatica Atelier Atelier N19 en Atelier Minimal Store.,active
velas-aromas-vela-de-soja-pastel-20,Vela de Soja Pastel Atelier N20,<p>Exquisito vela de soja elaborado artesanalmente. Tonos pastel suaves en verde y marron natural para la armonia de tu espacio.</p>,Atelier Store,Velas y Aromaterapia,"Velas y Aromaterapia, Minimalist, Eco, Atelier",TRUE,Title,Default Title,ATL-VEL-180,450,shopify,50,deny,manual,93.0,,TRUE,TRUE,,https://cdn.shopify.com/s/files/1/0533/2089/files/placeholder-images-image_large.png,1,Vela de Soja Pastel Atelier N20,FALSE,Vela de Soja Pastel Atelier N20,Comprar Vela de Soja Pastel Atelier N20 en Atelier Minimal Store.,active
accesorios-bambu-set-de-cubiertos-atelier-1,Set de Cubiertos Atelier Atelier N1,<p>Exquisito set de cubiertos elaborado artesanalmente. Tonos pastel suaves en verde y marron natural para la armonia de tu espacio.</p>,Atelier Store,Accesorios de Bambu,"Accesorios de Bambu, Minimalist, Eco, Atelier",TRUE,Title,Default Title,ATL-ACC-181,450,shopify,50,deny,manual,27.5,,TRUE,TRUE,,https://cdn.shopify.com/s/files/1/0533/2089/files/placeholder-images-lifestyle-1_large.png,1,Set de Cubiertos Atelier Atelier N1,FALSE,Set de Cubiertos Atelier Atelier N1,Comprar Set de Cubiertos Atelier Atelier N1 en Atelier Minimal Store.,active
accesorios-bambu-tabla-de-cortar-pastel-2,Tabla de Cortar Pastel Atelier N2,<p>Exquisito tabla de cortar elaborado artesanalmente. Tonos pastel suaves en verde y marron natural para la armonia de tu espacio.</p>,Atelier Store,Accesorios de Bambu,"Accesorios de Bambu, Minimalist, Eco, Atelier",TRUE,Title,Default Title,ATL-ACC-182,450,shopify,50,deny,manual,32.0,,TRUE,TRUE,,https://cdn.shopify.com/s/files/1/0533/2089/files/placeholder-images-product-1_large.png,1,Tabla de Cortar Pastel Atelier N2,FALSE,Tabla de Cortar Pastel Atelier N2,Comprar Tabla de Cortar Pastel Atelier N2 en Atelier Minimal Store.,active
accesorios-bambu-organizador-puro-3,Organizador Puro Atelier N3,<p>Exquisito organizador elaborado artesanalmente. Tonos pastel suaves en verde y marron natural para la armonia de tu espacio.</p>,Atelier Store,Accesorios de Bambu,"Accesorios de Bambu, Minimalist, Eco, Atelier",TRUE,Title,Default Title,ATL-ACC-183,450,shopify,50,deny,manual,36.5,,TRUE,TRUE,,https://cdn.shopify.com/s/files/1/0533/2089/files/placeholder-images-image_large.png,1,Organizador Puro Atelier N3,FALSE,Organizador Puro Atelier N3,Comprar Organizador Puro Atelier N3 en Atelier Minimal Store.,active
accesorios-bambu-especiero-eco-4,Especiero Eco Atelier N4,<p>Exquisito especiero elaborado artesanalmente. Tonos pastel suaves en verde y marron natural para la armonia de tu espacio.</p>,Atelier Store,Accesorios de Bambu,"Accesorios de Bambu, Minimalist, Eco, Atelier",TRUE,Title,Default Title,ATL-ACC-184,450,shopify,50,deny,manual,41.0,,TRUE,TRUE,,https://cdn.shopify.com/s/files/1/0533/2089/files/placeholder-images-lifestyle-1_large.png,1,Especiero Eco Atelier N4,FALSE,Especiero Eco Atelier N4,Comprar Especiero Eco Atelier N4 en Atelier Minimal Store.,active
accesorios-bambu-cepillo-mate-5,Cepillo Mate Atelier N5,<p>Exquisito cepillo elaborado artesanalmente. Tonos pastel suaves en verde y marron natural para la armonia de tu espacio.</p>,Atelier Store,Accesorios de Bambu,"Accesorios de Bambu, Minimalist, Eco, Atelier",TRUE,Title,Default Title,ATL-ACC-185,450,shopify,50,deny,manual,45.5,,TRUE,TRUE,,https://cdn.shopify.com/s/files/1/0533/2089/files/placeholder-images-product-1_large.png,1,Cepillo Mate Atelier N5,FALSE,Cepillo Mate Atelier N5,Comprar Cepillo Mate Atelier N5 en Atelier Minimal Store.,active
accesorios-bambu-set-de-cubiertos-artesanal-6,Set de Cubiertos Artesanal Atelier N6,<p>Exquisito set de cubiertos elaborado artesanalmente. Tonos pastel suaves en verde y marron natural para la armonia de tu espacio.</p>,Atelier Store,Accesorios de Bambu,"Accesorios de Bambu, Minimalist, Eco, Atelier",TRUE,Title,Default Title,ATL-ACC-186,450,shopify,50,deny,manual,50.0,,TRUE,TRUE,,https://cdn.shopify.com/s/files/1/0533/2089/files/placeholder-images-image_large.png,1,Set de Cubiertos Artesanal Atelier N6,FALSE,Set de Cubiertos Artesanal Atelier N6,Comprar Set de Cubiertos Artesanal Atelier N6 en Atelier Minimal Store.,active
accesorios-bambu-tabla-de-cortar-organico-7,Tabla de Cortar Organico Atelier N7,<p>Exquisito tabla de cortar elaborado artesanalmente. Tonos pastel suaves en verde y marron natural para la armonia de tu espacio.</p>,Atelier Store,Accesorios de Bambu,"Accesorios de Bambu, Minimalist, Eco, Atelier",TRUE,Title,Default Title,ATL-ACC-187,450,shopify,50,deny,manual,54.5,,TRUE,TRUE,,https://cdn.shopify.com/s/files/1/0533/2089/files/placeholder-images-lifestyle-1_large.png,1,Tabla de Cortar Organico Atelier N7,FALSE,Tabla de Cortar Organico Atelier N7,Comprar Tabla de Cortar Organico Atelier N7 en Atelier Minimal Store.,active
accesorios-bambu-organizador-botanico-8,Organizador Botanico Atelier N8,<p>Exquisito organizador elaborado artesanalmente. Tonos pastel suaves en verde y marron natural para la armonia de tu espacio.</p>,Atelier Store,Accesorios de Bambu,"Accesorios de Bambu, Minimalist, Eco, Atelier",TRUE,Title,Default Title,ATL-ACC-188,450,shopify,50,deny,manual,59.0,,TRUE,TRUE,,https://cdn.shopify.com/s/files/1/0533/2089/files/placeholder-images-product-1_large.png,1,Organizador Botanico Atelier N8,FALSE,Organizador Botanico Atelier N8,Comprar Organizador Botanico Atelier N8 en Atelier Minimal Store.,active
accesorios-bambu-especiero-atelier-9,Especiero Atelier Atelier N9,<p>Exquisito especiero elaborado artesanalmente. Tonos pastel suaves en verde y marron natural para la armonia de tu espacio.</p>,Atelier Store,Accesorios de Bambu,"Accesorios de Bambu, Minimalist, Eco, Atelier",TRUE,Title,Default Title,ATL-ACC-189,450,shopify,50,deny,manual,63.5,,TRUE,TRUE,,https://cdn.shopify.com/s/files/1/0533/2089/files/placeholder-images-image_large.png,1,Especiero Atelier Atelier N9,FALSE,Especiero Atelier Atelier N9,Comprar Especiero Atelier Atelier N9 en Atelier Minimal Store.,active
accesorios-bambu-cepillo-pastel-10,Cepillo Pastel Atelier N10,<p>Exquisito cepillo elaborado artesanalmente. Tonos pastel suaves en verde y marron natural para la armonia de tu espacio.</p>,Atelier Store,Accesorios de Bambu,"Accesorios de Bambu, Minimalist, Eco, Atelier",TRUE,Title,Default Title,ATL-ACC-190,450,shopify,50,deny,manual,68.0,,TRUE,TRUE,,https://cdn.shopify.com/s/files/1/0533/2089/files/placeholder-images-lifestyle-1_large.png,1,Cepillo Pastel Atelier N10,FALSE,Cepillo Pastel Atelier N10,Comprar Cepillo Pastel Atelier N10 en Atelier Minimal Store.,active
accesorios-bambu-set-de-cubiertos-puro-11,Set de Cubiertos Puro Atelier N11,<p>Exquisito set de cubiertos elaborado artesanalmente. Tonos pastel suaves en verde y marron natural para la armonia de tu espacio.</p>,Atelier Store,Accesorios de Bambu,"Accesorios de Bambu, Minimalist, Eco, Atelier",TRUE,Title,Default Title,ATL-ACC-191,450,shopify,50,deny,manual,72.5,,TRUE,TRUE,,https://cdn.shopify.com/s/files/1/0533/2089/files/placeholder-images-product-1_large.png,1,Set de Cubiertos Puro Atelier N11,FALSE,Set de Cubiertos Puro Atelier N11,Comprar Set de Cubiertos Puro Atelier N11 en Atelier Minimal Store.,active
accesorios-bambu-tabla-de-cortar-eco-12,Tabla de Cortar Eco Atelier N12,<p>Exquisito tabla de cortar elaborado artesanalmente. Tonos pastel suaves en verde y marron natural para la armonia de tu espacio.</p>,Atelier Store,Accesorios de Bambu,"Accesorios de Bambu, Minimalist, Eco, Atelier",TRUE,Title,Default Title,ATL-ACC-192,450,shopify,50,deny,manual,77.0,,TRUE,TRUE,,https://cdn.shopify.com/s/files/1/0533/2089/files/placeholder-images-image_large.png,1,Tabla de Cortar Eco Atelier N12,FALSE,Tabla de Cortar Eco Atelier N12,Comprar Tabla de Cortar Eco Atelier N12 en Atelier Minimal Store.,active
accesorios-bambu-organizador-mate-13,Organizador Mate Atelier N13,<p>Exquisito organizador elaborado artesanalmente. Tonos pastel suaves en verde y marron natural para la armonia de tu espacio.</p>,Atelier Store,Accesorios de Bambu,"Accesorios de Bambu, Minimalist, Eco, Atelier",TRUE,Title,Default Title,ATL-ACC-193,450,shopify,50,deny,manual,81.5,,TRUE,TRUE,,https://cdn.shopify.com/s/files/1/0533/2089/files/placeholder-images-lifestyle-1_large.png,1,Organizador Mate Atelier N13,FALSE,Organizador Mate Atelier N13,Comprar Organizador Mate Atelier N13 en Atelier Minimal Store.,active
accesorios-bambu-especiero-artesanal-14,Especiero Artesanal Atelier N14,<p>Exquisito especiero elaborado artesanalmente. Tonos pastel suaves en verde y marron natural para la armonia de tu espacio.</p>,Atelier Store,Accesorios de Bambu,"Accesorios de Bambu, Minimalist, Eco, Atelier",TRUE,Title,Default Title,ATL-ACC-194,450,shopify,50,deny,manual,86.0,,TRUE,TRUE,,https://cdn.shopify.com/s/files/1/0533/2089/files/placeholder-images-product-1_large.png,1,Especiero Artesanal Atelier N14,FALSE,Especiero Artesanal Atelier N14,Comprar Especiero Artesanal Atelier N14 en Atelier Minimal Store.,active
accesorios-bambu-cepillo-organico-15,Cepillo Organico Atelier N15,<p>Exquisito cepillo elaborado artesanalmente. Tonos pastel suaves en verde y marron natural para la armonia de tu espacio.</p>,Atelier Store,Accesorios de Bambu,"Accesorios de Bambu, Minimalist, Eco, Atelier",TRUE,Title,Default Title,ATL-ACC-195,450,shopify,50,deny,manual,90.5,,TRUE,TRUE,,https://cdn.shopify.com/s/files/1/0533/2089/files/placeholder-images-image_large.png,1,Cepillo Organico Atelier N15,FALSE,Cepillo Organico Atelier N15,Comprar Cepillo Organico Atelier N15 en Atelier Minimal Store.,active
accesorios-bambu-set-de-cubiertos-botanico-16,Set de Cubiertos Botanico Atelier N16,<p>Exquisito set de cubiertos elaborado artesanalmente. Tonos pastel suaves en verde y marron natural para la armonia de tu espacio.</p>,Atelier Store,Accesorios de Bambu,"Accesorios de Bambu, Minimalist, Eco, Atelier",TRUE,Title,Default Title,ATL-ACC-196,450,shopify,50,deny,manual,95.0,,TRUE,TRUE,,https://cdn.shopify.com/s/files/1/0533/2089/files/placeholder-images-lifestyle-1_large.png,1,Set de Cubiertos Botanico Atelier N16,FALSE,Set de Cubiertos Botanico Atelier N16,Comprar Set de Cubiertos Botanico Atelier N16 en Atelier Minimal Store.,active
accesorios-bambu-tabla-de-cortar-atelier-17,Tabla de Cortar Atelier Atelier N17,<p>Exquisito tabla de cortar elaborado artesanalmente. Tonos pastel suaves en verde y marron natural para la armonia de tu espacio.</p>,Atelier Store,Accesorios de Bambu,"Accesorios de Bambu, Minimalist, Eco, Atelier",TRUE,Title,Default Title,ATL-ACC-197,450,shopify,50,deny,manual,99.5,,TRUE,TRUE,,https://cdn.shopify.com/s/files/1/0533/2089/files/placeholder-images-product-1_large.png,1,Tabla de Cortar Atelier Atelier N17,FALSE,Tabla de Cortar Atelier Atelier N17,Comprar Tabla de Cortar Atelier Atelier N17 en Atelier Minimal Store.,active
accesorios-bambu-organizador-pastel-18,Organizador Pastel Atelier N18,<p>Exquisito organizador elaborado artesanalmente. Tonos pastel suaves en verde y marron natural para la armonia de tu espacio.</p>,Atelier Store,Accesorios de Bambu,"Accesorios de Bambu, Minimalist, Eco, Atelier",TRUE,Title,Default Title,ATL-ACC-198,450,shopify,50,deny,manual,104.0,,TRUE,TRUE,,https://cdn.shopify.com/s/files/1/0533/2089/files/placeholder-images-image_large.png,1,Organizador Pastel Atelier N18,FALSE,Organizador Pastel Atelier N18,Comprar Organizador Pastel Atelier N18 en Atelier Minimal Store.,active
accesorios-bambu-especiero-puro-19,Especiero Puro Atelier N19,<p>Exquisito especiero elaborado artesanalmente. Tonos pastel suaves en verde y marron natural para la armonia de tu espacio.</p>,Atelier Store,Accesorios de Bambu,"Accesorios de Bambu, Minimalist, Eco, Atelier",TRUE,Title,Default Title,ATL-ACC-199,450,shopify,50,deny,manual,108.5,,TRUE,TRUE,,https://cdn.shopify.com/s/files/1/0533/2089/files/placeholder-images-lifestyle-1_large.png,1,Especiero Puro Atelier N19,FALSE,Especiero Puro Atelier N19,Comprar Especiero Puro Atelier N19 en Atelier Minimal Store.,active
accesorios-bambu-cepillo-eco-20,Cepillo Eco Atelier N20,<p>Exquisito cepillo elaborado artesanalmente. Tonos pastel suaves en verde y marron natural para la armonia de tu espacio.</p>,Atelier Store,Accesorios de Bambu,"Accesorios de Bambu, Minimalist, Eco, Atelier",TRUE,Title,Default Title,ATL-ACC-200,450,shopify,50,deny,manual,88.0,,TRUE,TRUE,,https://cdn.shopify.com/s/files/1/0533/2089/files/placeholder-images-product-1_large.png,1,Cepillo Eco Atelier N20,FALSE,Cepillo Eco Atelier N20,Comprar Cepillo Eco Atelier N20 en Atelier Minimal Store.,active
iluminacion-warm-farol-de-papel-puro-1,Farol de Papel Puro Atelier N1,<p>Exquisito farol de papel elaborado artesanalmente. Tonos pastel suaves en verde y marron natural para la armonia de tu espacio.</p>,Atelier Store,Iluminacion Calida,"Iluminacion Calida, Minimalist, Eco, Atelier",TRUE,Title,Default Title,ATL-ILU-201,450,shopify,50,deny,manual,22.5,,TRUE,TRUE,,https://cdn.shopify.com/s/files/1/0533/2089/files/placeholder-images-image_large.png,1,Farol de Papel Puro Atelier N1,FALSE,Farol de Papel Puro Atelier N1,Comprar Farol de Papel Puro Atelier N1 en Atelier Minimal Store.,active
iluminacion-warm-aplique-pared-eco-2,Aplique Pared Eco Atelier N2,<p>Exquisito aplique pared elaborado artesanalmente. Tonos pastel suaves en verde y marron natural para la armonia de tu espacio.</p>,Atelier Store,Iluminacion Calida,"Iluminacion Calida, Minimalist, Eco, Atelier",TRUE,Title,Default Title,ATL-ILU-202,450,shopify,50,deny,manual,27.0,,TRUE,TRUE,,https://cdn.shopify.com/s/files/1/0533/2089/files/placeholder-images-lifestyle-1_large.png,1,Aplique Pared Eco Atelier N2,FALSE,Aplique Pared Eco Atelier N2,Comprar Aplique Pared Eco Atelier N2 en Atelier Minimal Store.,active
iluminacion-warm-vela-led-mate-3,Vela LED Mate Atelier N3,<p>Exquisito vela led elaborado artesanalmente. Tonos pastel suaves en verde y marron natural para la armonia de tu espacio.</p>,Atelier Store,Iluminacion Calida,"Iluminacion Calida, Minimalist, Eco, Atelier",TRUE,Title,Default Title,ATL-ILU-203,450,shopify,50,deny,manual,31.5,,TRUE,TRUE,,https://cdn.shopify.com/s/files/1/0533/2089/files/placeholder-images-product-1_large.png,1,Vela LED Mate Atelier N3,FALSE,Vela LED Mate Atelier N3,Comprar Vela LED Mate Atelier N3 en Atelier Minimal Store.,active
iluminacion-warm-foco-calido-artesanal-4,Foco Calido Artesanal Atelier N4,<p>Exquisito foco calido elaborado artesanalmente. Tonos pastel suaves en verde y marron natural para la armonia de tu espacio.</p>,Atelier Store,Iluminacion Calida,"Iluminacion Calida, Minimalist, Eco, Atelier",TRUE,Title,Default Title,ATL-ILU-204,450,shopify,50,deny,manual,36.0,,TRUE,TRUE,,https://cdn.shopify.com/s/files/1/0533/2089/files/placeholder-images-image_large.png,1,Foco Calido Artesanal Atelier N4,FALSE,Foco Calido Artesanal Atelier N4,Comprar Foco Calido Artesanal Atelier N4 en Atelier Minimal Store.,active
iluminacion-warm-lampara-de-mesa-organico-5,Lampara de Mesa Organico Atelier N5,<p>Exquisito lampara de mesa elaborado artesanalmente. Tonos pastel suaves en verde y marron natural para la armonia de tu espacio.</p>,Atelier Store,Iluminacion Calida,"Iluminacion Calida, Minimalist, Eco, Atelier",TRUE,Title,Default Title,ATL-ILU-205,450,shopify,50,deny,manual,40.5,,TRUE,TRUE,,https://cdn.shopify.com/s/files/1/0533/2089/files/placeholder-images-lifestyle-1_large.png,1,Lampara de Mesa Organico Atelier N5,FALSE,Lampara de Mesa Organico Atelier N5,Comprar Lampara de Mesa Organico Atelier N5 en Atelier Minimal Store.,active
iluminacion-warm-farol-de-papel-botanico-6,Farol de Papel Botanico Atelier N6,<p>Exquisito farol de papel elaborado artesanalmente. Tonos pastel suaves en verde y marron natural para la armonia de tu espacio.</p>,Atelier Store,Iluminacion Calida,"Iluminacion Calida, Minimalist, Eco, Atelier",TRUE,Title,Default Title,ATL-ILU-206,450,shopify,50,deny,manual,45.0,,TRUE,TRUE,,https://cdn.shopify.com/s/files/1/0533/2089/files/placeholder-images-product-1_large.png,1,Farol de Papel Botanico Atelier N6,FALSE,Farol de Papel Botanico Atelier N6,Comprar Farol de Papel Botanico Atelier N6 en Atelier Minimal Store.,active
iluminacion-warm-aplique-pared-atelier-7,Aplique Pared Atelier Atelier N7,<p>Exquisito aplique pared elaborado artesanalmente. Tonos pastel suaves en verde y marron natural para la armonia de tu espacio.</p>,Atelier Store,Iluminacion Calida,"Iluminacion Calida, Minimalist, Eco, Atelier",TRUE,Title,Default Title,ATL-ILU-207,450,shopify,50,deny,manual,49.5,,TRUE,TRUE,,https://cdn.shopify.com/s/files/1/0533/2089/files/placeholder-images-image_large.png,1,Aplique Pared Atelier Atelier N7,FALSE,Aplique Pared Atelier Atelier N7,Comprar Aplique Pared Atelier Atelier N7 en Atelier Minimal Store.,active
iluminacion-warm-vela-led-pastel-8,Vela LED Pastel Atelier N8,<p>Exquisito vela led elaborado artesanalmente. Tonos pastel suaves en verde y marron natural para la armonia de tu espacio.</p>,Atelier Store,Iluminacion Calida,"Iluminacion Calida, Minimalist, Eco, Atelier",TRUE,Title,Default Title,ATL-ILU-208,450,shopify,50,deny,manual,54.0,,TRUE,TRUE,,https://cdn.shopify.com/s/files/1/0533/2089/files/placeholder-images-lifestyle-1_large.png,1,Vela LED Pastel Atelier N8,FALSE,Vela LED Pastel Atelier N8,Comprar Vela LED Pastel Atelier N8 en Atelier Minimal Store.,active
iluminacion-warm-foco-calido-puro-9,Foco Calido Puro Atelier N9,<p>Exquisito foco calido elaborado artesanalmente. Tonos pastel suaves en verde y marron natural para la armonia de tu espacio.</p>,Atelier Store,Iluminacion Calida,"Iluminacion Calida, Minimalist, Eco, Atelier",TRUE,Title,Default Title,ATL-ILU-209,450,shopify,50,deny,manual,58.5,,TRUE,TRUE,,https://cdn.shopify.com/s/files/1/0533/2089/files/placeholder-images-product-1_large.png,1,Foco Calido Puro Atelier N9,FALSE,Foco Calido Puro Atelier N9,Comprar Foco Calido Puro Atelier N9 en Atelier Minimal Store.,active
iluminacion-warm-lampara-de-mesa-eco-10,Lampara de Mesa Eco Atelier N10,<p>Exquisito lampara de mesa elaborado artesanalmente. Tonos pastel suaves en verde y marron natural para la armonia de tu espacio.</p>,Atelier Store,Iluminacion Calida,"Iluminacion Calida, Minimalist, Eco, Atelier",TRUE,Title,Default Title,ATL-ILU-210,450,shopify,50,deny,manual,63.0,,TRUE,TRUE,,https://cdn.shopify.com/s/files/1/0533/2089/files/placeholder-images-image_large.png,1,Lampara de Mesa Eco Atelier N10,FALSE,Lampara de Mesa Eco Atelier N10,Comprar Lampara de Mesa Eco Atelier N10 en Atelier Minimal Store.,active
iluminacion-warm-farol-de-papel-mate-11,Farol de Papel Mate Atelier N11,<p>Exquisito farol de papel elaborado artesanalmente. Tonos pastel suaves en verde y marron natural para la armonia de tu espacio.</p>,Atelier Store,Iluminacion Calida,"Iluminacion Calida, Minimalist, Eco, Atelier",TRUE,Title,Default Title,ATL-ILU-211,450,shopify,50,deny,manual,67.5,,TRUE,TRUE,,https://cdn.shopify.com/s/files/1/0533/2089/files/placeholder-images-lifestyle-1_large.png,1,Farol de Papel Mate Atelier N11,FALSE,Farol de Papel Mate Atelier N11,Comprar Farol de Papel Mate Atelier N11 en Atelier Minimal Store.,active
iluminacion-warm-aplique-pared-artesanal-12,Aplique Pared Artesanal Atelier N12,<p>Exquisito aplique pared elaborado artesanalmente. Tonos pastel suaves en verde y marron natural para la armonia de tu espacio.</p>,Atelier Store,Iluminacion Calida,"Iluminacion Calida, Minimalist, Eco, Atelier",TRUE,Title,Default Title,ATL-ILU-212,450,shopify,50,deny,manual,72.0,,TRUE,TRUE,,https://cdn.shopify.com/s/files/1/0533/2089/files/placeholder-images-product-1_large.png,1,Aplique Pared Artesanal Atelier N12,FALSE,Aplique Pared Artesanal Atelier N12,Comprar Aplique Pared Artesanal Atelier N12 en Atelier Minimal Store.,active
iluminacion-warm-vela-led-organico-13,Vela LED Organico Atelier N13,<p>Exquisito vela led elaborado artesanalmente. Tonos pastel suaves en verde y marron natural para la armonia de tu espacio.</p>,Atelier Store,Iluminacion Calida,"Iluminacion Calida, Minimalist, Eco, Atelier",TRUE,Title,Default Title,ATL-ILU-213,450,shopify,50,deny,manual,76.5,,TRUE,TRUE,,https://cdn.shopify.com/s/files/1/0533/2089/files/placeholder-images-image_large.png,1,Vela LED Organico Atelier N13,FALSE,Vela LED Organico Atelier N13,Comprar Vela LED Organico Atelier N13 en Atelier Minimal Store.,active
iluminacion-warm-foco-calido-botanico-14,Foco Calido Botanico Atelier N14,<p>Exquisito foco calido elaborado artesanalmente. Tonos pastel suaves en verde y marron natural para la armonia de tu espacio.</p>,Atelier Store,Iluminacion Calida,"Iluminacion Calida, Minimalist, Eco, Atelier",TRUE,Title,Default Title,ATL-ILU-214,450,shopify,50,deny,manual,81.0,,TRUE,TRUE,,https://cdn.shopify.com/s/files/1/0533/2089/files/placeholder-images-lifestyle-1_large.png,1,Foco Calido Botanico Atelier N14,FALSE,Foco Calido Botanico Atelier N14,Comprar Foco Calido Botanico Atelier N14 en Atelier Minimal Store.,active
iluminacion-warm-lampara-de-mesa-atelier-15,Lampara de Mesa Atelier Atelier N15,<p>Exquisito lampara de mesa elaborado artesanalmente. Tonos pastel suaves en verde y marron natural para la armonia de tu espacio.</p>,Atelier Store,Iluminacion Calida,"Iluminacion Calida, Minimalist, Eco, Atelier",TRUE,Title,Default Title,ATL-ILU-215,450,shopify,50,deny,manual,85.5,,TRUE,TRUE,,https://cdn.shopify.com/s/files/1/0533/2089/files/placeholder-images-product-1_large.png,1,Lampara de Mesa Atelier Atelier N15,FALSE,Lampara de Mesa Atelier Atelier N15,Comprar Lampara de Mesa Atelier Atelier N15 en Atelier Minimal Store.,active
iluminacion-warm-farol-de-papel-pastel-16,Farol de Papel Pastel Atelier N16,<p>Exquisito farol de papel elaborado artesanalmente. Tonos pastel suaves en verde y marron natural para la armonia de tu espacio.</p>,Atelier Store,Iluminacion Calida,"Iluminacion Calida, Minimalist, Eco, Atelier",TRUE,Title,Default Title,ATL-ILU-216,450,shopify,50,deny,manual,90.0,,TRUE,TRUE,,https://cdn.shopify.com/s/files/1/0533/2089/files/placeholder-images-image_large.png,1,Farol de Papel Pastel Atelier N16,FALSE,Farol de Papel Pastel Atelier N16,Comprar Farol de Papel Pastel Atelier N16 en Atelier Minimal Store.,active
iluminacion-warm-aplique-pared-puro-17,Aplique Pared Puro Atelier N17,<p>Exquisito aplique pared elaborado artesanalmente. Tonos pastel suaves en verde y marron natural para la armonia de tu espacio.</p>,Atelier Store,Iluminacion Calida,"Iluminacion Calida, Minimalist, Eco, Atelier",TRUE,Title,Default Title,ATL-ILU-217,450,shopify,50,deny,manual,94.5,,TRUE,TRUE,,https://cdn.shopify.com/s/files/1/0533/2089/files/placeholder-images-lifestyle-1_large.png,1,Aplique Pared Puro Atelier N17,FALSE,Aplique Pared Puro Atelier N17,Comprar Aplique Pared Puro Atelier N17 en Atelier Minimal Store.,active
iluminacion-warm-vela-led-eco-18,Vela LED Eco Atelier N18,<p>Exquisito vela led elaborado artesanalmente. Tonos pastel suaves en verde y marron natural para la armonia de tu espacio.</p>,Atelier Store,Iluminacion Calida,"Iluminacion Calida, Minimalist, Eco, Atelier",TRUE,Title,Default Title,ATL-ILU-218,450,shopify,50,deny,manual,99.0,,TRUE,TRUE,,https://cdn.shopify.com/s/files/1/0533/2089/files/placeholder-images-product-1_large.png,1,Vela LED Eco Atelier N18,FALSE,Vela LED Eco Atelier N18,Comprar Vela LED Eco Atelier N18 en Atelier Minimal Store.,active
iluminacion-warm-foco-calido-mate-19,Foco Calido Mate Atelier N19,<p>Exquisito foco calido elaborado artesanalmente. Tonos pastel suaves en verde y marron natural para la armonia de tu espacio.</p>,Atelier Store,Iluminacion Calida,"Iluminacion Calida, Minimalist, Eco, Atelier",TRUE,Title,Default Title,ATL-ILU-219,450,shopify,50,deny,manual,103.5,,TRUE,TRUE,,https://cdn.shopify.com/s/files/1/0533/2089/files/placeholder-images-image_large.png,1,Foco Calido Mate Atelier N19,FALSE,Foco Calido Mate Atelier N19,Comprar Foco Calido Mate Atelier N19 en Atelier Minimal Store.,active
iluminacion-warm-lampara-de-mesa-artesanal-20,Lampara de Mesa Artesanal Atelier N20,<p>Exquisito lampara de mesa elaborado artesanalmente. Tonos pastel suaves en verde y marron natural para la armonia de tu espacio.</p>,Atelier Store,Iluminacion Calida,"Iluminacion Calida, Minimalist, Eco, Atelier",TRUE,Title,Default Title,ATL-ILU-220,450,shopify,50,deny,manual,108.0,,TRUE,TRUE,,https://cdn.shopify.com/s/files/1/0533/2089/files/placeholder-images-lifestyle-1_large.png,1,Lampara de Mesa Artesanal Atelier N20,FALSE,Lampara de Mesa Artesanal Atelier N20,Comprar Lampara de Mesa Artesanal Atelier N20 en Atelier Minimal Store.,active
vajillas-ceramica-plato-trinchero-mate-1,Plato Trinchero Mate Atelier N1,<p>Exquisito plato trinchero elaborado artesanalmente. Tonos pastel suaves en verde y marron natural para la armonia de tu espacio.</p>,Atelier Store,Vajillas de Ceramica,"Vajillas de Ceramica, Minimalist, Eco, Atelier",TRUE,Title,Default Title,ATL-VAJ-221,450,shopify,50,deny,manual,42.5,,TRUE,TRUE,,https://cdn.shopify.com/s/files/1/0533/2089/files/placeholder-images-product-1_large.png,1,Plato Trinchero Mate Atelier N1,FALSE,Plato Trinchero Mate Atelier N1,Comprar Plato Trinchero Mate Atelier N1 en Atelier Minimal Store.,active
vajillas-ceramica-tazon-de-avena-artesanal-2,Tazon de Avena Artesanal Atelier N2,<p>Exquisito tazon de avena elaborado artesanalmente. Tonos pastel suaves en verde y marron natural para la armonia de tu espacio.</p>,Atelier Store,Vajillas de Ceramica,"Vajillas de Ceramica, Minimalist, Eco, Atelier",TRUE,Title,Default Title,ATL-VAJ-222,450,shopify,50,deny,manual,47.0,,TRUE,TRUE,,https://cdn.shopify.com/s/files/1/0533/2089/files/placeholder-images-image_large.png,1,Tazon de Avena Artesanal Atelier N2,FALSE,Tazon de Avena Artesanal Atelier N2,Comprar Tazon de Avena Artesanal Atelier N2 en Atelier Minimal Store.,active
vajillas-ceramica-jarra-de-agua-organico-3,Jarra de Agua Organico Atelier N3,<p>Exquisito jarra de agua elaborado artesanalmente. Tonos pastel suaves en verde y marron natural para la armonia de tu espacio.</p>,Atelier Store,Vajillas de Ceramica,"Vajillas de Ceramica, Minimalist, Eco, Atelier",TRUE,Title,Default Title,ATL-VAJ-223,450,shopify,50,deny,manual,51.5,,TRUE,TRUE,,https://cdn.shopify.com/s/files/1/0533/2089/files/placeholder-images-lifestyle-1_large.png,1,Jarra de Agua Organico Atelier N3,FALSE,Jarra de Agua Organico Atelier N3,Comprar Jarra de Agua Organico Atelier N3 en Atelier Minimal Store.,active
vajillas-ceramica-plato-postre-botanico-4,Plato Postre Botanico Atelier N4,<p>Exquisito plato postre elaborado artesanalmente. Tonos pastel suaves en verde y marron natural para la armonia de tu espacio.</p>,Atelier Store,Vajillas de Ceramica,"Vajillas de Ceramica, Minimalist, Eco, Atelier",TRUE,Title,Default Title,ATL-VAJ-224,450,shopify,50,deny,manual,56.0,,TRUE,TRUE,,https://cdn.shopify.com/s/files/1/0533/2089/files/placeholder-images-product-1_large.png,1,Plato Postre Botanico Atelier N4,FALSE,Plato Postre Botanico Atelier N4,Comprar Plato Postre Botanico Atelier N4 en Atelier Minimal Store.,active
vajillas-ceramica-taza-de-cafe-atelier-5,Taza de Cafe Atelier Atelier N5,<p>Exquisito taza de cafe elaborado artesanalmente. Tonos pastel suaves en verde y marron natural para la armonia de tu espacio.</p>,Atelier Store,Vajillas de Ceramica,"Vajillas de Ceramica, Minimalist, Eco, Atelier",TRUE,Title,Default Title,ATL-VAJ-225,450,shopify,50,deny,manual,35.5,,TRUE,TRUE,,https://cdn.shopify.com/s/files/1/0533/2089/files/placeholder-images-image_large.png,1,Taza de Cafe Atelier Atelier N5,FALSE,Taza de Cafe Atelier Atelier N5,Comprar Taza de Cafe Atelier Atelier N5 en Atelier Minimal Store.,active
vajillas-ceramica-plato-trinchero-pastel-6,Plato Trinchero Pastel Atelier N6,<p>Exquisito plato trinchero elaborado artesanalmente. Tonos pastel suaves en verde y marron natural para la armonia de tu espacio.</p>,Atelier Store,Vajillas de Ceramica,"Vajillas de Ceramica, Minimalist, Eco, Atelier",TRUE,Title,Default Title,ATL-VAJ-226,450,shopify,50,deny,manual,40.0,,TRUE,TRUE,,https://cdn.shopify.com/s/files/1/0533/2089/files/placeholder-images-lifestyle-1_large.png,1,Plato Trinchero Pastel Atelier N6,FALSE,Plato Trinchero Pastel Atelier N6,Comprar Plato Trinchero Pastel Atelier N6 en Atelier Minimal Store.,active
vajillas-ceramica-tazon-de-avena-puro-7,Tazon de Avena Puro Atelier N7,<p>Exquisito tazon de avena elaborado artesanalmente. Tonos pastel suaves en verde y marron natural para la armonia de tu espacio.</p>,Atelier Store,Vajillas de Ceramica,"Vajillas de Ceramica, Minimalist, Eco, Atelier",TRUE,Title,Default Title,ATL-VAJ-227,450,shopify,50,deny,manual,44.5,,TRUE,TRUE,,https://cdn.shopify.com/s/files/1/0533/2089/files/placeholder-images-product-1_large.png,1,Tazon de Avena Puro Atelier N7,FALSE,Tazon de Avena Puro Atelier N7,Comprar Tazon de Avena Puro Atelier N7 en Atelier Minimal Store.,active
vajillas-ceramica-jarra-de-agua-eco-8,Jarra de Agua Eco Atelier N8,<p>Exquisito jarra de agua elaborado artesanalmente. Tonos pastel suaves en verde y marron natural para la armonia de tu espacio.</p>,Atelier Store,Vajillas de Ceramica,"Vajillas de Ceramica, Minimalist, Eco, Atelier",TRUE,Title,Default Title,ATL-VAJ-228,450,shopify,50,deny,manual,49.0,,TRUE,TRUE,,https://cdn.shopify.com/s/files/1/0533/2089/files/placeholder-images-image_large.png,1,Jarra de Agua Eco Atelier N8,FALSE,Jarra de Agua Eco Atelier N8,Comprar Jarra de Agua Eco Atelier N8 en Atelier Minimal Store.,active
vajillas-ceramica-plato-postre-mate-9,Plato Postre Mate Atelier N9,<p>Exquisito plato postre elaborado artesanalmente. Tonos pastel suaves en verde y marron natural para la armonia de tu espacio.</p>,Atelier Store,Vajillas de Ceramica,"Vajillas de Ceramica, Minimalist, Eco, Atelier",TRUE,Title,Default Title,ATL-VAJ-229,450,shopify,50,deny,manual,53.5,,TRUE,TRUE,,https://cdn.shopify.com/s/files/1/0533/2089/files/placeholder-images-lifestyle-1_large.png,1,Plato Postre Mate Atelier N9,FALSE,Plato Postre Mate Atelier N9,Comprar Plato Postre Mate Atelier N9 en Atelier Minimal Store.,active
vajillas-ceramica-taza-de-cafe-artesanal-10,Taza de Cafe Artesanal Atelier N10,<p>Exquisito taza de cafe elaborado artesanalmente. Tonos pastel suaves en verde y marron natural para la armonia de tu espacio.</p>,Atelier Store,Vajillas de Ceramica,"Vajillas de Ceramica, Minimalist, Eco, Atelier",TRUE,Title,Default Title,ATL-VAJ-230,450,shopify,50,deny,manual,58.0,,TRUE,TRUE,,https://cdn.shopify.com/s/files/1/0533/2089/files/placeholder-images-product-1_large.png,1,Taza de Cafe Artesanal Atelier N10,FALSE,Taza de Cafe Artesanal Atelier N10,Comprar Taza de Cafe Artesanal Atelier N10 en Atelier Minimal Store.,active
vajillas-ceramica-plato-trinchero-organico-11,Plato Trinchero Organico Atelier N11,<p>Exquisito plato trinchero elaborado artesanalmente. Tonos pastel suaves en verde y marron natural para la armonia de tu espacio.</p>,Atelier Store,Vajillas de Ceramica,"Vajillas de Ceramica, Minimalist, Eco, Atelier",TRUE,Title,Default Title,ATL-VAJ-231,450,shopify,50,deny,manual,62.5,,TRUE,TRUE,,https://cdn.shopify.com/s/files/1/0533/2089/files/placeholder-images-image_large.png,1,Plato Trinchero Organico Atelier N11,FALSE,Plato Trinchero Organico Atelier N11,Comprar Plato Trinchero Organico Atelier N11 en Atelier Minimal Store.,active
vajillas-ceramica-tazon-de-avena-botanico-12,Tazon de Avena Botanico Atelier N12,<p>Exquisito tazon de avena elaborado artesanalmente. Tonos pastel suaves en verde y marron natural para la armonia de tu espacio.</p>,Atelier Store,Vajillas de Ceramica,"Vajillas de Ceramica, Minimalist, Eco, Atelier",TRUE,Title,Default Title,ATL-VAJ-232,450,shopify,50,deny,manual,67.0,,TRUE,TRUE,,https://cdn.shopify.com/s/files/1/0533/2089/files/placeholder-images-lifestyle-1_large.png,1,Tazon de Avena Botanico Atelier N12,FALSE,Tazon de Avena Botanico Atelier N12,Comprar Tazon de Avena Botanico Atelier N12 en Atelier Minimal Store.,active
vajillas-ceramica-jarra-de-agua-atelier-13,Jarra de Agua Atelier Atelier N13,<p>Exquisito jarra de agua elaborado artesanalmente. Tonos pastel suaves en verde y marron natural para la armonia de tu espacio.</p>,Atelier Store,Vajillas de Ceramica,"Vajillas de Ceramica, Minimalist, Eco, Atelier",TRUE,Title,Default Title,ATL-VAJ-233,450,shopify,50,deny,manual,71.5,,TRUE,TRUE,,https://cdn.shopify.com/s/files/1/0533/2089/files/placeholder-images-product-1_large.png,1,Jarra de Agua Atelier Atelier N13,FALSE,Jarra de Agua Atelier Atelier N13,Comprar Jarra de Agua Atelier Atelier N13 en Atelier Minimal Store.,active
vajillas-ceramica-plato-postre-pastel-14,Plato Postre Pastel Atelier N14,<p>Exquisito plato postre elaborado artesanalmente. Tonos pastel suaves en verde y marron natural para la armonia de tu espacio.</p>,Atelier Store,Vajillas de Ceramica,"Vajillas de Ceramica, Minimalist, Eco, Atelier",TRUE,Title,Default Title,ATL-VAJ-234,450,shopify,50,deny,manual,76.0,,TRUE,TRUE,,https://cdn.shopify.com/s/files/1/0533/2089/files/placeholder-images-image_large.png,1,Plato Postre Pastel Atelier N14,FALSE,Plato Postre Pastel Atelier N14,Comprar Plato Postre Pastel Atelier N14 en Atelier Minimal Store.,active
vajillas-ceramica-taza-de-cafe-puro-15,Taza de Cafe Puro Atelier N15,<p>Exquisito taza de cafe elaborado artesanalmente. Tonos pastel suaves en verde y marron natural para la armonia de tu espacio.</p>,Atelier Store,Vajillas de Ceramica,"Vajillas de Ceramica, Minimalist, Eco, Atelier",TRUE,Title,Default Title,ATL-VAJ-235,450,shopify,50,deny,manual,80.5,,TRUE,TRUE,,https://cdn.shopify.com/s/files/1/0533/2089/files/placeholder-images-lifestyle-1_large.png,1,Taza de Cafe Puro Atelier N15,FALSE,Taza de Cafe Puro Atelier N15,Comprar Taza de Cafe Puro Atelier N15 en Atelier Minimal Store.,active
vajillas-ceramica-plato-trinchero-eco-16,Plato Trinchero Eco Atelier N16,<p>Exquisito plato trinchero elaborado artesanalmente. Tonos pastel suaves en verde y marron natural para la armonia de tu espacio.</p>,Atelier Store,Vajillas de Ceramica,"Vajillas de Ceramica, Minimalist, Eco, Atelier",TRUE,Title,Default Title,ATL-VAJ-236,450,shopify,50,deny,manual,85.0,,TRUE,TRUE,,https://cdn.shopify.com/s/files/1/0533/2089/files/placeholder-images-product-1_large.png,1,Plato Trinchero Eco Atelier N16,FALSE,Plato Trinchero Eco Atelier N16,Comprar Plato Trinchero Eco Atelier N16 en Atelier Minimal Store.,active
vajillas-ceramica-tazon-de-avena-mate-17,Tazon de Avena Mate Atelier N17,<p>Exquisito tazon de avena elaborado artesanalmente. Tonos pastel suaves en verde y marron natural para la armonia de tu espacio.</p>,Atelier Store,Vajillas de Ceramica,"Vajillas de Ceramica, Minimalist, Eco, Atelier",TRUE,Title,Default Title,ATL-VAJ-237,450,shopify,50,deny,manual,89.5,,TRUE,TRUE,,https://cdn.shopify.com/s/files/1/0533/2089/files/placeholder-images-image_large.png,1,Tazon de Avena Mate Atelier N17,FALSE,Tazon de Avena Mate Atelier N17,Comprar Tazon de Avena Mate Atelier N17 en Atelier Minimal Store.,active
vajillas-ceramica-jarra-de-agua-artesanal-18,Jarra de Agua Artesanal Atelier N18,<p>Exquisito jarra de agua elaborado artesanalmente. Tonos pastel suaves en verde y marron natural para la armonia de tu espacio.</p>,Atelier Store,Vajillas de Ceramica,"Vajillas de Ceramica, Minimalist, Eco, Atelier",TRUE,Title,Default Title,ATL-VAJ-238,450,shopify,50,deny,manual,94.0,,TRUE,TRUE,,https://cdn.shopify.com/s/files/1/0533/2089/files/placeholder-images-lifestyle-1_large.png,1,Jarra de Agua Artesanal Atelier N18,FALSE,Jarra de Agua Artesanal Atelier N18,Comprar Jarra de Agua Artesanal Atelier N18 en Atelier Minimal Store.,active
vajillas-ceramica-plato-postre-organico-19,Plato Postre Organico Atelier N19,<p>Exquisito plato postre elaborado artesanalmente. Tonos pastel suaves en verde y marron natural para la armonia de tu espacio.</p>,Atelier Store,Vajillas de Ceramica,"Vajillas de Ceramica, Minimalist, Eco, Atelier",TRUE,Title,Default Title,ATL-VAJ-239,450,shopify,50,deny,manual,98.5,,TRUE,TRUE,,https://cdn.shopify.com/s/files/1/0533/2089/files/placeholder-images-product-1_large.png,1,Plato Postre Organico Atelier N19,FALSE,Plato Postre Organico Atelier N19,Comprar Plato Postre Organico Atelier N19 en Atelier Minimal Store.,active
vajillas-ceramica-taza-de-cafe-botanico-20,Taza de Cafe Botanico Atelier N20,<p>Exquisito taza de cafe elaborado artesanalmente. Tonos pastel suaves en verde y marron natural para la armonia de tu espacio.</p>,Atelier Store,Vajillas de Ceramica,"Vajillas de Ceramica, Minimalist, Eco, Atelier",TRUE,Title,Default Title,ATL-VAJ-240,450,shopify,50,deny,manual,103.0,,TRUE,TRUE,,https://cdn.shopify.com/s/files/1/0533/2089/files/placeholder-images-image_large.png,1,Taza de Cafe Botanico Atelier N20,FALSE,Taza de Cafe Botanico Atelier N20,Comprar Taza de Cafe Botanico Atelier N20 en Atelier Minimal Store.,active
organizadores-madera-estante-flotante-organico-1,Estante Flotante Organico Atelier N1,<p>Exquisito estante flotante elaborado artesanalmente. Tonos pastel suaves en verde y marron natural para la armonia de tu espacio.</p>,Atelier Store,Organizadores de Madera,"Organizadores de Madera, Minimalist, Eco, Atelier",TRUE,Title,Default Title,ATL-ORG-241,450,shopify,50,deny,manual,37.5,,TRUE,TRUE,,https://cdn.shopify.com/s/files/1/0533/2089/files/placeholder-images-lifestyle-1_large.png,1,Estante Flotante Organico Atelier N1,FALSE,Estante Flotante Organico Atelier N1,Comprar Estante Flotante Organico Atelier N1 en Atelier Minimal Store.,active
organizadores-madera-joyero-botanico-2,Joyero Botanico Atelier N2,<p>Exquisito joyero elaborado artesanalmente. Tonos pastel suaves en verde y marron natural para la armonia de tu espacio.</p>,Atelier Store,Organizadores de Madera,"Organizadores de Madera, Minimalist, Eco, Atelier",TRUE,Title,Default Title,ATL-ORG-242,450,shopify,50,deny,manual,42.0,,TRUE,TRUE,,https://cdn.shopify.com/s/files/1/0533/2089/files/placeholder-images-product-1_large.png,1,Joyero Botanico Atelier N2,FALSE,Joyero Botanico Atelier N2,Comprar Joyero Botanico Atelier N2 en Atelier Minimal Store.,active
organizadores-madera-lapicero-atelier-3,Lapicero Atelier Atelier N3,<p>Exquisito lapicero elaborado artesanalmente. Tonos pastel suaves en verde y marron natural para la armonia de tu espacio.</p>,Atelier Store,Organizadores de Madera,"Organizadores de Madera, Minimalist, Eco, Atelier",TRUE,Title,Default Title,ATL-ORG-243,450,shopify,50,deny,manual,46.5,,TRUE,TRUE,,https://cdn.shopify.com/s/files/1/0533/2089/files/placeholder-images-image_large.png,1,Lapicero Atelier Atelier N3,FALSE,Lapicero Atelier Atelier N3,Comprar Lapicero Atelier Atelier N3 en Atelier Minimal Store.,active
organizadores-madera-perchero-pastel-4,Perchero Pastel Atelier N4,<p>Exquisito perchero elaborado artesanalmente. Tonos pastel suaves en verde y marron natural para la armonia de tu espacio.</p>,Atelier Store,Organizadores de Madera,"Organizadores de Madera, Minimalist, Eco, Atelier",TRUE,Title,Default Title,ATL-ORG-244,450,shopify,50,deny,manual,51.0,,TRUE,TRUE,,https://cdn.shopify.com/s/files/1/0533/2089/files/placeholder-images-lifestyle-1_large.png,1,Perchero Pastel Atelier N4,FALSE,Perchero Pastel Atelier N4,Comprar Perchero Pastel Atelier N4 en Atelier Minimal Store.,active
organizadores-madera-caja-de-escritorio-puro-5,Caja de Escritorio Puro Atelier N5,<p>Exquisito caja de escritorio elaborado artesanalmente. Tonos pastel suaves en verde y marron natural para la armonia de tu espacio.</p>,Atelier Store,Organizadores de Madera,"Organizadores de Madera, Minimalist, Eco, Atelier",TRUE,Title,Default Title,ATL-ORG-245,450,shopify,50,deny,manual,55.5,,TRUE,TRUE,,https://cdn.shopify.com/s/files/1/0533/2089/files/placeholder-images-product-1_large.png,1,Caja de Escritorio Puro Atelier N5,FALSE,Caja de Escritorio Puro Atelier N5,Comprar Caja de Escritorio Puro Atelier N5 en Atelier Minimal Store.,active
organizadores-madera-estante-flotante-eco-6,Estante Flotante Eco Atelier N6,<p>Exquisito estante flotante elaborado artesanalmente. Tonos pastel suaves en verde y marron natural para la armonia de tu espacio.</p>,Atelier Store,Organizadores de Madera,"Organizadores de Madera, Minimalist, Eco, Atelier",TRUE,Title,Default Title,ATL-ORG-246,450,shopify,50,deny,manual,60.0,,TRUE,TRUE,,https://cdn.shopify.com/s/files/1/0533/2089/files/placeholder-images-image_large.png,1,Estante Flotante Eco Atelier N6,FALSE,Estante Flotante Eco Atelier N6,Comprar Estante Flotante Eco Atelier N6 en Atelier Minimal Store.,active
organizadores-madera-joyero-mate-7,Joyero Mate Atelier N7,<p>Exquisito joyero elaborado artesanalmente. Tonos pastel suaves en verde y marron natural para la armonia de tu espacio.</p>,Atelier Store,Organizadores de Madera,"Organizadores de Madera, Minimalist, Eco, Atelier",TRUE,Title,Default Title,ATL-ORG-247,450,shopify,50,deny,manual,64.5,,TRUE,TRUE,,https://cdn.shopify.com/s/files/1/0533/2089/files/placeholder-images-lifestyle-1_large.png,1,Joyero Mate Atelier N7,FALSE,Joyero Mate Atelier N7,Comprar Joyero Mate Atelier N7 en Atelier Minimal Store.,active
organizadores-madera-lapicero-artesanal-8,Lapicero Artesanal Atelier N8,<p>Exquisito lapicero elaborado artesanalmente. Tonos pastel suaves en verde y marron natural para la armonia de tu espacio.</p>,Atelier Store,Organizadores de Madera,"Organizadores de Madera, Minimalist, Eco, Atelier",TRUE,Title,Default Title,ATL-ORG-248,450,shopify,50,deny,manual,69.0,,TRUE,TRUE,,https://cdn.shopify.com/s/files/1/0533/2089/files/placeholder-images-product-1_large.png,1,Lapicero Artesanal Atelier N8,FALSE,Lapicero Artesanal Atelier N8,Comprar Lapicero Artesanal Atelier N8 en Atelier Minimal Store.,active
organizadores-madera-perchero-organico-9,Perchero Organico Atelier N9,<p>Exquisito perchero elaborado artesanalmente. Tonos pastel suaves en verde y marron natural para la armonia de tu espacio.</p>,Atelier Store,Organizadores de Madera,"Organizadores de Madera, Minimalist, Eco, Atelier",TRUE,Title,Default Title,ATL-ORG-249,450,shopify,50,deny,manual,73.5,,TRUE,TRUE,,https://cdn.shopify.com/s/files/1/0533/2089/files/placeholder-images-image_large.png,1,Perchero Organico Atelier N9,FALSE,Perchero Organico Atelier N9,Comprar Perchero Organico Atelier N9 en Atelier Minimal Store.,active
organizadores-madera-caja-de-escritorio-botanico-10,Caja de Escritorio Botanico Atelier N10,<p>Exquisito caja de escritorio elaborado artesanalmente. Tonos pastel suaves en verde y marron natural para la armonia de tu espacio.</p>,Atelier Store,Organizadores de Madera,"Organizadores de Madera, Minimalist, Eco, Atelier",TRUE,Title,Default Title,ATL-ORG-250,450,shopify,50,deny,manual,53.0,,TRUE,TRUE,,https://cdn.shopify.com/s/files/1/0533/2089/files/placeholder-images-lifestyle-1_large.png,1,Caja de Escritorio Botanico Atelier N10,FALSE,Caja de Escritorio Botanico Atelier N10,Comprar Caja de Escritorio Botanico Atelier N10 en Atelier Minimal Store.,active
organizadores-madera-estante-flotante-atelier-11,Estante Flotante Atelier Atelier N11,<p>Exquisito estante flotante elaborado artesanalmente. Tonos pastel suaves en verde y marron natural para la armonia de tu espacio.</p>,Atelier Store,Organizadores de Madera,"Organizadores de Madera, Minimalist, Eco, Atelier",TRUE,Title,Default Title,ATL-ORG-251,450,shopify,50,deny,manual,57.5,,TRUE,TRUE,,https://cdn.shopify.com/s/files/1/0533/2089/files/placeholder-images-product-1_large.png,1,Estante Flotante Atelier Atelier N11,FALSE,Estante Flotante Atelier Atelier N11,Comprar Estante Flotante Atelier Atelier N11 en Atelier Minimal Store.,active
organizadores-madera-joyero-pastel-12,Joyero Pastel Atelier N12,<p>Exquisito joyero elaborado artesanalmente. Tonos pastel suaves en verde y marron natural para la armonia de tu espacio.</p>,Atelier Store,Organizadores de Madera,"Organizadores de Madera, Minimalist, Eco, Atelier",TRUE,Title,Default Title,ATL-ORG-252,450,shopify,50,deny,manual,62.0,,TRUE,TRUE,,https://cdn.shopify.com/s/files/1/0533/2089/files/placeholder-images-image_large.png,1,Joyero Pastel Atelier N12,FALSE,Joyero Pastel Atelier N12,Comprar Joyero Pastel Atelier N12 en Atelier Minimal Store.,active
organizadores-madera-lapicero-puro-13,Lapicero Puro Atelier N13,<p>Exquisito lapicero elaborado artesanalmente. Tonos pastel suaves en verde y marron natural para la armonia de tu espacio.</p>,Atelier Store,Organizadores de Madera,"Organizadores de Madera, Minimalist, Eco, Atelier",TRUE,Title,Default Title,ATL-ORG-253,450,shopify,50,deny,manual,66.5,,TRUE,TRUE,,https://cdn.shopify.com/s/files/1/0533/2089/files/placeholder-images-lifestyle-1_large.png,1,Lapicero Puro Atelier N13,FALSE,Lapicero Puro Atelier N13,Comprar Lapicero Puro Atelier N13 en Atelier Minimal Store.,active
organizadores-madera-perchero-eco-14,Perchero Eco Atelier N14,<p>Exquisito perchero elaborado artesanalmente. Tonos pastel suaves en verde y marron natural para la armonia de tu espacio.</p>,Atelier Store,Organizadores de Madera,"Organizadores de Madera, Minimalist, Eco, Atelier",TRUE,Title,Default Title,ATL-ORG-254,450,shopify,50,deny,manual,71.0,,TRUE,TRUE,,https://cdn.shopify.com/s/files/1/0533/2089/files/placeholder-images-product-1_large.png,1,Perchero Eco Atelier N14,FALSE,Perchero Eco Atelier N14,Comprar Perchero Eco Atelier N14 en Atelier Minimal Store.,active
organizadores-madera-caja-de-escritorio-mate-15,Caja de Escritorio Mate Atelier N15,<p>Exquisito caja de escritorio elaborado artesanalmente. Tonos pastel suaves en verde y marron natural para la armonia de tu espacio.</p>,Atelier Store,Organizadores de Madera,"Organizadores de Madera, Minimalist, Eco, Atelier",TRUE,Title,Default Title,ATL-ORG-255,450,shopify,50,deny,manual,75.5,,TRUE,TRUE,,https://cdn.shopify.com/s/files/1/0533/2089/files/placeholder-images-image_large.png,1,Caja de Escritorio Mate Atelier N15,FALSE,Caja de Escritorio Mate Atelier N15,Comprar Caja de Escritorio Mate Atelier N15 en Atelier Minimal Store.,active
organizadores-madera-estante-flotante-artesanal-16,Estante Flotante Artesanal Atelier N16,<p>Exquisito estante flotante elaborado artesanalmente. Tonos pastel suaves en verde y marron natural para la armonia de tu espacio.</p>,Atelier Store,Organizadores de Madera,"Organizadores de Madera, Minimalist, Eco, Atelier",TRUE,Title,Default Title,ATL-ORG-256,450,shopify,50,deny,manual,80.0,,TRUE,TRUE,,https://cdn.shopify.com/s/files/1/0533/2089/files/placeholder-images-lifestyle-1_large.png,1,Estante Flotante Artesanal Atelier N16,FALSE,Estante Flotante Artesanal Atelier N16,Comprar Estante Flotante Artesanal Atelier N16 en Atelier Minimal Store.,active
organizadores-madera-joyero-organico-17,Joyero Organico Atelier N17,<p>Exquisito joyero elaborado artesanalmente. Tonos pastel suaves en verde y marron natural para la armonia de tu espacio.</p>,Atelier Store,Organizadores de Madera,"Organizadores de Madera, Minimalist, Eco, Atelier",TRUE,Title,Default Title,ATL-ORG-257,450,shopify,50,deny,manual,84.5,,TRUE,TRUE,,https://cdn.shopify.com/s/files/1/0533/2089/files/placeholder-images-product-1_large.png,1,Joyero Organico Atelier N17,FALSE,Joyero Organico Atelier N17,Comprar Joyero Organico Atelier N17 en Atelier Minimal Store.,active
organizadores-madera-lapicero-botanico-18,Lapicero Botanico Atelier N18,<p>Exquisito lapicero elaborado artesanalmente. Tonos pastel suaves en verde y marron natural para la armonia de tu espacio.</p>,Atelier Store,Organizadores de Madera,"Organizadores de Madera, Minimalist, Eco, Atelier",TRUE,Title,Default Title,ATL-ORG-258,450,shopify,50,deny,manual,89.0,,TRUE,TRUE,,https://cdn.shopify.com/s/files/1/0533/2089/files/placeholder-images-image_large.png,1,Lapicero Botanico Atelier N18,FALSE,Lapicero Botanico Atelier N18,Comprar Lapicero Botanico Atelier N18 en Atelier Minimal Store.,active
organizadores-madera-perchero-atelier-19,Perchero Atelier Atelier N19,<p>Exquisito perchero elaborado artesanalmente. Tonos pastel suaves en verde y marron natural para la armonia de tu espacio.</p>,Atelier Store,Organizadores de Madera,"Organizadores de Madera, Minimalist, Eco, Atelier",TRUE,Title,Default Title,ATL-ORG-259,450,shopify,50,deny,manual,93.5,,TRUE,TRUE,,https://cdn.shopify.com/s/files/1/0533/2089/files/placeholder-images-lifestyle-1_large.png,1,Perchero Atelier Atelier N19,FALSE,Perchero Atelier Atelier N19,Comprar Perchero Atelier Atelier N19 en Atelier Minimal Store.,active
organizadores-madera-caja-de-escritorio-pastel-20,Caja de Escritorio Pastel Atelier N20,<p>Exquisito caja de escritorio elaborado artesanalmente. Tonos pastel suaves en verde y marron natural para la armonia de tu espacio.</p>,Atelier Store,Organizadores de Madera,"Organizadores de Madera, Minimalist, Eco, Atelier",TRUE,Title,Default Title,ATL-ORG-260,450,shopify,50,deny,manual,98.0,,TRUE,TRUE,,https://cdn.shopify.com/s/files/1/0533/2089/files/placeholder-images-product-1_large.png,1,Caja de Escritorio Pastel Atelier N20,FALSE,Caja de Escritorio Pastel Atelier N20,Comprar Caja de Escritorio Pastel Atelier N20 en Atelier Minimal Store.,active
papeleria-minimal-planificador-semanal-atelier-1,Planificador Semanal Atelier Atelier N1,<p>Exquisito planificador semanal elaborado artesanalmente. Tonos pastel suaves en verde y marron natural para la armonia de tu espacio.</p>,Atelier Store,Papeleria Minimalista,"Papeleria Minimalista, Minimalist, Eco, Atelier",TRUE,Title,Default Title,ATL-PAP-261,450,shopify,50,deny,manual,32.5,,TRUE,TRUE,,https://cdn.shopify.com/s/files/1/0533/2089/files/placeholder-images-image_large.png,1,Planificador Semanal Atelier Atelier N1,FALSE,Planificador Semanal Atelier Atelier N1,Comprar Planificador Semanal Atelier Atelier N1 en Atelier Minimal Store.,active
papeleria-minimal-pluma-estilografica-pastel-2,Pluma Estilografica Pastel Atelier N2,<p>Exquisito pluma estilografica elaborado artesanalmente. Tonos pastel suaves en verde y marron natural para la armonia de tu espacio.</p>,Atelier Store,Papeleria Minimalista,"Papeleria Minimalista, Minimalist, Eco, Atelier",TRUE,Title,Default Title,ATL-PAP-262,450,shopify,50,deny,manual,37.0,,TRUE,TRUE,,https://cdn.shopify.com/s/files/1/0533/2089/files/placeholder-images-lifestyle-1_large.png,1,Pluma Estilografica Pastel Atelier N2,FALSE,Pluma Estilografica Pastel Atelier N2,Comprar Pluma Estilografica Pastel Atelier N2 en Atelier Minimal Store.,active
papeleria-minimal-bloc-de-notas-puro-3,Bloc de Notas Puro Atelier N3,<p>Exquisito bloc de notas elaborado artesanalmente. Tonos pastel suaves en verde y marron natural para la armonia de tu espacio.</p>,Atelier Store,Papeleria Minimalista,"Papeleria Minimalista, Minimalist, Eco, Atelier",TRUE,Title,Default Title,ATL-PAP-263,450,shopify,50,deny,manual,41.5,,TRUE,TRUE,,https://cdn.shopify.com/s/files/1/0533/2089/files/placeholder-images-product-1_large.png,1,Bloc de Notas Puro Atelier N3,FALSE,Bloc de Notas Puro Atelier N3,Comprar Bloc de Notas Puro Atelier N3 en Atelier Minimal Store.,active
papeleria-minimal-set-marcapaginas-eco-4,Set Marcapaginas Eco Atelier N4,<p>Exquisito set marcapaginas elaborado artesanalmente. Tonos pastel suaves en verde y marron natural para la armonia de tu espacio.</p>,Atelier Store,Papeleria Minimalista,"Papeleria Minimalista, Minimalist, Eco, Atelier",TRUE,Title,Default Title,ATL-PAP-264,450,shopify,50,deny,manual,46.0,,TRUE,TRUE,,https://cdn.shopify.com/s/files/1/0533/2089/files/placeholder-images-image_large.png,1,Set Marcapaginas Eco Atelier N4,FALSE,Set Marcapaginas Eco Atelier N4,Comprar Set Marcapaginas Eco Atelier N4 en Atelier Minimal Store.,active
papeleria-minimal-cuaderno-lino-mate-5,Cuaderno Lino Mate Atelier N5,<p>Exquisito cuaderno lino elaborado artesanalmente. Tonos pastel suaves en verde y marron natural para la armonia de tu espacio.</p>,Atelier Store,Papeleria Minimalista,"Papeleria Minimalista, Minimalist, Eco, Atelier",TRUE,Title,Default Title,ATL-PAP-265,450,shopify,50,deny,manual,50.5,,TRUE,TRUE,,https://cdn.shopify.com/s/files/1/0533/2089/files/placeholder-images-lifestyle-1_large.png,1,Cuaderno Lino Mate Atelier N5,FALSE,Cuaderno Lino Mate Atelier N5,Comprar Cuaderno Lino Mate Atelier N5 en Atelier Minimal Store.,active
papeleria-minimal-planificador-semanal-artesanal-6,Planificador Semanal Artesanal Atelier N6,<p>Exquisito planificador semanal elaborado artesanalmente. Tonos pastel suaves en verde y marron natural para la armonia de tu espacio.</p>,Atelier Store,Papeleria Minimalista,"Papeleria Minimalista, Minimalist, Eco, Atelier",TRUE,Title,Default Title,ATL-PAP-266,450,shopify,50,deny,manual,55.0,,TRUE,TRUE,,https://cdn.shopify.com/s/files/1/0533/2089/files/placeholder-images-product-1_large.png,1,Planificador Semanal Artesanal Atelier N6,FALSE,Planificador Semanal Artesanal Atelier N6,Comprar Planificador Semanal Artesanal Atelier N6 en Atelier Minimal Store.,active
papeleria-minimal-pluma-estilografica-organico-7,Pluma Estilografica Organico Atelier N7,<p>Exquisito pluma estilografica elaborado artesanalmente. Tonos pastel suaves en verde y marron natural para la armonia de tu espacio.</p>,Atelier Store,Papeleria Minimalista,"Papeleria Minimalista, Minimalist, Eco, Atelier",TRUE,Title,Default Title,ATL-PAP-267,450,shopify,50,deny,manual,59.5,,TRUE,TRUE,,https://cdn.shopify.com/s/files/1/0533/2089/files/placeholder-images-image_large.png,1,Pluma Estilografica Organico Atelier N7,FALSE,Pluma Estilografica Organico Atelier N7,Comprar Pluma Estilografica Organico Atelier N7 en Atelier Minimal Store.,active
papeleria-minimal-bloc-de-notas-botanico-8,Bloc de Notas Botanico Atelier N8,<p>Exquisito bloc de notas elaborado artesanalmente. Tonos pastel suaves en verde y marron natural para la armonia de tu espacio.</p>,Atelier Store,Papeleria Minimalista,"Papeleria Minimalista, Minimalist, Eco, Atelier",TRUE,Title,Default Title,ATL-PAP-268,450,shopify,50,deny,manual,64.0,,TRUE,TRUE,,https://cdn.shopify.com/s/files/1/0533/2089/files/placeholder-images-lifestyle-1_large.png,1,Bloc de Notas Botanico Atelier N8,FALSE,Bloc de Notas Botanico Atelier N8,Comprar Bloc de Notas Botanico Atelier N8 en Atelier Minimal Store.,active
papeleria-minimal-set-marcapaginas-atelier-9,Set Marcapaginas Atelier Atelier N9,<p>Exquisito set marcapaginas elaborado artesanalmente. Tonos pastel suaves en verde y marron natural para la armonia de tu espacio.</p>,Atelier Store,Papeleria Minimalista,"Papeleria Minimalista, Minimalist, Eco, Atelier",TRUE,Title,Default Title,ATL-PAP-269,450,shopify,50,deny,manual,68.5,,TRUE,TRUE,,https://cdn.shopify.com/s/files/1/0533/2089/files/placeholder-images-product-1_large.png,1,Set Marcapaginas Atelier Atelier N9,FALSE,Set Marcapaginas Atelier Atelier N9,Comprar Set Marcapaginas Atelier Atelier N9 en Atelier Minimal Store.,active
papeleria-minimal-cuaderno-lino-pastel-10,Cuaderno Lino Pastel Atelier N10,<p>Exquisito cuaderno lino elaborado artesanalmente. Tonos pastel suaves en verde y marron natural para la armonia de tu espacio.</p>,Atelier Store,Papeleria Minimalista,"Papeleria Minimalista, Minimalist, Eco, Atelier",TRUE,Title,Default Title,ATL-PAP-270,450,shopify,50,deny,manual,73.0,,TRUE,TRUE,,https://cdn.shopify.com/s/files/1/0533/2089/files/placeholder-images-image_large.png,1,Cuaderno Lino Pastel Atelier N10,FALSE,Cuaderno Lino Pastel Atelier N10,Comprar Cuaderno Lino Pastel Atelier N10 en Atelier Minimal Store.,active
papeleria-minimal-planificador-semanal-puro-11,Planificador Semanal Puro Atelier N11,<p>Exquisito planificador semanal elaborado artesanalmente. Tonos pastel suaves en verde y marron natural para la armonia de tu espacio.</p>,Atelier Store,Papeleria Minimalista,"Papeleria Minimalista, Minimalist, Eco, Atelier",TRUE,Title,Default Title,ATL-PAP-271,450,shopify,50,deny,manual,77.5,,TRUE,TRUE,,https://cdn.shopify.com/s/files/1/0533/2089/files/placeholder-images-lifestyle-1_large.png,1,Planificador Semanal Puro Atelier N11,FALSE,Planificador Semanal Puro Atelier N11,Comprar Planificador Semanal Puro Atelier N11 en Atelier Minimal Store.,active
papeleria-minimal-pluma-estilografica-eco-12,Pluma Estilografica Eco Atelier N12,<p>Exquisito pluma estilografica elaborado artesanalmente. Tonos pastel suaves en verde y marron natural para la armonia de tu espacio.</p>,Atelier Store,Papeleria Minimalista,"Papeleria Minimalista, Minimalist, Eco, Atelier",TRUE,Title,Default Title,ATL-PAP-272,450,shopify,50,deny,manual,82.0,,TRUE,TRUE,,https://cdn.shopify.com/s/files/1/0533/2089/files/placeholder-images-product-1_large.png,1,Pluma Estilografica Eco Atelier N12,FALSE,Pluma Estilografica Eco Atelier N12,Comprar Pluma Estilografica Eco Atelier N12 en Atelier Minimal Store.,active
papeleria-minimal-bloc-de-notas-mate-13,Bloc de Notas Mate Atelier N13,<p>Exquisito bloc de notas elaborado artesanalmente. Tonos pastel suaves en verde y marron natural para la armonia de tu espacio.</p>,Atelier Store,Papeleria Minimalista,"Papeleria Minimalista, Minimalist, Eco, Atelier",TRUE,Title,Default Title,ATL-PAP-273,450,shopify,50,deny,manual,86.5,,TRUE,TRUE,,https://cdn.shopify.com/s/files/1/0533/2089/files/placeholder-images-image_large.png,1,Bloc de Notas Mate Atelier N13,FALSE,Bloc de Notas Mate Atelier N13,Comprar Bloc de Notas Mate Atelier N13 en Atelier Minimal Store.,active
papeleria-minimal-set-marcapaginas-artesanal-14,Set Marcapaginas Artesanal Atelier N14,<p>Exquisito set marcapaginas elaborado artesanalmente. Tonos pastel suaves en verde y marron natural para la armonia de tu espacio.</p>,Atelier Store,Papeleria Minimalista,"Papeleria Minimalista, Minimalist, Eco, Atelier",TRUE,Title,Default Title,ATL-PAP-274,450,shopify,50,deny,manual,91.0,,TRUE,TRUE,,https://cdn.shopify.com/s/files/1/0533/2089/files/placeholder-images-lifestyle-1_large.png,1,Set Marcapaginas Artesanal Atelier N14,FALSE,Set Marcapaginas Artesanal Atelier N14,Comprar Set Marcapaginas Artesanal Atelier N14 en Atelier Minimal Store.,active
papeleria-minimal-cuaderno-lino-organico-15,Cuaderno Lino Organico Atelier N15,<p>Exquisito cuaderno lino elaborado artesanalmente. Tonos pastel suaves en verde y marron natural para la armonia de tu espacio.</p>,Atelier Store,Papeleria Minimalista,"Papeleria Minimalista, Minimalist, Eco, Atelier",TRUE,Title,Default Title,ATL-PAP-275,450,shopify,50,deny,manual,70.5,,TRUE,TRUE,,https://cdn.shopify.com/s/files/1/0533/2089/files/placeholder-images-product-1_large.png,1,Cuaderno Lino Organico Atelier N15,FALSE,Cuaderno Lino Organico Atelier N15,Comprar Cuaderno Lino Organico Atelier N15 en Atelier Minimal Store.,active
papeleria-minimal-planificador-semanal-botanico-16,Planificador Semanal Botanico Atelier N16,<p>Exquisito planificador semanal elaborado artesanalmente. Tonos pastel suaves en verde y marron natural para la armonia de tu espacio.</p>,Atelier Store,Papeleria Minimalista,"Papeleria Minimalista, Minimalist, Eco, Atelier",TRUE,Title,Default Title,ATL-PAP-276,450,shopify,50,deny,manual,75.0,,TRUE,TRUE,,https://cdn.shopify.com/s/files/1/0533/2089/files/placeholder-images-image_large.png,1,Planificador Semanal Botanico Atelier N16,FALSE,Planificador Semanal Botanico Atelier N16,Comprar Planificador Semanal Botanico Atelier N16 en Atelier Minimal Store.,active
papeleria-minimal-pluma-estilografica-atelier-17,Pluma Estilografica Atelier Atelier N17,<p>Exquisito pluma estilografica elaborado artesanalmente. Tonos pastel suaves en verde y marron natural para la armonia de tu espacio.</p>,Atelier Store,Papeleria Minimalista,"Papeleria Minimalista, Minimalist, Eco, Atelier",TRUE,Title,Default Title,ATL-PAP-277,450,shopify,50,deny,manual,79.5,,TRUE,TRUE,,https://cdn.shopify.com/s/files/1/0533/2089/files/placeholder-images-lifestyle-1_large.png,1,Pluma Estilografica Atelier Atelier N17,FALSE,Pluma Estilografica Atelier Atelier N17,Comprar Pluma Estilografica Atelier Atelier N17 en Atelier Minimal Store.,active
papeleria-minimal-bloc-de-notas-pastel-18,Bloc de Notas Pastel Atelier N18,<p>Exquisito bloc de notas elaborado artesanalmente. Tonos pastel suaves en verde y marron natural para la armonia de tu espacio.</p>,Atelier Store,Papeleria Minimalista,"Papeleria Minimalista, Minimalist, Eco, Atelier",TRUE,Title,Default Title,ATL-PAP-278,450,shopify,50,deny,manual,84.0,,TRUE,TRUE,,https://cdn.shopify.com/s/files/1/0533/2089/files/placeholder-images-product-1_large.png,1,Bloc de Notas Pastel Atelier N18,FALSE,Bloc de Notas Pastel Atelier N18,Comprar Bloc de Notas Pastel Atelier N18 en Atelier Minimal Store.,active
papeleria-minimal-set-marcapaginas-puro-19,Set Marcapaginas Puro Atelier N19,<p>Exquisito set marcapaginas elaborado artesanalmente. Tonos pastel suaves en verde y marron natural para la armonia de tu espacio.</p>,Atelier Store,Papeleria Minimalista,"Papeleria Minimalista, Minimalist, Eco, Atelier",TRUE,Title,Default Title,ATL-PAP-279,450,shopify,50,deny,manual,88.5,,TRUE,TRUE,,https://cdn.shopify.com/s/files/1/0533/2089/files/placeholder-images-image_large.png,1,Set Marcapaginas Puro Atelier N19,FALSE,Set Marcapaginas Puro Atelier N19,Comprar Set Marcapaginas Puro Atelier N19 en Atelier Minimal Store.,active
papeleria-minimal-cuaderno-lino-eco-20,Cuaderno Lino Eco Atelier N20,<p>Exquisito cuaderno lino elaborado artesanalmente. Tonos pastel suaves en verde y marron natural para la armonia de tu espacio.</p>,Atelier Store,Papeleria Minimalista,"Papeleria Minimalista, Minimalist, Eco, Atelier",TRUE,Title,Default Title,ATL-PAP-280,450,shopify,50,deny,manual,93.0,,TRUE,TRUE,,https://cdn.shopify.com/s/files/1/0533/2089/files/placeholder-images-lifestyle-1_large.png,1,Cuaderno Lino Eco Atelier N20,FALSE,Cuaderno Lino Eco Atelier N20,Comprar Cuaderno Lino Eco Atelier N20 en Atelier Minimal Store.,active
plantas-macetas-soporte-de-planta-puro-1,Soporte de Planta Puro Atelier N1,<p>Exquisito soporte de planta elaborado artesanalmente. Tonos pastel suaves en verde y marron natural para la armonia de tu espacio.</p>,Atelier Store,Macetas y Jardines,"Macetas y Jardines, Minimalist, Eco, Atelier",TRUE,Title,Default Title,ATL-PLA-281,450,shopify,50,deny,manual,27.5,,TRUE,TRUE,,https://cdn.shopify.com/s/files/1/0533/2089/files/placeholder-images-product-1_large.png,1,Soporte de Planta Puro Atelier N1,FALSE,Soporte de Planta Puro Atelier N1,Comprar Soporte de Planta Puro Atelier N1 en Atelier Minimal Store.,active
plantas-macetas-regadera-de-cobre-eco-2,Regadera de Cobre Eco Atelier N2,<p>Exquisito regadera de cobre elaborado artesanalmente. Tonos pastel suaves en verde y marron natural para la armonia de tu espacio.</p>,Atelier Store,Macetas y Jardines,"Macetas y Jardines, Minimalist, Eco, Atelier",TRUE,Title,Default Title,ATL-PLA-282,450,shopify,50,deny,manual,32.0,,TRUE,TRUE,,https://cdn.shopify.com/s/files/1/0533/2089/files/placeholder-images-image_large.png,1,Regadera de Cobre Eco Atelier N2,FALSE,Regadera de Cobre Eco Atelier N2,Comprar Regadera de Cobre Eco Atelier N2 en Atelier Minimal Store.,active
plantas-macetas-maceta-colgante-mate-3,Maceta Colgante Mate Atelier N3,<p>Exquisito maceta colgante elaborado artesanalmente. Tonos pastel suaves en verde y marron natural para la armonia de tu espacio.</p>,Atelier Store,Macetas y Jardines,"Macetas y Jardines, Minimalist, Eco, Atelier",TRUE,Title,Default Title,ATL-PLA-283,450,shopify,50,deny,manual,36.5,,TRUE,TRUE,,https://cdn.shopify.com/s/files/1/0533/2089/files/placeholder-images-lifestyle-1_large.png,1,Maceta Colgante Mate Atelier N3,FALSE,Maceta Colgante Mate Atelier N3,Comprar Maceta Colgante Mate Atelier N3 en Atelier Minimal Store.,active
plantas-macetas-pulverizador-artesanal-4,Pulverizador Artesanal Atelier N4,<p>Exquisito pulverizador elaborado artesanalmente. Tonos pastel suaves en verde y marron natural para la armonia de tu espacio.</p>,Atelier Store,Macetas y Jardines,"Macetas y Jardines, Minimalist, Eco, Atelier",TRUE,Title,Default Title,ATL-PLA-284,450,shopify,50,deny,manual,41.0,,TRUE,TRUE,,https://cdn.shopify.com/s/files/1/0533/2089/files/placeholder-images-product-1_large.png,1,Pulverizador Artesanal Atelier N4,FALSE,Pulverizador Artesanal Atelier N4,Comprar Pulverizador Artesanal Atelier N4 en Atelier Minimal Store.,active
plantas-macetas-maceta-terracota-organico-5,Maceta Terracota Organico Atelier N5,<p>Exquisito maceta terracota elaborado artesanalmente. Tonos pastel suaves en verde y marron natural para la armonia de tu espacio.</p>,Atelier Store,Macetas y Jardines,"Macetas y Jardines, Minimalist, Eco, Atelier",TRUE,Title,Default Title,ATL-PLA-285,450,shopify,50,deny,manual,45.5,,TRUE,TRUE,,https://cdn.shopify.com/s/files/1/0533/2089/files/placeholder-images-image_large.png,1,Maceta Terracota Organico Atelier N5,FALSE,Maceta Terracota Organico Atelier N5,Comprar Maceta Terracota Organico Atelier N5 en Atelier Minimal Store.,active
plantas-macetas-soporte-de-planta-botanico-6,Soporte de Planta Botanico Atelier N6,<p>Exquisito soporte de planta elaborado artesanalmente. Tonos pastel suaves en verde y marron natural para la armonia de tu espacio.</p>,Atelier Store,Macetas y Jardines,"Macetas y Jardines, Minimalist, Eco, Atelier",TRUE,Title,Default Title,ATL-PLA-286,450,shopify,50,deny,manual,50.0,,TRUE,TRUE,,https://cdn.shopify.com/s/files/1/0533/2089/files/placeholder-images-lifestyle-1_large.png,1,Soporte de Planta Botanico Atelier N6,FALSE,Soporte de Planta Botanico Atelier N6,Comprar Soporte de Planta Botanico Atelier N6 en Atelier Minimal Store.,active
plantas-macetas-regadera-de-cobre-atelier-7,Regadera de Cobre Atelier Atelier N7,<p>Exquisito regadera de cobre elaborado artesanalmente. Tonos pastel suaves en verde y marron natural para la armonia de tu espacio.</p>,Atelier Store,Macetas y Jardines,"Macetas y Jardines, Minimalist, Eco, Atelier",TRUE,Title,Default Title,ATL-PLA-287,450,shopify,50,deny,manual,54.5,,TRUE,TRUE,,https://cdn.shopify.com/s/files/1/0533/2089/files/placeholder-images-product-1_large.png,1,Regadera de Cobre Atelier Atelier N7,FALSE,Regadera de Cobre Atelier Atelier N7,Comprar Regadera de Cobre Atelier Atelier N7 en Atelier Minimal Store.,active
plantas-macetas-maceta-colgante-pastel-8,Maceta Colgante Pastel Atelier N8,<p>Exquisito maceta colgante elaborado artesanalmente. Tonos pastel suaves en verde y marron natural para la armonia de tu espacio.</p>,Atelier Store,Macetas y Jardines,"Macetas y Jardines, Minimalist, Eco, Atelier",TRUE,Title,Default Title,ATL-PLA-288,450,shopify,50,deny,manual,59.0,,TRUE,TRUE,,https://cdn.shopify.com/s/files/1/0533/2089/files/placeholder-images-image_large.png,1,Maceta Colgante Pastel Atelier N8,FALSE,Maceta Colgante Pastel Atelier N8,Comprar Maceta Colgante Pastel Atelier N8 en Atelier Minimal Store.,active
plantas-macetas-pulverizador-puro-9,Pulverizador Puro Atelier N9,<p>Exquisito pulverizador elaborado artesanalmente. Tonos pastel suaves en verde y marron natural para la armonia de tu espacio.</p>,Atelier Store,Macetas y Jardines,"Macetas y Jardines, Minimalist, Eco, Atelier",TRUE,Title,Default Title,ATL-PLA-289,450,shopify,50,deny,manual,63.5,,TRUE,TRUE,,https://cdn.shopify.com/s/files/1/0533/2089/files/placeholder-images-lifestyle-1_large.png,1,Pulverizador Puro Atelier N9,FALSE,Pulverizador Puro Atelier N9,Comprar Pulverizador Puro Atelier N9 en Atelier Minimal Store.,active
plantas-macetas-maceta-terracota-eco-10,Maceta Terracota Eco Atelier N10,<p>Exquisito maceta terracota elaborado artesanalmente. Tonos pastel suaves en verde y marron natural para la armonia de tu espacio.</p>,Atelier Store,Macetas y Jardines,"Macetas y Jardines, Minimalist, Eco, Atelier",TRUE,Title,Default Title,ATL-PLA-290,450,shopify,50,deny,manual,68.0,,TRUE,TRUE,,https://cdn.shopify.com/s/files/1/0533/2089/files/placeholder-images-product-1_large.png,1,Maceta Terracota Eco Atelier N10,FALSE,Maceta Terracota Eco Atelier N10,Comprar Maceta Terracota Eco Atelier N10 en Atelier Minimal Store.,active
plantas-macetas-soporte-de-planta-mate-11,Soporte de Planta Mate Atelier N11,<p>Exquisito soporte de planta elaborado artesanalmente. Tonos pastel suaves en verde y marron natural para la armonia de tu espacio.</p>,Atelier Store,Macetas y Jardines,"Macetas y Jardines, Minimalist, Eco, Atelier",TRUE,Title,Default Title,ATL-PLA-291,450,shopify,50,deny,manual,72.5,,TRUE,TRUE,,https://cdn.shopify.com/s/files/1/0533/2089/files/placeholder-images-image_large.png,1,Soporte de Planta Mate Atelier N11,FALSE,Soporte de Planta Mate Atelier N11,Comprar Soporte de Planta Mate Atelier N11 en Atelier Minimal Store.,active
plantas-macetas-regadera-de-cobre-artesanal-12,Regadera de Cobre Artesanal Atelier N12,<p>Exquisito regadera de cobre elaborado artesanalmente. Tonos pastel suaves en verde y marron natural para la armonia de tu espacio.</p>,Atelier Store,Macetas y Jardines,"Macetas y Jardines, Minimalist, Eco, Atelier",TRUE,Title,Default Title,ATL-PLA-292,450,shopify,50,deny,manual,77.0,,TRUE,TRUE,,https://cdn.shopify.com/s/files/1/0533/2089/files/placeholder-images-lifestyle-1_large.png,1,Regadera de Cobre Artesanal Atelier N12,FALSE,Regadera de Cobre Artesanal Atelier N12,Comprar Regadera de Cobre Artesanal Atelier N12 en Atelier Minimal Store.,active
plantas-macetas-maceta-colgante-organico-13,Maceta Colgante Organico Atelier N13,<p>Exquisito maceta colgante elaborado artesanalmente. Tonos pastel suaves en verde y marron natural para la armonia de tu espacio.</p>,Atelier Store,Macetas y Jardines,"Macetas y Jardines, Minimalist, Eco, Atelier",TRUE,Title,Default Title,ATL-PLA-293,450,shopify,50,deny,manual,81.5,,TRUE,TRUE,,https://cdn.shopify.com/s/files/1/0533/2089/files/placeholder-images-product-1_large.png,1,Maceta Colgante Organico Atelier N13,FALSE,Maceta Colgante Organico Atelier N13,Comprar Maceta Colgante Organico Atelier N13 en Atelier Minimal Store.,active
plantas-macetas-pulverizador-botanico-14,Pulverizador Botanico Atelier N14,<p>Exquisito pulverizador elaborado artesanalmente. Tonos pastel suaves en verde y marron natural para la armonia de tu espacio.</p>,Atelier Store,Macetas y Jardines,"Macetas y Jardines, Minimalist, Eco, Atelier",TRUE,Title,Default Title,ATL-PLA-294,450,shopify,50,deny,manual,86.0,,TRUE,TRUE,,https://cdn.shopify.com/s/files/1/0533/2089/files/placeholder-images-image_large.png,1,Pulverizador Botanico Atelier N14,FALSE,Pulverizador Botanico Atelier N14,Comprar Pulverizador Botanico Atelier N14 en Atelier Minimal Store.,active
plantas-macetas-maceta-terracota-atelier-15,Maceta Terracota Atelier Atelier N15,<p>Exquisito maceta terracota elaborado artesanalmente. Tonos pastel suaves en verde y marron natural para la armonia de tu espacio.</p>,Atelier Store,Macetas y Jardines,"Macetas y Jardines, Minimalist, Eco, Atelier",TRUE,Title,Default Title,ATL-PLA-295,450,shopify,50,deny,manual,90.5,,TRUE,TRUE,,https://cdn.shopify.com/s/files/1/0533/2089/files/placeholder-images-lifestyle-1_large.png,1,Maceta Terracota Atelier Atelier N15,FALSE,Maceta Terracota Atelier Atelier N15,Comprar Maceta Terracota Atelier Atelier N15 en Atelier Minimal Store.,active
plantas-macetas-soporte-de-planta-pastel-16,Soporte de Planta Pastel Atelier N16,<p>Exquisito soporte de planta elaborado artesanalmente. Tonos pastel suaves en verde y marron natural para la armonia de tu espacio.</p>,Atelier Store,Macetas y Jardines,"Macetas y Jardines, Minimalist, Eco, Atelier",TRUE,Title,Default Title,ATL-PLA-296,450,shopify,50,deny,manual,95.0,,TRUE,TRUE,,https://cdn.shopify.com/s/files/1/0533/2089/files/placeholder-images-product-1_large.png,1,Soporte de Planta Pastel Atelier N16,FALSE,Soporte de Planta Pastel Atelier N16,Comprar Soporte de Planta Pastel Atelier N16 en Atelier Minimal Store.,active
plantas-macetas-regadera-de-cobre-puro-17,Regadera de Cobre Puro Atelier N17,<p>Exquisito regadera de cobre elaborado artesanalmente. Tonos pastel suaves en verde y marron natural para la armonia de tu espacio.</p>,Atelier Store,Macetas y Jardines,"Macetas y Jardines, Minimalist, Eco, Atelier",TRUE,Title,Default Title,ATL-PLA-297,450,shopify,50,deny,manual,99.5,,TRUE,TRUE,,https://cdn.shopify.com/s/files/1/0533/2089/files/placeholder-images-image_large.png,1,Regadera de Cobre Puro Atelier N17,FALSE,Regadera de Cobre Puro Atelier N17,Comprar Regadera de Cobre Puro Atelier N17 en Atelier Minimal Store.,active
plantas-macetas-maceta-colgante-eco-18,Maceta Colgante Eco Atelier N18,<p>Exquisito maceta colgante elaborado artesanalmente. Tonos pastel suaves en verde y marron natural para la armonia de tu espacio.</p>,Atelier Store,Macetas y Jardines,"Macetas y Jardines, Minimalist, Eco, Atelier",TRUE,Title,Default Title,ATL-PLA-298,450,shopify,50,deny,manual,104.0,,TRUE,TRUE,,https://cdn.shopify.com/s/files/1/0533/2089/files/placeholder-images-lifestyle-1_large.png,1,Maceta Colgante Eco Atelier N18,FALSE,Maceta Colgante Eco Atelier N18,Comprar Maceta Colgante Eco Atelier N18 en Atelier Minimal Store.,active
plantas-macetas-pulverizador-mate-19,Pulverizador Mate Atelier N19,<p>Exquisito pulverizador elaborado artesanalmente. Tonos pastel suaves en verde y marron natural para la armonia de tu espacio.</p>,Atelier Store,Macetas y Jardines,"Macetas y Jardines, Minimalist, Eco, Atelier",TRUE,Title,Default Title,ATL-PLA-299,450,shopify,50,deny,manual,108.5,,TRUE,TRUE,,https://cdn.shopify.com/s/files/1/0533/2089/files/placeholder-images-product-1_large.png,1,Pulverizador Mate Atelier N19,FALSE,Pulverizador Mate Atelier N19,Comprar Pulverizador Mate Atelier N19 en Atelier Minimal Store.,active
plantas-macetas-maceta-terracota-artesanal-20,Maceta Terracota Artesanal Atelier N20,<p>Exquisito maceta terracota elaborado artesanalmente. Tonos pastel suaves en verde y marron natural para la armonia de tu espacio.</p>,Atelier Store,Macetas y Jardines,"Macetas y Jardines, Minimalist, Eco, Atelier",TRUE,Title,Default Title,ATL-PLA-300,450,shopify,50,deny,manual,88.0,,TRUE,TRUE,,https://cdn.shopify.com/s/files/1/0533/2089/files/placeholder-images-image_large.png,1,Maceta Terracota Artesanal Atelier N20,FALSE,Maceta Terracota Artesanal Atelier N20,Comprar Maceta Terracota Artesanal Atelier N20 en Atelier Minimal Store.,active
bano-relax-sales-de-epsom-mate-1,Sales de Epsom Mate Atelier N1,<p>Exquisito sales de epsom elaborado artesanalmente. Tonos pastel suaves en verde y marron natural para la armonia de tu espacio.</p>,Atelier Store,Bano y Relax,"Bano y Relax, Minimalist, Eco, Atelier",TRUE,Title,Default Title,ATL-BAN-301,450,shopify,50,deny,manual,22.5,,TRUE,TRUE,,https://cdn.shopify.com/s/files/1/0533/2089/files/placeholder-images-lifestyle-1_large.png,1,Sales de Epsom Mate Atelier N1,FALSE,Sales de Epsom Mate Atelier N1,Comprar Sales de Epsom Mate Atelier N1 en Atelier Minimal Store.,active
bano-relax-cepillo-seco-artesanal-2,Cepillo Seco Artesanal Atelier N2,<p>Exquisito cepillo seco elaborado artesanalmente. Tonos pastel suaves en verde y marron natural para la armonia de tu espacio.</p>,Atelier Store,Bano y Relax,"Bano y Relax, Minimalist, Eco, Atelier",TRUE,Title,Default Title,ATL-BAN-302,450,shopify,50,deny,manual,27.0,,TRUE,TRUE,,https://cdn.shopify.com/s/files/1/0533/2089/files/placeholder-images-product-1_large.png,1,Cepillo Seco Artesanal Atelier N2,FALSE,Cepillo Seco Artesanal Atelier N2,Comprar Cepillo Seco Artesanal Atelier N2 en Atelier Minimal Store.,active
bano-relax-jabon-de-arcilla-organico-3,Jabon de Arcilla Organico Atelier N3,<p>Exquisito jabon de arcilla elaborado artesanalmente. Tonos pastel suaves en verde y marron natural para la armonia de tu espacio.</p>,Atelier Store,Bano y Relax,"Bano y Relax, Minimalist, Eco, Atelier",TRUE,Title,Default Title,ATL-BAN-303,450,shopify,50,deny,manual,31.5,,TRUE,TRUE,,https://cdn.shopify.com/s/files/1/0533/2089/files/placeholder-images-image_large.png,1,Jabon de Arcilla Organico Atelier N3,FALSE,Jabon de Arcilla Organico Atelier N3,Comprar Jabon de Arcilla Organico Atelier N3 en Atelier Minimal Store.,active
bano-relax-alfombra-de-algodon-botanico-4,Alfombra de Algodon Botanico Atelier N4,<p>Exquisito alfombra de algodon elaborado artesanalmente. Tonos pastel suaves en verde y marron natural para la armonia de tu espacio.</p>,Atelier Store,Bano y Relax,"Bano y Relax, Minimalist, Eco, Atelier",TRUE,Title,Default Title,ATL-BAN-304,450,shopify,50,deny,manual,36.0,,TRUE,TRUE,,https://cdn.shopify.com/s/files/1/0533/2089/files/placeholder-images-lifestyle-1_large.png,1,Alfombra de Algodon Botanico Atelier N4,FALSE,Alfombra de Algodon Botanico Atelier N4,Comprar Alfombra de Algodon Botanico Atelier N4 en Atelier Minimal Store.,active
bano-relax-toalla-de-bambu-atelier-5,Toalla de Bambu Atelier Atelier N5,<p>Exquisito toalla de bambu elaborado artesanalmente. Tonos pastel suaves en verde y marron natural para la armonia de tu espacio.</p>,Atelier Store,Bano y Relax,"Bano y Relax, Minimalist, Eco, Atelier",TRUE,Title,Default Title,ATL-BAN-305,450,shopify,50,deny,manual,40.5,,TRUE,TRUE,,https://cdn.shopify.com/s/files/1/0533/2089/files/placeholder-images-product-1_large.png,1,Toalla de Bambu Atelier Atelier N5,FALSE,Toalla de Bambu Atelier Atelier N5,Comprar Toalla de Bambu Atelier Atelier N5 en Atelier Minimal Store.,active
bano-relax-sales-de-epsom-pastel-6,Sales de Epsom Pastel Atelier N6,<p>Exquisito sales de epsom elaborado artesanalmente. Tonos pastel suaves en verde y marron natural para la armonia de tu espacio.</p>,Atelier Store,Bano y Relax,"Bano y Relax, Minimalist, Eco, Atelier",TRUE,Title,Default Title,ATL-BAN-306,450,shopify,50,deny,manual,45.0,,TRUE,TRUE,,https://cdn.shopify.com/s/files/1/0533/2089/files/placeholder-images-image_large.png,1,Sales de Epsom Pastel Atelier N6,FALSE,Sales de Epsom Pastel Atelier N6,Comprar Sales de Epsom Pastel Atelier N6 en Atelier Minimal Store.,active
bano-relax-cepillo-seco-puro-7,Cepillo Seco Puro Atelier N7,<p>Exquisito cepillo seco elaborado artesanalmente. Tonos pastel suaves en verde y marron natural para la armonia de tu espacio.</p>,Atelier Store,Bano y Relax,"Bano y Relax, Minimalist, Eco, Atelier",TRUE,Title,Default Title,ATL-BAN-307,450,shopify,50,deny,manual,49.5,,TRUE,TRUE,,https://cdn.shopify.com/s/files/1/0533/2089/files/placeholder-images-lifestyle-1_large.png,1,Cepillo Seco Puro Atelier N7,FALSE,Cepillo Seco Puro Atelier N7,Comprar Cepillo Seco Puro Atelier N7 en Atelier Minimal Store.,active
bano-relax-jabon-de-arcilla-eco-8,Jabon de Arcilla Eco Atelier N8,<p>Exquisito jabon de arcilla elaborado artesanalmente. Tonos pastel suaves en verde y marron natural para la armonia de tu espacio.</p>,Atelier Store,Bano y Relax,"Bano y Relax, Minimalist, Eco, Atelier",TRUE,Title,Default Title,ATL-BAN-308,450,shopify,50,deny,manual,54.0,,TRUE,TRUE,,https://cdn.shopify.com/s/files/1/0533/2089/files/placeholder-images-product-1_large.png,1,Jabon de Arcilla Eco Atelier N8,FALSE,Jabon de Arcilla Eco Atelier N8,Comprar Jabon de Arcilla Eco Atelier N8 en Atelier Minimal Store.,active
bano-relax-alfombra-de-algodon-mate-9,Alfombra de Algodon Mate Atelier N9,<p>Exquisito alfombra de algodon elaborado artesanalmente. Tonos pastel suaves en verde y marron natural para la armonia de tu espacio.</p>,Atelier Store,Bano y Relax,"Bano y Relax, Minimalist, Eco, Atelier",TRUE,Title,Default Title,ATL-BAN-309,450,shopify,50,deny,manual,58.5,,TRUE,TRUE,,https://cdn.shopify.com/s/files/1/0533/2089/files/placeholder-images-image_large.png,1,Alfombra de Algodon Mate Atelier N9,FALSE,Alfombra de Algodon Mate Atelier N9,Comprar Alfombra de Algodon Mate Atelier N9 en Atelier Minimal Store.,active
bano-relax-toalla-de-bambu-artesanal-10,Toalla de Bambu Artesanal Atelier N10,<p>Exquisito toalla de bambu elaborado artesanalmente. Tonos pastel suaves en verde y marron natural para la armonia de tu espacio.</p>,Atelier Store,Bano y Relax,"Bano y Relax, Minimalist, Eco, Atelier",TRUE,Title,Default Title,ATL-BAN-310,450,shopify,50,deny,manual,63.0,,TRUE,TRUE,,https://cdn.shopify.com/s/files/1/0533/2089/files/placeholder-images-lifestyle-1_large.png,1,Toalla de Bambu Artesanal Atelier N10,FALSE,Toalla de Bambu Artesanal Atelier N10,Comprar Toalla de Bambu Artesanal Atelier N10 en Atelier Minimal Store.,active
bano-relax-sales-de-epsom-organico-11,Sales de Epsom Organico Atelier N11,<p>Exquisito sales de epsom elaborado artesanalmente. Tonos pastel suaves en verde y marron natural para la armonia de tu espacio.</p>,Atelier Store,Bano y Relax,"Bano y Relax, Minimalist, Eco, Atelier",TRUE,Title,Default Title,ATL-BAN-311,450,shopify,50,deny,manual,67.5,,TRUE,TRUE,,https://cdn.shopify.com/s/files/1/0533/2089/files/placeholder-images-product-1_large.png,1,Sales de Epsom Organico Atelier N11,FALSE,Sales de Epsom Organico Atelier N11,Comprar Sales de Epsom Organico Atelier N11 en Atelier Minimal Store.,active
bano-relax-cepillo-seco-botanico-12,Cepillo Seco Botanico Atelier N12,<p>Exquisito cepillo seco elaborado artesanalmente. Tonos pastel suaves en verde y marron natural para la armonia de tu espacio.</p>,Atelier Store,Bano y Relax,"Bano y Relax, Minimalist, Eco, Atelier",TRUE,Title,Default Title,ATL-BAN-312,450,shopify,50,deny,manual,72.0,,TRUE,TRUE,,https://cdn.shopify.com/s/files/1/0533/2089/files/placeholder-images-image_large.png,1,Cepillo Seco Botanico Atelier N12,FALSE,Cepillo Seco Botanico Atelier N12,Comprar Cepillo Seco Botanico Atelier N12 en Atelier Minimal Store.,active
bano-relax-jabon-de-arcilla-atelier-13,Jabon de Arcilla Atelier Atelier N13,<p>Exquisito jabon de arcilla elaborado artesanalmente. Tonos pastel suaves en verde y marron natural para la armonia de tu espacio.</p>,Atelier Store,Bano y Relax,"Bano y Relax, Minimalist, Eco, Atelier",TRUE,Title,Default Title,ATL-BAN-313,450,shopify,50,deny,manual,76.5,,TRUE,TRUE,,https://cdn.shopify.com/s/files/1/0533/2089/files/placeholder-images-lifestyle-1_large.png,1,Jabon de Arcilla Atelier Atelier N13,FALSE,Jabon de Arcilla Atelier Atelier N13,Comprar Jabon de Arcilla Atelier Atelier N13 en Atelier Minimal Store.,active
bano-relax-alfombra-de-algodon-pastel-14,Alfombra de Algodon Pastel Atelier N14,<p>Exquisito alfombra de algodon elaborado artesanalmente. Tonos pastel suaves en verde y marron natural para la armonia de tu espacio.</p>,Atelier Store,Bano y Relax,"Bano y Relax, Minimalist, Eco, Atelier",TRUE,Title,Default Title,ATL-BAN-314,450,shopify,50,deny,manual,81.0,,TRUE,TRUE,,https://cdn.shopify.com/s/files/1/0533/2089/files/placeholder-images-product-1_large.png,1,Alfombra de Algodon Pastel Atelier N14,FALSE,Alfombra de Algodon Pastel Atelier N14,Comprar Alfombra de Algodon Pastel Atelier N14 en Atelier Minimal Store.,active
bano-relax-toalla-de-bambu-puro-15,Toalla de Bambu Puro Atelier N15,<p>Exquisito toalla de bambu elaborado artesanalmente. Tonos pastel suaves en verde y marron natural para la armonia de tu espacio.</p>,Atelier Store,Bano y Relax,"Bano y Relax, Minimalist, Eco, Atelier",TRUE,Title,Default Title,ATL-BAN-315,450,shopify,50,deny,manual,85.5,,TRUE,TRUE,,https://cdn.shopify.com/s/files/1/0533/2089/files/placeholder-images-image_large.png,1,Toalla de Bambu Puro Atelier N15,FALSE,Toalla de Bambu Puro Atelier N15,Comprar Toalla de Bambu Puro Atelier N15 en Atelier Minimal Store.,active
bano-relax-sales-de-epsom-eco-16,Sales de Epsom Eco Atelier N16,<p>Exquisito sales de epsom elaborado artesanalmente. Tonos pastel suaves en verde y marron natural para la armonia de tu espacio.</p>,Atelier Store,Bano y Relax,"Bano y Relax, Minimalist, Eco, Atelier",TRUE,Title,Default Title,ATL-BAN-316,450,shopify,50,deny,manual,90.0,,TRUE,TRUE,,https://cdn.shopify.com/s/files/1/0533/2089/files/placeholder-images-lifestyle-1_large.png,1,Sales de Epsom Eco Atelier N16,FALSE,Sales de Epsom Eco Atelier N16,Comprar Sales de Epsom Eco Atelier N16 en Atelier Minimal Store.,active
bano-relax-cepillo-seco-mate-17,Cepillo Seco Mate Atelier N17,<p>Exquisito cepillo seco elaborado artesanalmente. Tonos pastel suaves en verde y marron natural para la armonia de tu espacio.</p>,Atelier Store,Bano y Relax,"Bano y Relax, Minimalist, Eco, Atelier",TRUE,Title,Default Title,ATL-BAN-317,450,shopify,50,deny,manual,94.5,,TRUE,TRUE,,https://cdn.shopify.com/s/files/1/0533/2089/files/placeholder-images-product-1_large.png,1,Cepillo Seco Mate Atelier N17,FALSE,Cepillo Seco Mate Atelier N17,Comprar Cepillo Seco Mate Atelier N17 en Atelier Minimal Store.,active
bano-relax-jabon-de-arcilla-artesanal-18,Jabon de Arcilla Artesanal Atelier N18,<p>Exquisito jabon de arcilla elaborado artesanalmente. Tonos pastel suaves en verde y marron natural para la armonia de tu espacio.</p>,Atelier Store,Bano y Relax,"Bano y Relax, Minimalist, Eco, Atelier",TRUE,Title,Default Title,ATL-BAN-318,450,shopify,50,deny,manual,99.0,,TRUE,TRUE,,https://cdn.shopify.com/s/files/1/0533/2089/files/placeholder-images-image_large.png,1,Jabon de Arcilla Artesanal Atelier N18,FALSE,Jabon de Arcilla Artesanal Atelier N18,Comprar Jabon de Arcilla Artesanal Atelier N18 en Atelier Minimal Store.,active
bano-relax-alfombra-de-algodon-organico-19,Alfombra de Algodon Organico Atelier N19,<p>Exquisito alfombra de algodon elaborado artesanalmente. Tonos pastel suaves en verde y marron natural para la armonia de tu espacio.</p>,Atelier Store,Bano y Relax,"Bano y Relax, Minimalist, Eco, Atelier",TRUE,Title,Default Title,ATL-BAN-319,450,shopify,50,deny,manual,103.5,,TRUE,TRUE,,https://cdn.shopify.com/s/files/1/0533/2089/files/placeholder-images-lifestyle-1_large.png,1,Alfombra de Algodon Organico Atelier N19,FALSE,Alfombra de Algodon Organico Atelier N19,Comprar Alfombra de Algodon Organico Atelier N19 en Atelier Minimal Store.,active
bano-relax-toalla-de-bambu-botanico-20,Toalla de Bambu Botanico Atelier N20,<p>Exquisito toalla de bambu elaborado artesanalmente. Tonos pastel suaves en verde y marron natural para la armonia de tu espacio.</p>,Atelier Store,Bano y Relax,"Bano y Relax, Minimalist, Eco, Atelier",TRUE,Title,Default Title,ATL-BAN-320,450,shopify,50,deny,manual,108.0,,TRUE,TRUE,,https://cdn.shopify.com/s/files/1/0533/2089/files/placeholder-images-product-1_large.png,1,Toalla de Bambu Botanico Atelier N20,FALSE,Toalla de Bambu Botanico Atelier N20,Comprar Toalla de Bambu Botanico Atelier N20 en Atelier Minimal Store.,active
cocina-sustentable-envoltorio-de-cera-organico-1,Envoltorio de Cera Organico Atelier N1,<p>Exquisito envoltorio de cera elaborado artesanalmente. Tonos pastel suaves en verde y marron natural para la armonia de tu espacio.</p>,Atelier Store,Cocina Sustentable,"Cocina Sustentable, Minimalist, Eco, Atelier",TRUE,Title,Default Title,ATL-COC-321,450,shopify,50,deny,manual,42.5,,TRUE,TRUE,,https://cdn.shopify.com/s/files/1/0533/2089/files/placeholder-images-image_large.png,1,Envoltorio de Cera Organico Atelier N1,FALSE,Envoltorio de Cera Organico Atelier N1,Comprar Envoltorio de Cera Organico Atelier N1 en Atelier Minimal Store.,active
cocina-sustentable-sorbetes-de-acero-botanico-2,Sorbetes de Acero Botanico Atelier N2,<p>Exquisito sorbetes de acero elaborado artesanalmente. Tonos pastel suaves en verde y marron natural para la armonia de tu espacio.</p>,Atelier Store,Cocina Sustentable,"Cocina Sustentable, Minimalist, Eco, Atelier",TRUE,Title,Default Title,ATL-COC-322,450,shopify,50,deny,manual,47.0,,TRUE,TRUE,,https://cdn.shopify.com/s/files/1/0533/2089/files/placeholder-images-lifestyle-1_large.png,1,Sorbetes de Acero Botanico Atelier N2,FALSE,Sorbetes de Acero Botanico Atelier N2,Comprar Sorbetes de Acero Botanico Atelier N2 en Atelier Minimal Store.,active
cocina-sustentable-bolsa-leche-vegetal-atelier-3,Bolsa Leche Vegetal Atelier Atelier N3,<p>Exquisito bolsa leche vegetal elaborado artesanalmente. Tonos pastel suaves en verde y marron natural para la armonia de tu espacio.</p>,Atelier Store,Cocina Sustentable,"Cocina Sustentable, Minimalist, Eco, Atelier",TRUE,Title,Default Title,ATL-COC-323,450,shopify,50,deny,manual,51.5,,TRUE,TRUE,,https://cdn.shopify.com/s/files/1/0533/2089/files/placeholder-images-product-1_large.png,1,Bolsa Leche Vegetal Atelier Atelier N3,FALSE,Bolsa Leche Vegetal Atelier Atelier N3,Comprar Bolsa Leche Vegetal Atelier Atelier N3 en Atelier Minimal Store.,active
cocina-sustentable-filtro-de-cafe-pastel-4,Filtro de Cafe Pastel Atelier N4,<p>Exquisito filtro de cafe elaborado artesanalmente. Tonos pastel suaves en verde y marron natural para la armonia de tu espacio.</p>,Atelier Store,Cocina Sustentable,"Cocina Sustentable, Minimalist, Eco, Atelier",TRUE,Title,Default Title,ATL-COC-324,450,shopify,50,deny,manual,56.0,,TRUE,TRUE,,https://cdn.shopify.com/s/files/1/0533/2089/files/placeholder-images-image_large.png,1,Filtro de Cafe Pastel Atelier N4,FALSE,Filtro de Cafe Pastel Atelier N4,Comprar Filtro de Cafe Pastel Atelier N4 en Atelier Minimal Store.,active
cocina-sustentable-frasco-de-vidrio-puro-5,Frasco de Vidrio Puro Atelier N5,<p>Exquisito frasco de vidrio elaborado artesanalmente. Tonos pastel suaves en verde y marron natural para la armonia de tu espacio.</p>,Atelier Store,Cocina Sustentable,"Cocina Sustentable, Minimalist, Eco, Atelier",TRUE,Title,Default Title,ATL-COC-325,450,shopify,50,deny,manual,35.5,,TRUE,TRUE,,https://cdn.shopify.com/s/files/1/0533/2089/files/placeholder-images-lifestyle-1_large.png,1,Frasco de Vidrio Puro Atelier N5,FALSE,Frasco de Vidrio Puro Atelier N5,Comprar Frasco de Vidrio Puro Atelier N5 en Atelier Minimal Store.,active
cocina-sustentable-envoltorio-de-cera-eco-6,Envoltorio de Cera Eco Atelier N6,<p>Exquisito envoltorio de cera elaborado artesanalmente. Tonos pastel suaves en verde y marron natural para la armonia de tu espacio.</p>,Atelier Store,Cocina Sustentable,"Cocina Sustentable, Minimalist, Eco, Atelier",TRUE,Title,Default Title,ATL-COC-326,450,shopify,50,deny,manual,40.0,,TRUE,TRUE,,https://cdn.shopify.com/s/files/1/0533/2089/files/placeholder-images-product-1_large.png,1,Envoltorio de Cera Eco Atelier N6,FALSE,Envoltorio de Cera Eco Atelier N6,Comprar Envoltorio de Cera Eco Atelier N6 en Atelier Minimal Store.,active
cocina-sustentable-sorbetes-de-acero-mate-7,Sorbetes de Acero Mate Atelier N7,<p>Exquisito sorbetes de acero elaborado artesanalmente. Tonos pastel suaves en verde y marron natural para la armonia de tu espacio.</p>,Atelier Store,Cocina Sustentable,"Cocina Sustentable, Minimalist, Eco, Atelier",TRUE,Title,Default Title,ATL-COC-327,450,shopify,50,deny,manual,44.5,,TRUE,TRUE,,https://cdn.shopify.com/s/files/1/0533/2089/files/placeholder-images-image_large.png,1,Sorbetes de Acero Mate Atelier N7,FALSE,Sorbetes de Acero Mate Atelier N7,Comprar Sorbetes de Acero Mate Atelier N7 en Atelier Minimal Store.,active
cocina-sustentable-bolsa-leche-vegetal-artesanal-8,Bolsa Leche Vegetal Artesanal Atelier N8,<p>Exquisito bolsa leche vegetal elaborado artesanalmente. Tonos pastel suaves en verde y marron natural para la armonia de tu espacio.</p>,Atelier Store,Cocina Sustentable,"Cocina Sustentable, Minimalist, Eco, Atelier",TRUE,Title,Default Title,ATL-COC-328,450,shopify,50,deny,manual,49.0,,TRUE,TRUE,,https://cdn.shopify.com/s/files/1/0533/2089/files/placeholder-images-lifestyle-1_large.png,1,Bolsa Leche Vegetal Artesanal Atelier N8,FALSE,Bolsa Leche Vegetal Artesanal Atelier N8,Comprar Bolsa Leche Vegetal Artesanal Atelier N8 en Atelier Minimal Store.,active
cocina-sustentable-filtro-de-cafe-organico-9,Filtro de Cafe Organico Atelier N9,<p>Exquisito filtro de cafe elaborado artesanalmente. Tonos pastel suaves en verde y marron natural para la armonia de tu espacio.</p>,Atelier Store,Cocina Sustentable,"Cocina Sustentable, Minimalist, Eco, Atelier",TRUE,Title,Default Title,ATL-COC-329,450,shopify,50,deny,manual,53.5,,TRUE,TRUE,,https://cdn.shopify.com/s/files/1/0533/2089/files/placeholder-images-product-1_large.png,1,Filtro de Cafe Organico Atelier N9,FALSE,Filtro de Cafe Organico Atelier N9,Comprar Filtro de Cafe Organico Atelier N9 en Atelier Minimal Store.,active
cocina-sustentable-frasco-de-vidrio-botanico-10,Frasco de Vidrio Botanico Atelier N10,<p>Exquisito frasco de vidrio elaborado artesanalmente. Tonos pastel suaves en verde y marron natural para la armonia de tu espacio.</p>,Atelier Store,Cocina Sustentable,"Cocina Sustentable, Minimalist, Eco, Atelier",TRUE,Title,Default Title,ATL-COC-330,450,shopify,50,deny,manual,58.0,,TRUE,TRUE,,https://cdn.shopify.com/s/files/1/0533/2089/files/placeholder-images-image_large.png,1,Frasco de Vidrio Botanico Atelier N10,FALSE,Frasco de Vidrio Botanico Atelier N10,Comprar Frasco de Vidrio Botanico Atelier N10 en Atelier Minimal Store.,active
cocina-sustentable-envoltorio-de-cera-atelier-11,Envoltorio de Cera Atelier Atelier N11,<p>Exquisito envoltorio de cera elaborado artesanalmente. Tonos pastel suaves en verde y marron natural para la armonia de tu espacio.</p>,Atelier Store,Cocina Sustentable,"Cocina Sustentable, Minimalist, Eco, Atelier",TRUE,Title,Default Title,ATL-COC-331,450,shopify,50,deny,manual,62.5,,TRUE,TRUE,,https://cdn.shopify.com/s/files/1/0533/2089/files/placeholder-images-lifestyle-1_large.png,1,Envoltorio de Cera Atelier Atelier N11,FALSE,Envoltorio de Cera Atelier Atelier N11,Comprar Envoltorio de Cera Atelier Atelier N11 en Atelier Minimal Store.,active
cocina-sustentable-sorbetes-de-acero-pastel-12,Sorbetes de Acero Pastel Atelier N12,<p>Exquisito sorbetes de acero elaborado artesanalmente. Tonos pastel suaves en verde y marron natural para la armonia de tu espacio.</p>,Atelier Store,Cocina Sustentable,"Cocina Sustentable, Minimalist, Eco, Atelier",TRUE,Title,Default Title,ATL-COC-332,450,shopify,50,deny,manual,67.0,,TRUE,TRUE,,https://cdn.shopify.com/s/files/1/0533/2089/files/placeholder-images-product-1_large.png,1,Sorbetes de Acero Pastel Atelier N12,FALSE,Sorbetes de Acero Pastel Atelier N12,Comprar Sorbetes de Acero Pastel Atelier N12 en Atelier Minimal Store.,active
cocina-sustentable-bolsa-leche-vegetal-puro-13,Bolsa Leche Vegetal Puro Atelier N13,<p>Exquisito bolsa leche vegetal elaborado artesanalmente. Tonos pastel suaves en verde y marron natural para la armonia de tu espacio.</p>,Atelier Store,Cocina Sustentable,"Cocina Sustentable, Minimalist, Eco, Atelier",TRUE,Title,Default Title,ATL-COC-333,450,shopify,50,deny,manual,71.5,,TRUE,TRUE,,https://cdn.shopify.com/s/files/1/0533/2089/files/placeholder-images-image_large.png,1,Bolsa Leche Vegetal Puro Atelier N13,FALSE,Bolsa Leche Vegetal Puro Atelier N13,Comprar Bolsa Leche Vegetal Puro Atelier N13 en Atelier Minimal Store.,active
cocina-sustentable-filtro-de-cafe-eco-14,Filtro de Cafe Eco Atelier N14,<p>Exquisito filtro de cafe elaborado artesanalmente. Tonos pastel suaves en verde y marron natural para la armonia de tu espacio.</p>,Atelier Store,Cocina Sustentable,"Cocina Sustentable, Minimalist, Eco, Atelier",TRUE,Title,Default Title,ATL-COC-334,450,shopify,50,deny,manual,76.0,,TRUE,TRUE,,https://cdn.shopify.com/s/files/1/0533/2089/files/placeholder-images-lifestyle-1_large.png,1,Filtro de Cafe Eco Atelier N14,FALSE,Filtro de Cafe Eco Atelier N14,Comprar Filtro de Cafe Eco Atelier N14 en Atelier Minimal Store.,active
cocina-sustentable-frasco-de-vidrio-mate-15,Frasco de Vidrio Mate Atelier N15,<p>Exquisito frasco de vidrio elaborado artesanalmente. Tonos pastel suaves en verde y marron natural para la armonia de tu espacio.</p>,Atelier Store,Cocina Sustentable,"Cocina Sustentable, Minimalist, Eco, Atelier",TRUE,Title,Default Title,ATL-COC-335,450,shopify,50,deny,manual,80.5,,TRUE,TRUE,,https://cdn.shopify.com/s/files/1/0533/2089/files/placeholder-images-product-1_large.png,1,Frasco de Vidrio Mate Atelier N15,FALSE,Frasco de Vidrio Mate Atelier N15,Comprar Frasco de Vidrio Mate Atelier N15 en Atelier Minimal Store.,active
cocina-sustentable-envoltorio-de-cera-artesanal-16,Envoltorio de Cera Artesanal Atelier N16,<p>Exquisito envoltorio de cera elaborado artesanalmente. Tonos pastel suaves en verde y marron natural para la armonia de tu espacio.</p>,Atelier Store,Cocina Sustentable,"Cocina Sustentable, Minimalist, Eco, Atelier",TRUE,Title,Default Title,ATL-COC-336,450,shopify,50,deny,manual,85.0,,TRUE,TRUE,,https://cdn.shopify.com/s/files/1/0533/2089/files/placeholder-images-image_large.png,1,Envoltorio de Cera Artesanal Atelier N16,FALSE,Envoltorio de Cera Artesanal Atelier N16,Comprar Envoltorio de Cera Artesanal Atelier N16 en Atelier Minimal Store.,active
cocina-sustentable-sorbetes-de-acero-organico-17,Sorbetes de Acero Organico Atelier N17,<p>Exquisito sorbetes de acero elaborado artesanalmente. Tonos pastel suaves en verde y marron natural para la armonia de tu espacio.</p>,Atelier Store,Cocina Sustentable,"Cocina Sustentable, Minimalist, Eco, Atelier",TRUE,Title,Default Title,ATL-COC-337,450,shopify,50,deny,manual,89.5,,TRUE,TRUE,,https://cdn.shopify.com/s/files/1/0533/2089/files/placeholder-images-lifestyle-1_large.png,1,Sorbetes de Acero Organico Atelier N17,FALSE,Sorbetes de Acero Organico Atelier N17,Comprar Sorbetes de Acero Organico Atelier N17 en Atelier Minimal Store.,active
cocina-sustentable-bolsa-leche-vegetal-botanico-18,Bolsa Leche Vegetal Botanico Atelier N18,<p>Exquisito bolsa leche vegetal elaborado artesanalmente. Tonos pastel suaves en verde y marron natural para la armonia de tu espacio.</p>,Atelier Store,Cocina Sustentable,"Cocina Sustentable, Minimalist, Eco, Atelier",TRUE,Title,Default Title,ATL-COC-338,450,shopify,50,deny,manual,94.0,,TRUE,TRUE,,https://cdn.shopify.com/s/files/1/0533/2089/files/placeholder-images-product-1_large.png,1,Bolsa Leche Vegetal Botanico Atelier N18,FALSE,Bolsa Leche Vegetal Botanico Atelier N18,Comprar Bolsa Leche Vegetal Botanico Atelier N18 en Atelier Minimal Store.,active
cocina-sustentable-filtro-de-cafe-atelier-19,Filtro de Cafe Atelier Atelier N19,<p>Exquisito filtro de cafe elaborado artesanalmente. Tonos pastel suaves en verde y marron natural para la armonia de tu espacio.</p>,Atelier Store,Cocina Sustentable,"Cocina Sustentable, Minimalist, Eco, Atelier",TRUE,Title,Default Title,ATL-COC-339,450,shopify,50,deny,manual,98.5,,TRUE,TRUE,,https://cdn.shopify.com/s/files/1/0533/2089/files/placeholder-images-image_large.png,1,Filtro de Cafe Atelier Atelier N19,FALSE,Filtro de Cafe Atelier Atelier N19,Comprar Filtro de Cafe Atelier Atelier N19 en Atelier Minimal Store.,active
cocina-sustentable-frasco-de-vidrio-pastel-20,Frasco de Vidrio Pastel Atelier N20,<p>Exquisito frasco de vidrio elaborado artesanalmente. Tonos pastel suaves en verde y marron natural para la armonia de tu espacio.</p>,Atelier Store,Cocina Sustentable,"Cocina Sustentable, Minimalist, Eco, Atelier",TRUE,Title,Default Title,ATL-COC-340,450,shopify,50,deny,manual,103.0,,TRUE,TRUE,,https://cdn.shopify.com/s/files/1/0533/2089/files/placeholder-images-lifestyle-1_large.png,1,Frasco de Vidrio Pastel Atelier N20,FALSE,Frasco de Vidrio Pastel Atelier N20,Comprar Frasco de Vidrio Pastel Atelier N20 en Atelier Minimal Store.,active
movilidad-eco-bolsa-tote-atelier-1,Bolsa Tote Atelier Atelier N1,<p>Exquisito bolsa tote elaborado artesanalmente. Tonos pastel suaves en verde y marron natural para la armonia de tu espacio.</p>,Atelier Store,Movilidad y Botellas,"Movilidad y Botellas, Minimalist, Eco, Atelier",TRUE,Title,Default Title,ATL-MOV-341,450,shopify,50,deny,manual,37.5,,TRUE,TRUE,,https://cdn.shopify.com/s/files/1/0533/2089/files/placeholder-images-product-1_large.png,1,Bolsa Tote Atelier Atelier N1,FALSE,Bolsa Tote Atelier Atelier N1,Comprar Bolsa Tote Atelier Atelier N1 en Atelier Minimal Store.,active
movilidad-eco-mochila-de-lona-pastel-2,Mochila de Lona Pastel Atelier N2,<p>Exquisito mochila de lona elaborado artesanalmente. Tonos pastel suaves en verde y marron natural para la armonia de tu espacio.</p>,Atelier Store,Movilidad y Botellas,"Movilidad y Botellas, Minimalist, Eco, Atelier",TRUE,Title,Default Title,ATL-MOV-342,450,shopify,50,deny,manual,42.0,,TRUE,TRUE,,https://cdn.shopify.com/s/files/1/0533/2089/files/placeholder-images-image_large.png,1,Mochila de Lona Pastel Atelier N2,FALSE,Mochila de Lona Pastel Atelier N2,Comprar Mochila de Lona Pastel Atelier N2 en Atelier Minimal Store.,active
movilidad-eco-vasito-plegable-puro-3,Vasito Plegable Puro Atelier N3,<p>Exquisito vasito plegable elaborado artesanalmente. Tonos pastel suaves en verde y marron natural para la armonia de tu espacio.</p>,Atelier Store,Movilidad y Botellas,"Movilidad y Botellas, Minimalist, Eco, Atelier",TRUE,Title,Default Title,ATL-MOV-343,450,shopify,50,deny,manual,46.5,,TRUE,TRUE,,https://cdn.shopify.com/s/files/1/0533/2089/files/placeholder-images-lifestyle-1_large.png,1,Vasito Plegable Puro Atelier N3,FALSE,Vasito Plegable Puro Atelier N3,Comprar Vasito Plegable Puro Atelier N3 en Atelier Minimal Store.,active
movilidad-eco-funda-de-laptop-eco-4,Funda de Laptop Eco Atelier N4,<p>Exquisito funda de laptop elaborado artesanalmente. Tonos pastel suaves en verde y marron natural para la armonia de tu espacio.</p>,Atelier Store,Movilidad y Botellas,"Movilidad y Botellas, Minimalist, Eco, Atelier",TRUE,Title,Default Title,ATL-MOV-344,450,shopify,50,deny,manual,51.0,,TRUE,TRUE,,https://cdn.shopify.com/s/files/1/0533/2089/files/placeholder-images-product-1_large.png,1,Funda de Laptop Eco Atelier N4,FALSE,Funda de Laptop Eco Atelier N4,Comprar Funda de Laptop Eco Atelier N4 en Atelier Minimal Store.,active
movilidad-eco-botella-termica-mate-5,Botella Termica Mate Atelier N5,<p>Exquisito botella termica elaborado artesanalmente. Tonos pastel suaves en verde y marron natural para la armonia de tu espacio.</p>,Atelier Store,Movilidad y Botellas,"Movilidad y Botellas, Minimalist, Eco, Atelier",TRUE,Title,Default Title,ATL-MOV-345,450,shopify,50,deny,manual,55.5,,TRUE,TRUE,,https://cdn.shopify.com/s/files/1/0533/2089/files/placeholder-images-image_large.png,1,Botella Termica Mate Atelier N5,FALSE,Botella Termica Mate Atelier N5,Comprar Botella Termica Mate Atelier N5 en Atelier Minimal Store.,active
movilidad-eco-bolsa-tote-artesanal-6,Bolsa Tote Artesanal Atelier N6,<p>Exquisito bolsa tote elaborado artesanalmente. Tonos pastel suaves en verde y marron natural para la armonia de tu espacio.</p>,Atelier Store,Movilidad y Botellas,"Movilidad y Botellas, Minimalist, Eco, Atelier",TRUE,Title,Default Title,ATL-MOV-346,450,shopify,50,deny,manual,60.0,,TRUE,TRUE,,https://cdn.shopify.com/s/files/1/0533/2089/files/placeholder-images-lifestyle-1_large.png,1,Bolsa Tote Artesanal Atelier N6,FALSE,Bolsa Tote Artesanal Atelier N6,Comprar Bolsa Tote Artesanal Atelier N6 en Atelier Minimal Store.,active
movilidad-eco-mochila-de-lona-organico-7,Mochila de Lona Organico Atelier N7,<p>Exquisito mochila de lona elaborado artesanalmente. Tonos pastel suaves en verde y marron natural para la armonia de tu espacio.</p>,Atelier Store,Movilidad y Botellas,"Movilidad y Botellas, Minimalist, Eco, Atelier",TRUE,Title,Default Title,ATL-MOV-347,450,shopify,50,deny,manual,64.5,,TRUE,TRUE,,https://cdn.shopify.com/s/files/1/0533/2089/files/placeholder-images-product-1_large.png,1,Mochila de Lona Organico Atelier N7,FALSE,Mochila de Lona Organico Atelier N7,Comprar Mochila de Lona Organico Atelier N7 en Atelier Minimal Store.,active
movilidad-eco-vasito-plegable-botanico-8,Vasito Plegable Botanico Atelier N8,<p>Exquisito vasito plegable elaborado artesanalmente. Tonos pastel suaves en verde y marron natural para la armonia de tu espacio.</p>,Atelier Store,Movilidad y Botellas,"Movilidad y Botellas, Minimalist, Eco, Atelier",TRUE,Title,Default Title,ATL-MOV-348,450,shopify,50,deny,manual,69.0,,TRUE,TRUE,,https://cdn.shopify.com/s/files/1/0533/2089/files/placeholder-images-image_large.png,1,Vasito Plegable Botanico Atelier N8,FALSE,Vasito Plegable Botanico Atelier N8,Comprar Vasito Plegable Botanico Atelier N8 en Atelier Minimal Store.,active
movilidad-eco-funda-de-laptop-atelier-9,Funda de Laptop Atelier Atelier N9,<p>Exquisito funda de laptop elaborado artesanalmente. Tonos pastel suaves en verde y marron natural para la armonia de tu espacio.</p>,Atelier Store,Movilidad y Botellas,"Movilidad y Botellas, Minimalist, Eco, Atelier",TRUE,Title,Default Title,ATL-MOV-349,450,shopify,50,deny,manual,73.5,,TRUE,TRUE,,https://cdn.shopify.com/s/files/1/0533/2089/files/placeholder-images-lifestyle-1_large.png,1,Funda de Laptop Atelier Atelier N9,FALSE,Funda de Laptop Atelier Atelier N9,Comprar Funda de Laptop Atelier Atelier N9 en Atelier Minimal Store.,active
movilidad-eco-botella-termica-pastel-10,Botella Termica Pastel Atelier N10,<p>Exquisito botella termica elaborado artesanalmente. Tonos pastel suaves en verde y marron natural para la armonia de tu espacio.</p>,Atelier Store,Movilidad y Botellas,"Movilidad y Botellas, Minimalist, Eco, Atelier",TRUE,Title,Default Title,ATL-MOV-350,450,shopify,50,deny,manual,53.0,,TRUE,TRUE,,https://cdn.shopify.com/s/files/1/0533/2089/files/placeholder-images-product-1_large.png,1,Botella Termica Pastel Atelier N10,FALSE,Botella Termica Pastel Atelier N10,Comprar Botella Termica Pastel Atelier N10 en Atelier Minimal Store.,active
movilidad-eco-bolsa-tote-puro-11,Bolsa Tote Puro Atelier N11,<p>Exquisito bolsa tote elaborado artesanalmente. Tonos pastel suaves en verde y marron natural para la armonia de tu espacio.</p>,Atelier Store,Movilidad y Botellas,"Movilidad y Botellas, Minimalist, Eco, Atelier",TRUE,Title,Default Title,ATL-MOV-351,450,shopify,50,deny,manual,57.5,,TRUE,TRUE,,https://cdn.shopify.com/s/files/1/0533/2089/files/placeholder-images-image_large.png,1,Bolsa Tote Puro Atelier N11,FALSE,Bolsa Tote Puro Atelier N11,Comprar Bolsa Tote Puro Atelier N11 en Atelier Minimal Store.,active
movilidad-eco-mochila-de-lona-eco-12,Mochila de Lona Eco Atelier N12,<p>Exquisito mochila de lona elaborado artesanalmente. Tonos pastel suaves en verde y marron natural para la armonia de tu espacio.</p>,Atelier Store,Movilidad y Botellas,"Movilidad y Botellas, Minimalist, Eco, Atelier",TRUE,Title,Default Title,ATL-MOV-352,450,shopify,50,deny,manual,62.0,,TRUE,TRUE,,https://cdn.shopify.com/s/files/1/0533/2089/files/placeholder-images-lifestyle-1_large.png,1,Mochila de Lona Eco Atelier N12,FALSE,Mochila de Lona Eco Atelier N12,Comprar Mochila de Lona Eco Atelier N12 en Atelier Minimal Store.,active
movilidad-eco-vasito-plegable-mate-13,Vasito Plegable Mate Atelier N13,<p>Exquisito vasito plegable elaborado artesanalmente. Tonos pastel suaves en verde y marron natural para la armonia de tu espacio.</p>,Atelier Store,Movilidad y Botellas,"Movilidad y Botellas, Minimalist, Eco, Atelier",TRUE,Title,Default Title,ATL-MOV-353,450,shopify,50,deny,manual,66.5,,TRUE,TRUE,,https://cdn.shopify.com/s/files/1/0533/2089/files/placeholder-images-product-1_large.png,1,Vasito Plegable Mate Atelier N13,FALSE,Vasito Plegable Mate Atelier N13,Comprar Vasito Plegable Mate Atelier N13 en Atelier Minimal Store.,active
movilidad-eco-funda-de-laptop-artesanal-14,Funda de Laptop Artesanal Atelier N14,<p>Exquisito funda de laptop elaborado artesanalmente. Tonos pastel suaves en verde y marron natural para la armonia de tu espacio.</p>,Atelier Store,Movilidad y Botellas,"Movilidad y Botellas, Minimalist, Eco, Atelier",TRUE,Title,Default Title,ATL-MOV-354,450,shopify,50,deny,manual,71.0,,TRUE,TRUE,,https://cdn.shopify.com/s/files/1/0533/2089/files/placeholder-images-image_large.png,1,Funda de Laptop Artesanal Atelier N14,FALSE,Funda de Laptop Artesanal Atelier N14,Comprar Funda de Laptop Artesanal Atelier N14 en Atelier Minimal Store.,active
movilidad-eco-botella-termica-organico-15,Botella Termica Organico Atelier N15,<p>Exquisito botella termica elaborado artesanalmente. Tonos pastel suaves en verde y marron natural para la armonia de tu espacio.</p>,Atelier Store,Movilidad y Botellas,"Movilidad y Botellas, Minimalist, Eco, Atelier",TRUE,Title,Default Title,ATL-MOV-355,450,shopify,50,deny,manual,75.5,,TRUE,TRUE,,https://cdn.shopify.com/s/files/1/0533/2089/files/placeholder-images-lifestyle-1_large.png,1,Botella Termica Organico Atelier N15,FALSE,Botella Termica Organico Atelier N15,Comprar Botella Termica Organico Atelier N15 en Atelier Minimal Store.,active
movilidad-eco-bolsa-tote-botanico-16,Bolsa Tote Botanico Atelier N16,<p>Exquisito bolsa tote elaborado artesanalmente. Tonos pastel suaves en verde y marron natural para la armonia de tu espacio.</p>,Atelier Store,Movilidad y Botellas,"Movilidad y Botellas, Minimalist, Eco, Atelier",TRUE,Title,Default Title,ATL-MOV-356,450,shopify,50,deny,manual,80.0,,TRUE,TRUE,,https://cdn.shopify.com/s/files/1/0533/2089/files/placeholder-images-product-1_large.png,1,Bolsa Tote Botanico Atelier N16,FALSE,Bolsa Tote Botanico Atelier N16,Comprar Bolsa Tote Botanico Atelier N16 en Atelier Minimal Store.,active
movilidad-eco-mochila-de-lona-atelier-17,Mochila de Lona Atelier Atelier N17,<p>Exquisito mochila de lona elaborado artesanalmente. Tonos pastel suaves en verde y marron natural para la armonia de tu espacio.</p>,Atelier Store,Movilidad y Botellas,"Movilidad y Botellas, Minimalist, Eco, Atelier",TRUE,Title,Default Title,ATL-MOV-357,450,shopify,50,deny,manual,84.5,,TRUE,TRUE,,https://cdn.shopify.com/s/files/1/0533/2089/files/placeholder-images-image_large.png,1,Mochila de Lona Atelier Atelier N17,FALSE,Mochila de Lona Atelier Atelier N17,Comprar Mochila de Lona Atelier Atelier N17 en Atelier Minimal Store.,active
movilidad-eco-vasito-plegable-pastel-18,Vasito Plegable Pastel Atelier N18,<p>Exquisito vasito plegable elaborado artesanalmente. Tonos pastel suaves en verde y marron natural para la armonia de tu espacio.</p>,Atelier Store,Movilidad y Botellas,"Movilidad y Botellas, Minimalist, Eco, Atelier",TRUE,Title,Default Title,ATL-MOV-358,450,shopify,50,deny,manual,89.0,,TRUE,TRUE,,https://cdn.shopify.com/s/files/1/0533/2089/files/placeholder-images-lifestyle-1_large.png,1,Vasito Plegable Pastel Atelier N18,FALSE,Vasito Plegable Pastel Atelier N18,Comprar Vasito Plegable Pastel Atelier N18 en Atelier Minimal Store.,active
movilidad-eco-funda-de-laptop-puro-19,Funda de Laptop Puro Atelier N19,<p>Exquisito funda de laptop elaborado artesanalmente. Tonos pastel suaves en verde y marron natural para la armonia de tu espacio.</p>,Atelier Store,Movilidad y Botellas,"Movilidad y Botellas, Minimalist, Eco, Atelier",TRUE,Title,Default Title,ATL-MOV-359,450,shopify,50,deny,manual,93.5,,TRUE,TRUE,,https://cdn.shopify.com/s/files/1/0533/2089/files/placeholder-images-product-1_large.png,1,Funda de Laptop Puro Atelier N19,FALSE,Funda de Laptop Puro Atelier N19,Comprar Funda de Laptop Puro Atelier N19 en Atelier Minimal Store.,active
movilidad-eco-botella-termica-eco-20,Botella Termica Eco Atelier N20,<p>Exquisito botella termica elaborado artesanalmente. Tonos pastel suaves en verde y marron natural para la armonia de tu espacio.</p>,Atelier Store,Movilidad y Botellas,"Movilidad y Botellas, Minimalist, Eco, Atelier",TRUE,Title,Default Title,ATL-MOV-360,450,shopify,50,deny,manual,98.0,,TRUE,TRUE,,https://cdn.shopify.com/s/files/1/0533/2089/files/placeholder-images-image_large.png,1,Botella Termica Eco Atelier N20,FALSE,Botella Termica Eco Atelier N20,Comprar Botella Termica Eco Atelier N20 en Atelier Minimal Store.,active
arte-botanico-cuadro-eucalipto-puro-1,Cuadro Eucalipto Puro Atelier N1,<p>Exquisito cuadro eucalipto elaborado artesanalmente. Tonos pastel suaves en verde y marron natural para la armonia de tu espacio.</p>,Atelier Store,Arte y Cuadros Botanicos,"Arte y Cuadros Botanicos, Minimalist, Eco, Atelier",TRUE,Title,Default Title,ATL-ART-361,450,shopify,50,deny,manual,32.5,,TRUE,TRUE,,https://cdn.shopify.com/s/files/1/0533/2089/files/placeholder-images-lifestyle-1_large.png,1,Cuadro Eucalipto Puro Atelier N1,FALSE,Cuadro Eucalipto Puro Atelier N1,Comprar Cuadro Eucalipto Puro Atelier N1 en Atelier Minimal Store.,active
arte-botanico-marco-de-roble-eco-2,Marco de Roble Eco Atelier N2,<p>Exquisito marco de roble elaborado artesanalmente. Tonos pastel suaves en verde y marron natural para la armonia de tu espacio.</p>,Atelier Store,Arte y Cuadros Botanicos,"Arte y Cuadros Botanicos, Minimalist, Eco, Atelier",TRUE,Title,Default Title,ATL-ART-362,450,shopify,50,deny,manual,37.0,,TRUE,TRUE,,https://cdn.shopify.com/s/files/1/0533/2089/files/placeholder-images-product-1_large.png,1,Marco de Roble Eco Atelier N2,FALSE,Marco de Roble Eco Atelier N2,Comprar Marco de Roble Eco Atelier N2 en Atelier Minimal Store.,active
arte-botanico-prensa-de-flores-mate-3,Prensa de Flores Mate Atelier N3,<p>Exquisito prensa de flores elaborado artesanalmente. Tonos pastel suaves en verde y marron natural para la armonia de tu espacio.</p>,Atelier Store,Arte y Cuadros Botanicos,"Arte y Cuadros Botanicos, Minimalist, Eco, Atelier",TRUE,Title,Default Title,ATL-ART-363,450,shopify,50,deny,manual,41.5,,TRUE,TRUE,,https://cdn.shopify.com/s/files/1/0533/2089/files/placeholder-images-image_large.png,1,Prensa de Flores Mate Atelier N3,FALSE,Prensa de Flores Mate Atelier N3,Comprar Prensa de Flores Mate Atelier N3 en Atelier Minimal Store.,active
arte-botanico-poster-minimal-artesanal-4,Poster Minimal Artesanal Atelier N4,<p>Exquisito poster minimal elaborado artesanalmente. Tonos pastel suaves en verde y marron natural para la armonia de tu espacio.</p>,Atelier Store,Arte y Cuadros Botanicos,"Arte y Cuadros Botanicos, Minimalist, Eco, Atelier",TRUE,Title,Default Title,ATL-ART-364,450,shopify,50,deny,manual,46.0,,TRUE,TRUE,,https://cdn.shopify.com/s/files/1/0533/2089/files/placeholder-images-lifestyle-1_large.png,1,Poster Minimal Artesanal Atelier N4,FALSE,Poster Minimal Artesanal Atelier N4,Comprar Poster Minimal Artesanal Atelier N4 en Atelier Minimal Store.,active
arte-botanico-lamina-hojas-organico-5,Lamina Hojas Organico Atelier N5,<p>Exquisito lamina hojas elaborado artesanalmente. Tonos pastel suaves en verde y marron natural para la armonia de tu espacio.</p>,Atelier Store,Arte y Cuadros Botanicos,"Arte y Cuadros Botanicos, Minimalist, Eco, Atelier",TRUE,Title,Default Title,ATL-ART-365,450,shopify,50,deny,manual,50.5,,TRUE,TRUE,,https://cdn.shopify.com/s/files/1/0533/2089/files/placeholder-images-product-1_large.png,1,Lamina Hojas Organico Atelier N5,FALSE,Lamina Hojas Organico Atelier N5,Comprar Lamina Hojas Organico Atelier N5 en Atelier Minimal Store.,active
arte-botanico-cuadro-eucalipto-botanico-6,Cuadro Eucalipto Botanico Atelier N6,<p>Exquisito cuadro eucalipto elaborado artesanalmente. Tonos pastel suaves en verde y marron natural para la armonia de tu espacio.</p>,Atelier Store,Arte y Cuadros Botanicos,"Arte y Cuadros Botanicos, Minimalist, Eco, Atelier",TRUE,Title,Default Title,ATL-ART-366,450,shopify,50,deny,manual,55.0,,TRUE,TRUE,,https://cdn.shopify.com/s/files/1/0533/2089/files/placeholder-images-image_large.png,1,Cuadro Eucalipto Botanico Atelier N6,FALSE,Cuadro Eucalipto Botanico Atelier N6,Comprar Cuadro Eucalipto Botanico Atelier N6 en Atelier Minimal Store.,active
arte-botanico-marco-de-roble-atelier-7,Marco de Roble Atelier Atelier N7,<p>Exquisito marco de roble elaborado artesanalmente. Tonos pastel suaves en verde y marron natural para la armonia de tu espacio.</p>,Atelier Store,Arte y Cuadros Botanicos,"Arte y Cuadros Botanicos, Minimalist, Eco, Atelier",TRUE,Title,Default Title,ATL-ART-367,450,shopify,50,deny,manual,59.5,,TRUE,TRUE,,https://cdn.shopify.com/s/files/1/0533/2089/files/placeholder-images-lifestyle-1_large.png,1,Marco de Roble Atelier Atelier N7,FALSE,Marco de Roble Atelier Atelier N7,Comprar Marco de Roble Atelier Atelier N7 en Atelier Minimal Store.,active
arte-botanico-prensa-de-flores-pastel-8,Prensa de Flores Pastel Atelier N8,<p>Exquisito prensa de flores elaborado artesanalmente. Tonos pastel suaves en verde y marron natural para la armonia de tu espacio.</p>,Atelier Store,Arte y Cuadros Botanicos,"Arte y Cuadros Botanicos, Minimalist, Eco, Atelier",TRUE,Title,Default Title,ATL-ART-368,450,shopify,50,deny,manual,64.0,,TRUE,TRUE,,https://cdn.shopify.com/s/files/1/0533/2089/files/placeholder-images-product-1_large.png,1,Prensa de Flores Pastel Atelier N8,FALSE,Prensa de Flores Pastel Atelier N8,Comprar Prensa de Flores Pastel Atelier N8 en Atelier Minimal Store.,active
arte-botanico-poster-minimal-puro-9,Poster Minimal Puro Atelier N9,<p>Exquisito poster minimal elaborado artesanalmente. Tonos pastel suaves en verde y marron natural para la armonia de tu espacio.</p>,Atelier Store,Arte y Cuadros Botanicos,"Arte y Cuadros Botanicos, Minimalist, Eco, Atelier",TRUE,Title,Default Title,ATL-ART-369,450,shopify,50,deny,manual,68.5,,TRUE,TRUE,,https://cdn.shopify.com/s/files/1/0533/2089/files/placeholder-images-image_large.png,1,Poster Minimal Puro Atelier N9,FALSE,Poster Minimal Puro Atelier N9,Comprar Poster Minimal Puro Atelier N9 en Atelier Minimal Store.,active
arte-botanico-lamina-hojas-eco-10,Lamina Hojas Eco Atelier N10,<p>Exquisito lamina hojas elaborado artesanalmente. Tonos pastel suaves en verde y marron natural para la armonia de tu espacio.</p>,Atelier Store,Arte y Cuadros Botanicos,"Arte y Cuadros Botanicos, Minimalist, Eco, Atelier",TRUE,Title,Default Title,ATL-ART-370,450,shopify,50,deny,manual,73.0,,TRUE,TRUE,,https://cdn.shopify.com/s/files/1/0533/2089/files/placeholder-images-lifestyle-1_large.png,1,Lamina Hojas Eco Atelier N10,FALSE,Lamina Hojas Eco Atelier N10,Comprar Lamina Hojas Eco Atelier N10 en Atelier Minimal Store.,active
arte-botanico-cuadro-eucalipto-mate-11,Cuadro Eucalipto Mate Atelier N11,<p>Exquisito cuadro eucalipto elaborado artesanalmente. Tonos pastel suaves en verde y marron natural para la armonia de tu espacio.</p>,Atelier Store,Arte y Cuadros Botanicos,"Arte y Cuadros Botanicos, Minimalist, Eco, Atelier",TRUE,Title,Default Title,ATL-ART-371,450,shopify,50,deny,manual,77.5,,TRUE,TRUE,,https://cdn.shopify.com/s/files/1/0533/2089/files/placeholder-images-product-1_large.png,1,Cuadro Eucalipto Mate Atelier N11,FALSE,Cuadro Eucalipto Mate Atelier N11,Comprar Cuadro Eucalipto Mate Atelier N11 en Atelier Minimal Store.,active
arte-botanico-marco-de-roble-artesanal-12,Marco de Roble Artesanal Atelier N12,<p>Exquisito marco de roble elaborado artesanalmente. Tonos pastel suaves en verde y marron natural para la armonia de tu espacio.</p>,Atelier Store,Arte y Cuadros Botanicos,"Arte y Cuadros Botanicos, Minimalist, Eco, Atelier",TRUE,Title,Default Title,ATL-ART-372,450,shopify,50,deny,manual,82.0,,TRUE,TRUE,,https://cdn.shopify.com/s/files/1/0533/2089/files/placeholder-images-image_large.png,1,Marco de Roble Artesanal Atelier N12,FALSE,Marco de Roble Artesanal Atelier N12,Comprar Marco de Roble Artesanal Atelier N12 en Atelier Minimal Store.,active
arte-botanico-prensa-de-flores-organico-13,Prensa de Flores Organico Atelier N13,<p>Exquisito prensa de flores elaborado artesanalmente. Tonos pastel suaves en verde y marron natural para la armonia de tu espacio.</p>,Atelier Store,Arte y Cuadros Botanicos,"Arte y Cuadros Botanicos, Minimalist, Eco, Atelier",TRUE,Title,Default Title,ATL-ART-373,450,shopify,50,deny,manual,86.5,,TRUE,TRUE,,https://cdn.shopify.com/s/files/1/0533/2089/files/placeholder-images-lifestyle-1_large.png,1,Prensa de Flores Organico Atelier N13,FALSE,Prensa de Flores Organico Atelier N13,Comprar Prensa de Flores Organico Atelier N13 en Atelier Minimal Store.,active
arte-botanico-poster-minimal-botanico-14,Poster Minimal Botanico Atelier N14,<p>Exquisito poster minimal elaborado artesanalmente. Tonos pastel suaves en verde y marron natural para la armonia de tu espacio.</p>,Atelier Store,Arte y Cuadros Botanicos,"Arte y Cuadros Botanicos, Minimalist, Eco, Atelier",TRUE,Title,Default Title,ATL-ART-374,450,shopify,50,deny,manual,91.0,,TRUE,TRUE,,https://cdn.shopify.com/s/files/1/0533/2089/files/placeholder-images-product-1_large.png,1,Poster Minimal Botanico Atelier N14,FALSE,Poster Minimal Botanico Atelier N14,Comprar Poster Minimal Botanico Atelier N14 en Atelier Minimal Store.,active
arte-botanico-lamina-hojas-atelier-15,Lamina Hojas Atelier Atelier N15,<p>Exquisito lamina hojas elaborado artesanalmente. Tonos pastel suaves en verde y marron natural para la armonia de tu espacio.</p>,Atelier Store,Arte y Cuadros Botanicos,"Arte y Cuadros Botanicos, Minimalist, Eco, Atelier",TRUE,Title,Default Title,ATL-ART-375,450,shopify,50,deny,manual,70.5,,TRUE,TRUE,,https://cdn.shopify.com/s/files/1/0533/2089/files/placeholder-images-image_large.png,1,Lamina Hojas Atelier Atelier N15,FALSE,Lamina Hojas Atelier Atelier N15,Comprar Lamina Hojas Atelier Atelier N15 en Atelier Minimal Store.,active
arte-botanico-cuadro-eucalipto-pastel-16,Cuadro Eucalipto Pastel Atelier N16,<p>Exquisito cuadro eucalipto elaborado artesanalmente. Tonos pastel suaves en verde y marron natural para la armonia de tu espacio.</p>,Atelier Store,Arte y Cuadros Botanicos,"Arte y Cuadros Botanicos, Minimalist, Eco, Atelier",TRUE,Title,Default Title,ATL-ART-376,450,shopify,50,deny,manual,75.0,,TRUE,TRUE,,https://cdn.shopify.com/s/files/1/0533/2089/files/placeholder-images-lifestyle-1_large.png,1,Cuadro Eucalipto Pastel Atelier N16,FALSE,Cuadro Eucalipto Pastel Atelier N16,Comprar Cuadro Eucalipto Pastel Atelier N16 en Atelier Minimal Store.,active
arte-botanico-marco-de-roble-puro-17,Marco de Roble Puro Atelier N17,<p>Exquisito marco de roble elaborado artesanalmente. Tonos pastel suaves en verde y marron natural para la armonia de tu espacio.</p>,Atelier Store,Arte y Cuadros Botanicos,"Arte y Cuadros Botanicos, Minimalist, Eco, Atelier",TRUE,Title,Default Title,ATL-ART-377,450,shopify,50,deny,manual,79.5,,TRUE,TRUE,,https://cdn.shopify.com/s/files/1/0533/2089/files/placeholder-images-product-1_large.png,1,Marco de Roble Puro Atelier N17,FALSE,Marco de Roble Puro Atelier N17,Comprar Marco de Roble Puro Atelier N17 en Atelier Minimal Store.,active
arte-botanico-prensa-de-flores-eco-18,Prensa de Flores Eco Atelier N18,<p>Exquisito prensa de flores elaborado artesanalmente. Tonos pastel suaves en verde y marron natural para la armonia de tu espacio.</p>,Atelier Store,Arte y Cuadros Botanicos,"Arte y Cuadros Botanicos, Minimalist, Eco, Atelier",TRUE,Title,Default Title,ATL-ART-378,450,shopify,50,deny,manual,84.0,,TRUE,TRUE,,https://cdn.shopify.com/s/files/1/0533/2089/files/placeholder-images-image_large.png,1,Prensa de Flores Eco Atelier N18,FALSE,Prensa de Flores Eco Atelier N18,Comprar Prensa de Flores Eco Atelier N18 en Atelier Minimal Store.,active
arte-botanico-poster-minimal-mate-19,Poster Minimal Mate Atelier N19,<p>Exquisito poster minimal elaborado artesanalmente. Tonos pastel suaves en verde y marron natural para la armonia de tu espacio.</p>,Atelier Store,Arte y Cuadros Botanicos,"Arte y Cuadros Botanicos, Minimalist, Eco, Atelier",TRUE,Title,Default Title,ATL-ART-379,450,shopify,50,deny,manual,88.5,,TRUE,TRUE,,https://cdn.shopify.com/s/files/1/0533/2089/files/placeholder-images-lifestyle-1_large.png,1,Poster Minimal Mate Atelier N19,FALSE,Poster Minimal Mate Atelier N19,Comprar Poster Minimal Mate Atelier N19 en Atelier Minimal Store.,active
arte-botanico-lamina-hojas-artesanal-20,Lamina Hojas Artesanal Atelier N20,<p>Exquisito lamina hojas elaborado artesanalmente. Tonos pastel suaves en verde y marron natural para la armonia de tu espacio.</p>,Atelier Store,Arte y Cuadros Botanicos,"Arte y Cuadros Botanicos, Minimalist, Eco, Atelier",TRUE,Title,Default Title,ATL-ART-380,450,shopify,50,deny,manual,93.0,,TRUE,TRUE,,https://cdn.shopify.com/s/files/1/0533/2089/files/placeholder-images-product-1_large.png,1,Lamina Hojas Artesanal Atelier N20,FALSE,Lamina Hojas Artesanal Atelier N20,Comprar Lamina Hojas Artesanal Atelier N20 en Atelier Minimal Store.,active
muebles-auxiliares-taburete-bajo-mate-1,Taburete Bajo Mate Atelier N1,<p>Exquisito taburete bajo elaborado artesanalmente. Tonos pastel suaves en verde y marron natural para la armonia de tu espacio.</p>,Atelier Store,Muebles Auxiliares,"Muebles Auxiliares, Minimalist, Eco, Atelier",TRUE,Title,Default Title,ATL-MUE-381,450,shopify,50,deny,manual,27.5,,TRUE,TRUE,,https://cdn.shopify.com/s/files/1/0533/2089/files/placeholder-images-image_large.png,1,Taburete Bajo Mate Atelier N1,FALSE,Taburete Bajo Mate Atelier N1,Comprar Taburete Bajo Mate Atelier N1 en Atelier Minimal Store.,active
muebles-auxiliares-perchero-pie-artesanal-2,Perchero Pie Artesanal Atelier N2,<p>Exquisito perchero pie elaborado artesanalmente. Tonos pastel suaves en verde y marron natural para la armonia de tu espacio.</p>,Atelier Store,Muebles Auxiliares,"Muebles Auxiliares, Minimalist, Eco, Atelier",TRUE,Title,Default Title,ATL-MUE-382,450,shopify,50,deny,manual,32.0,,TRUE,TRUE,,https://cdn.shopify.com/s/files/1/0533/2089/files/placeholder-images-lifestyle-1_large.png,1,Perchero Pie Artesanal Atelier N2,FALSE,Perchero Pie Artesanal Atelier N2,Comprar Perchero Pie Artesanal Atelier N2 en Atelier Minimal Store.,active
muebles-auxiliares-revistero-madera-organico-3,Revistero Madera Organico Atelier N3,<p>Exquisito revistero madera elaborado artesanalmente. Tonos pastel suaves en verde y marron natural para la armonia de tu espacio.</p>,Atelier Store,Muebles Auxiliares,"Muebles Auxiliares, Minimalist, Eco, Atelier",TRUE,Title,Default Title,ATL-MUE-383,450,shopify,50,deny,manual,36.5,,TRUE,TRUE,,https://cdn.shopify.com/s/files/1/0533/2089/files/placeholder-images-product-1_large.png,1,Revistero Madera Organico Atelier N3,FALSE,Revistero Madera Organico Atelier N3,Comprar Revistero Madera Organico Atelier N3 en Atelier Minimal Store.,active
muebles-auxiliares-banca-entrada-botanico-4,Banca Entrada Botanico Atelier N4,<p>Exquisito banca entrada elaborado artesanalmente. Tonos pastel suaves en verde y marron natural para la armonia de tu espacio.</p>,Atelier Store,Muebles Auxiliares,"Muebles Auxiliares, Minimalist, Eco, Atelier",TRUE,Title,Default Title,ATL-MUE-384,450,shopify,50,deny,manual,41.0,,TRUE,TRUE,,https://cdn.shopify.com/s/files/1/0533/2089/files/placeholder-images-image_large.png,1,Banca Entrada Botanico Atelier N4,FALSE,Banca Entrada Botanico Atelier N4,Comprar Banca Entrada Botanico Atelier N4 en Atelier Minimal Store.,active
muebles-auxiliares-mesita-lateral-atelier-5,Mesita Lateral Atelier Atelier N5,<p>Exquisito mesita lateral elaborado artesanalmente. Tonos pastel suaves en verde y marron natural para la armonia de tu espacio.</p>,Atelier Store,Muebles Auxiliares,"Muebles Auxiliares, Minimalist, Eco, Atelier",TRUE,Title,Default Title,ATL-MUE-385,450,shopify,50,deny,manual,45.5,,TRUE,TRUE,,https://cdn.shopify.com/s/files/1/0533/2089/files/placeholder-images-lifestyle-1_large.png,1,Mesita Lateral Atelier Atelier N5,FALSE,Mesita Lateral Atelier Atelier N5,Comprar Mesita Lateral Atelier Atelier N5 en Atelier Minimal Store.,active
muebles-auxiliares-taburete-bajo-pastel-6,Taburete Bajo Pastel Atelier N6,<p>Exquisito taburete bajo elaborado artesanalmente. Tonos pastel suaves en verde y marron natural para la armonia de tu espacio.</p>,Atelier Store,Muebles Auxiliares,"Muebles Auxiliares, Minimalist, Eco, Atelier",TRUE,Title,Default Title,ATL-MUE-386,450,shopify,50,deny,manual,50.0,,TRUE,TRUE,,https://cdn.shopify.com/s/files/1/0533/2089/files/placeholder-images-product-1_large.png,1,Taburete Bajo Pastel Atelier N6,FALSE,Taburete Bajo Pastel Atelier N6,Comprar Taburete Bajo Pastel Atelier N6 en Atelier Minimal Store.,active
muebles-auxiliares-perchero-pie-puro-7,Perchero Pie Puro Atelier N7,<p>Exquisito perchero pie elaborado artesanalmente. Tonos pastel suaves en verde y marron natural para la armonia de tu espacio.</p>,Atelier Store,Muebles Auxiliares,"Muebles Auxiliares, Minimalist, Eco, Atelier",TRUE,Title,Default Title,ATL-MUE-387,450,shopify,50,deny,manual,54.5,,TRUE,TRUE,,https://cdn.shopify.com/s/files/1/0533/2089/files/placeholder-images-image_large.png,1,Perchero Pie Puro Atelier N7,FALSE,Perchero Pie Puro Atelier N7,Comprar Perchero Pie Puro Atelier N7 en Atelier Minimal Store.,active
muebles-auxiliares-revistero-madera-eco-8,Revistero Madera Eco Atelier N8,<p>Exquisito revistero madera elaborado artesanalmente. Tonos pastel suaves en verde y marron natural para la armonia de tu espacio.</p>,Atelier Store,Muebles Auxiliares,"Muebles Auxiliares, Minimalist, Eco, Atelier",TRUE,Title,Default Title,ATL-MUE-388,450,shopify,50,deny,manual,59.0,,TRUE,TRUE,,https://cdn.shopify.com/s/files/1/0533/2089/files/placeholder-images-lifestyle-1_large.png,1,Revistero Madera Eco Atelier N8,FALSE,Revistero Madera Eco Atelier N8,Comprar Revistero Madera Eco Atelier N8 en Atelier Minimal Store.,active
muebles-auxiliares-banca-entrada-mate-9,Banca Entrada Mate Atelier N9,<p>Exquisito banca entrada elaborado artesanalmente. Tonos pastel suaves en verde y marron natural para la armonia de tu espacio.</p>,Atelier Store,Muebles Auxiliares,"Muebles Auxiliares, Minimalist, Eco, Atelier",TRUE,Title,Default Title,ATL-MUE-389,450,shopify,50,deny,manual,63.5,,TRUE,TRUE,,https://cdn.shopify.com/s/files/1/0533/2089/files/placeholder-images-product-1_large.png,1,Banca Entrada Mate Atelier N9,FALSE,Banca Entrada Mate Atelier N9,Comprar Banca Entrada Mate Atelier N9 en Atelier Minimal Store.,active
muebles-auxiliares-mesita-lateral-artesanal-10,Mesita Lateral Artesanal Atelier N10,<p>Exquisito mesita lateral elaborado artesanalmente. Tonos pastel suaves en verde y marron natural para la armonia de tu espacio.</p>,Atelier Store,Muebles Auxiliares,"Muebles Auxiliares, Minimalist, Eco, Atelier",TRUE,Title,Default Title,ATL-MUE-390,450,shopify,50,deny,manual,68.0,,TRUE,TRUE,,https://cdn.shopify.com/s/files/1/0533/2089/files/placeholder-images-image_large.png,1,Mesita Lateral Artesanal Atelier N10,FALSE,Mesita Lateral Artesanal Atelier N10,Comprar Mesita Lateral Artesanal Atelier N10 en Atelier Minimal Store.,active
muebles-auxiliares-taburete-bajo-organico-11,Taburete Bajo Organico Atelier N11,<p>Exquisito taburete bajo elaborado artesanalmente. Tonos pastel suaves en verde y marron natural para la armonia de tu espacio.</p>,Atelier Store,Muebles Auxiliares,"Muebles Auxiliares, Minimalist, Eco, Atelier",TRUE,Title,Default Title,ATL-MUE-391,450,shopify,50,deny,manual,72.5,,TRUE,TRUE,,https://cdn.shopify.com/s/files/1/0533/2089/files/placeholder-images-lifestyle-1_large.png,1,Taburete Bajo Organico Atelier N11,FALSE,Taburete Bajo Organico Atelier N11,Comprar Taburete Bajo Organico Atelier N11 en Atelier Minimal Store.,active
muebles-auxiliares-perchero-pie-botanico-12,Perchero Pie Botanico Atelier N12,<p>Exquisito perchero pie elaborado artesanalmente. Tonos pastel suaves en verde y marron natural para la armonia de tu espacio.</p>,Atelier Store,Muebles Auxiliares,"Muebles Auxiliares, Minimalist, Eco, Atelier",TRUE,Title,Default Title,ATL-MUE-392,450,shopify,50,deny,manual,77.0,,TRUE,TRUE,,https://cdn.shopify.com/s/files/1/0533/2089/files/placeholder-images-product-1_large.png,1,Perchero Pie Botanico Atelier N12,FALSE,Perchero Pie Botanico Atelier N12,Comprar Perchero Pie Botanico Atelier N12 en Atelier Minimal Store.,active
muebles-auxiliares-revistero-madera-atelier-13,Revistero Madera Atelier Atelier N13,<p>Exquisito revistero madera elaborado artesanalmente. Tonos pastel suaves en verde y marron natural para la armonia de tu espacio.</p>,Atelier Store,Muebles Auxiliares,"Muebles Auxiliares, Minimalist, Eco, Atelier",TRUE,Title,Default Title,ATL-MUE-393,450,shopify,50,deny,manual,81.5,,TRUE,TRUE,,https://cdn.shopify.com/s/files/1/0533/2089/files/placeholder-images-image_large.png,1,Revistero Madera Atelier Atelier N13,FALSE,Revistero Madera Atelier Atelier N13,Comprar Revistero Madera Atelier Atelier N13 en Atelier Minimal Store.,active
muebles-auxiliares-banca-entrada-pastel-14,Banca Entrada Pastel Atelier N14,<p>Exquisito banca entrada elaborado artesanalmente. Tonos pastel suaves en verde y marron natural para la armonia de tu espacio.</p>,Atelier Store,Muebles Auxiliares,"Muebles Auxiliares, Minimalist, Eco, Atelier",TRUE,Title,Default Title,ATL-MUE-394,450,shopify,50,deny,manual,86.0,,TRUE,TRUE,,https://cdn.shopify.com/s/files/1/0533/2089/files/placeholder-images-lifestyle-1_large.png,1,Banca Entrada Pastel Atelier N14,FALSE,Banca Entrada Pastel Atelier N14,Comprar Banca Entrada Pastel Atelier N14 en Atelier Minimal Store.,active
muebles-auxiliares-mesita-lateral-puro-15,Mesita Lateral Puro Atelier N15,<p>Exquisito mesita lateral elaborado artesanalmente. Tonos pastel suaves en verde y marron natural para la armonia de tu espacio.</p>,Atelier Store,Muebles Auxiliares,"Muebles Auxiliares, Minimalist, Eco, Atelier",TRUE,Title,Default Title,ATL-MUE-395,450,shopify,50,deny,manual,90.5,,TRUE,TRUE,,https://cdn.shopify.com/s/files/1/0533/2089/files/placeholder-images-product-1_large.png,1,Mesita Lateral Puro Atelier N15,FALSE,Mesita Lateral Puro Atelier N15,Comprar Mesita Lateral Puro Atelier N15 en Atelier Minimal Store.,active
muebles-auxiliares-taburete-bajo-eco-16,Taburete Bajo Eco Atelier N16,<p>Exquisito taburete bajo elaborado artesanalmente. Tonos pastel suaves en verde y marron natural para la armonia de tu espacio.</p>,Atelier Store,Muebles Auxiliares,"Muebles Auxiliares, Minimalist, Eco, Atelier",TRUE,Title,Default Title,ATL-MUE-396,450,shopify,50,deny,manual,95.0,,TRUE,TRUE,,https://cdn.shopify.com/s/files/1/0533/2089/files/placeholder-images-image_large.png,1,Taburete Bajo Eco Atelier N16,FALSE,Taburete Bajo Eco Atelier N16,Comprar Taburete Bajo Eco Atelier N16 en Atelier Minimal Store.,active
muebles-auxiliares-perchero-pie-mate-17,Perchero Pie Mate Atelier N17,<p>Exquisito perchero pie elaborado artesanalmente. Tonos pastel suaves en verde y marron natural para la armonia de tu espacio.</p>,Atelier Store,Muebles Auxiliares,"Muebles Auxiliares, Minimalist, Eco, Atelier",TRUE,Title,Default Title,ATL-MUE-397,450,shopify,50,deny,manual,99.5,,TRUE,TRUE,,https://cdn.shopify.com/s/files/1/0533/2089/files/placeholder-images-lifestyle-1_large.png,1,Perchero Pie Mate Atelier N17,FALSE,Perchero Pie Mate Atelier N17,Comprar Perchero Pie Mate Atelier N17 en Atelier Minimal Store.,active
muebles-auxiliares-revistero-madera-artesanal-18,Revistero Madera Artesanal Atelier N18,<p>Exquisito revistero madera elaborado artesanalmente. Tonos pastel suaves en verde y marron natural para la armonia de tu espacio.</p>,Atelier Store,Muebles Auxiliares,"Muebles Auxiliares, Minimalist, Eco, Atelier",TRUE,Title,Default Title,ATL-MUE-398,450,shopify,50,deny,manual,104.0,,TRUE,TRUE,,https://cdn.shopify.com/s/files/1/0533/2089/files/placeholder-images-product-1_large.png,1,Revistero Madera Artesanal Atelier N18,FALSE,Revistero Madera Artesanal Atelier N18,Comprar Revistero Madera Artesanal Atelier N18 en Atelier Minimal Store.,active
muebles-auxiliares-banca-entrada-organico-19,Banca Entrada Organico Atelier N19,<p>Exquisito banca entrada elaborado artesanalmente. Tonos pastel suaves en verde y marron natural para la armonia de tu espacio.</p>,Atelier Store,Muebles Auxiliares,"Muebles Auxiliares, Minimalist, Eco, Atelier",TRUE,Title,Default Title,ATL-MUE-399,450,shopify,50,deny,manual,108.5,,TRUE,TRUE,,https://cdn.shopify.com/s/files/1/0533/2089/files/placeholder-images-image_large.png,1,Banca Entrada Organico Atelier N19,FALSE,Banca Entrada Organico Atelier N19,Comprar Banca Entrada Organico Atelier N19 en Atelier Minimal Store.,active
muebles-auxiliares-mesita-lateral-botanico-20,Mesita Lateral Botanico Atelier N20,<p>Exquisito mesita lateral elaborado artesanalmente. Tonos pastel suaves en verde y marron natural para la armonia de tu espacio.</p>,Atelier Store,Muebles Auxiliares,"Muebles Auxiliares, Minimalist, Eco, Atelier",TRUE,Title,Default Title,ATL-MUE-400,450,shopify,50,deny,manual,88.0,,TRUE,TRUE,,https://cdn.shopify.com/s/files/1/0533/2089/files/placeholder-images-lifestyle-1_large.png,1,Mesita Lateral Botanico Atelier N20,FALSE,Mesita Lateral Botanico Atelier N20,Comprar Mesita Lateral Botanico Atelier N20 en Atelier Minimal Store.,active
calzado-casa-zapatillas-corcho-organico-1,Zapatillas Corcho Organico Atelier N1,<p>Exquisito zapatillas corcho elaborado artesanalmente. Tonos pastel suaves en verde y marron natural para la armonia de tu espacio.</p>,Atelier Store,Calzado y Confort,"Calzado y Confort, Minimalist, Eco, Atelier",TRUE,Title,Default Title,ATL-CAL-401,450,shopify,50,deny,manual,22.5,,TRUE,TRUE,,https://cdn.shopify.com/s/files/1/0533/2089/files/placeholder-images-product-1_large.png,1,Zapatillas Corcho Organico Atelier N1,FALSE,Zapatillas Corcho Organico Atelier N1,Comprar Zapatillas Corcho Organico Atelier N1 en Atelier Minimal Store.,active
calzado-casa-calcetines-lana-botanico-2,Calcetines Lana Botanico Atelier N2,<p>Exquisito calcetines lana elaborado artesanalmente. Tonos pastel suaves en verde y marron natural para la armonia de tu espacio.</p>,Atelier Store,Calzado y Confort,"Calzado y Confort, Minimalist, Eco, Atelier",TRUE,Title,Default Title,ATL-CAL-402,450,shopify,50,deny,manual,27.0,,TRUE,TRUE,,https://cdn.shopify.com/s/files/1/0533/2089/files/placeholder-images-image_large.png,1,Calcetines Lana Botanico Atelier N2,FALSE,Calcetines Lana Botanico Atelier N2,Comprar Calcetines Lana Botanico Atelier N2 en Atelier Minimal Store.,active
calzado-casa-sandalias-casa-atelier-3,Sandalias Casa Atelier Atelier N3,<p>Exquisito sandalias casa elaborado artesanalmente. Tonos pastel suaves en verde y marron natural para la armonia de tu espacio.</p>,Atelier Store,Calzado y Confort,"Calzado y Confort, Minimalist, Eco, Atelier",TRUE,Title,Default Title,ATL-CAL-403,450,shopify,50,deny,manual,31.5,,TRUE,TRUE,,https://cdn.shopify.com/s/files/1/0533/2089/files/placeholder-images-lifestyle-1_large.png,1,Sandalias Casa Atelier Atelier N3,FALSE,Sandalias Casa Atelier Atelier N3,Comprar Sandalias Casa Atelier Atelier N3 en Atelier Minimal Store.,active
calzado-casa-plantillas-algodon-pastel-4,Plantillas Algodon Pastel Atelier N4,<p>Exquisito plantillas algodon elaborado artesanalmente. Tonos pastel suaves en verde y marron natural para la armonia de tu espacio.</p>,Atelier Store,Calzado y Confort,"Calzado y Confort, Minimalist, Eco, Atelier",TRUE,Title,Default Title,ATL-CAL-404,450,shopify,50,deny,manual,36.0,,TRUE,TRUE,,https://cdn.shopify.com/s/files/1/0533/2089/files/placeholder-images-product-1_large.png,1,Plantillas Algodon Pastel Atelier N4,FALSE,Plantillas Algodon Pastel Atelier N4,Comprar Plantillas Algodon Pastel Atelier N4 en Atelier Minimal Store.,active
calzado-casa-pantuflas-lino-puro-5,Pantuflas Lino Puro Atelier N5,<p>Exquisito pantuflas lino elaborado artesanalmente. Tonos pastel suaves en verde y marron natural para la armonia de tu espacio.</p>,Atelier Store,Calzado y Confort,"Calzado y Confort, Minimalist, Eco, Atelier",TRUE,Title,Default Title,ATL-CAL-405,450,shopify,50,deny,manual,40.5,,TRUE,TRUE,,https://cdn.shopify.com/s/files/1/0533/2089/files/placeholder-images-image_large.png,1,Pantuflas Lino Puro Atelier N5,FALSE,Pantuflas Lino Puro Atelier N5,Comprar Pantuflas Lino Puro Atelier N5 en Atelier Minimal Store.,active
calzado-casa-zapatillas-corcho-eco-6,Zapatillas Corcho Eco Atelier N6,<p>Exquisito zapatillas corcho elaborado artesanalmente. Tonos pastel suaves en verde y marron natural para la armonia de tu espacio.</p>,Atelier Store,Calzado y Confort,"Calzado y Confort, Minimalist, Eco, Atelier",TRUE,Title,Default Title,ATL-CAL-406,450,shopify,50,deny,manual,45.0,,TRUE,TRUE,,https://cdn.shopify.com/s/files/1/0533/2089/files/placeholder-images-lifestyle-1_large.png,1,Zapatillas Corcho Eco Atelier N6,FALSE,Zapatillas Corcho Eco Atelier N6,Comprar Zapatillas Corcho Eco Atelier N6 en Atelier Minimal Store.,active
calzado-casa-calcetines-lana-mate-7,Calcetines Lana Mate Atelier N7,<p>Exquisito calcetines lana elaborado artesanalmente. Tonos pastel suaves en verde y marron natural para la armonia de tu espacio.</p>,Atelier Store,Calzado y Confort,"Calzado y Confort, Minimalist, Eco, Atelier",TRUE,Title,Default Title,ATL-CAL-407,450,shopify,50,deny,manual,49.5,,TRUE,TRUE,,https://cdn.shopify.com/s/files/1/0533/2089/files/placeholder-images-product-1_large.png,1,Calcetines Lana Mate Atelier N7,FALSE,Calcetines Lana Mate Atelier N7,Comprar Calcetines Lana Mate Atelier N7 en Atelier Minimal Store.,active
calzado-casa-sandalias-casa-artesanal-8,Sandalias Casa Artesanal Atelier N8,<p>Exquisito sandalias casa elaborado artesanalmente. Tonos pastel suaves en verde y marron natural para la armonia de tu espacio.</p>,Atelier Store,Calzado y Confort,"Calzado y Confort, Minimalist, Eco, Atelier",TRUE,Title,Default Title,ATL-CAL-408,450,shopify,50,deny,manual,54.0,,TRUE,TRUE,,https://cdn.shopify.com/s/files/1/0533/2089/files/placeholder-images-image_large.png,1,Sandalias Casa Artesanal Atelier N8,FALSE,Sandalias Casa Artesanal Atelier N8,Comprar Sandalias Casa Artesanal Atelier N8 en Atelier Minimal Store.,active
calzado-casa-plantillas-algodon-organico-9,Plantillas Algodon Organico Atelier N9,<p>Exquisito plantillas algodon elaborado artesanalmente. Tonos pastel suaves en verde y marron natural para la armonia de tu espacio.</p>,Atelier Store,Calzado y Confort,"Calzado y Confort, Minimalist, Eco, Atelier",TRUE,Title,Default Title,ATL-CAL-409,450,shopify,50,deny,manual,58.5,,TRUE,TRUE,,https://cdn.shopify.com/s/files/1/0533/2089/files/placeholder-images-lifestyle-1_large.png,1,Plantillas Algodon Organico Atelier N9,FALSE,Plantillas Algodon Organico Atelier N9,Comprar Plantillas Algodon Organico Atelier N9 en Atelier Minimal Store.,active
calzado-casa-pantuflas-lino-botanico-10,Pantuflas Lino Botanico Atelier N10,<p>Exquisito pantuflas lino elaborado artesanalmente. Tonos pastel suaves en verde y marron natural para la armonia de tu espacio.</p>,Atelier Store,Calzado y Confort,"Calzado y Confort, Minimalist, Eco, Atelier",TRUE,Title,Default Title,ATL-CAL-410,450,shopify,50,deny,manual,63.0,,TRUE,TRUE,,https://cdn.shopify.com/s/files/1/0533/2089/files/placeholder-images-product-1_large.png,1,Pantuflas Lino Botanico Atelier N10,FALSE,Pantuflas Lino Botanico Atelier N10,Comprar Pantuflas Lino Botanico Atelier N10 en Atelier Minimal Store.,active
calzado-casa-zapatillas-corcho-atelier-11,Zapatillas Corcho Atelier Atelier N11,<p>Exquisito zapatillas corcho elaborado artesanalmente. Tonos pastel suaves en verde y marron natural para la armonia de tu espacio.</p>,Atelier Store,Calzado y Confort,"Calzado y Confort, Minimalist, Eco, Atelier",TRUE,Title,Default Title,ATL-CAL-411,450,shopify,50,deny,manual,67.5,,TRUE,TRUE,,https://cdn.shopify.com/s/files/1/0533/2089/files/placeholder-images-image_large.png,1,Zapatillas Corcho Atelier Atelier N11,FALSE,Zapatillas Corcho Atelier Atelier N11,Comprar Zapatillas Corcho Atelier Atelier N11 en Atelier Minimal Store.,active
calzado-casa-calcetines-lana-pastel-12,Calcetines Lana Pastel Atelier N12,<p>Exquisito calcetines lana elaborado artesanalmente. Tonos pastel suaves en verde y marron natural para la armonia de tu espacio.</p>,Atelier Store,Calzado y Confort,"Calzado y Confort, Minimalist, Eco, Atelier",TRUE,Title,Default Title,ATL-CAL-412,450,shopify,50,deny,manual,72.0,,TRUE,TRUE,,https://cdn.shopify.com/s/files/1/0533/2089/files/placeholder-images-lifestyle-1_large.png,1,Calcetines Lana Pastel Atelier N12,FALSE,Calcetines Lana Pastel Atelier N12,Comprar Calcetines Lana Pastel Atelier N12 en Atelier Minimal Store.,active
calzado-casa-sandalias-casa-puro-13,Sandalias Casa Puro Atelier N13,<p>Exquisito sandalias casa elaborado artesanalmente. Tonos pastel suaves en verde y marron natural para la armonia de tu espacio.</p>,Atelier Store,Calzado y Confort,"Calzado y Confort, Minimalist, Eco, Atelier",TRUE,Title,Default Title,ATL-CAL-413,450,shopify,50,deny,manual,76.5,,TRUE,TRUE,,https://cdn.shopify.com/s/files/1/0533/2089/files/placeholder-images-product-1_large.png,1,Sandalias Casa Puro Atelier N13,FALSE,Sandalias Casa Puro Atelier N13,Comprar Sandalias Casa Puro Atelier N13 en Atelier Minimal Store.,active
calzado-casa-plantillas-algodon-eco-14,Plantillas Algodon Eco Atelier N14,<p>Exquisito plantillas algodon elaborado artesanalmente. Tonos pastel suaves en verde y marron natural para la armonia de tu espacio.</p>,Atelier Store,Calzado y Confort,"Calzado y Confort, Minimalist, Eco, Atelier",TRUE,Title,Default Title,ATL-CAL-414,450,shopify,50,deny,manual,81.0,,TRUE,TRUE,,https://cdn.shopify.com/s/files/1/0533/2089/files/placeholder-images-image_large.png,1,Plantillas Algodon Eco Atelier N14,FALSE,Plantillas Algodon Eco Atelier N14,Comprar Plantillas Algodon Eco Atelier N14 en Atelier Minimal Store.,active
calzado-casa-pantuflas-lino-mate-15,Pantuflas Lino Mate Atelier N15,<p>Exquisito pantuflas lino elaborado artesanalmente. Tonos pastel suaves en verde y marron natural para la armonia de tu espacio.</p>,Atelier Store,Calzado y Confort,"Calzado y Confort, Minimalist, Eco, Atelier",TRUE,Title,Default Title,ATL-CAL-415,450,shopify,50,deny,manual,85.5,,TRUE,TRUE,,https://cdn.shopify.com/s/files/1/0533/2089/files/placeholder-images-lifestyle-1_large.png,1,Pantuflas Lino Mate Atelier N15,FALSE,Pantuflas Lino Mate Atelier N15,Comprar Pantuflas Lino Mate Atelier N15 en Atelier Minimal Store.,active
calzado-casa-zapatillas-corcho-artesanal-16,Zapatillas Corcho Artesanal Atelier N16,<p>Exquisito zapatillas corcho elaborado artesanalmente. Tonos pastel suaves en verde y marron natural para la armonia de tu espacio.</p>,Atelier Store,Calzado y Confort,"Calzado y Confort, Minimalist, Eco, Atelier",TRUE,Title,Default Title,ATL-CAL-416,450,shopify,50,deny,manual,90.0,,TRUE,TRUE,,https://cdn.shopify.com/s/files/1/0533/2089/files/placeholder-images-product-1_large.png,1,Zapatillas Corcho Artesanal Atelier N16,FALSE,Zapatillas Corcho Artesanal Atelier N16,Comprar Zapatillas Corcho Artesanal Atelier N16 en Atelier Minimal Store.,active
calzado-casa-calcetines-lana-organico-17,Calcetines Lana Organico Atelier N17,<p>Exquisito calcetines lana elaborado artesanalmente. Tonos pastel suaves en verde y marron natural para la armonia de tu espacio.</p>,Atelier Store,Calzado y Confort,"Calzado y Confort, Minimalist, Eco, Atelier",TRUE,Title,Default Title,ATL-CAL-417,450,shopify,50,deny,manual,94.5,,TRUE,TRUE,,https://cdn.shopify.com/s/files/1/0533/2089/files/placeholder-images-image_large.png,1,Calcetines Lana Organico Atelier N17,FALSE,Calcetines Lana Organico Atelier N17,Comprar Calcetines Lana Organico Atelier N17 en Atelier Minimal Store.,active
calzado-casa-sandalias-casa-botanico-18,Sandalias Casa Botanico Atelier N18,<p>Exquisito sandalias casa elaborado artesanalmente. Tonos pastel suaves en verde y marron natural para la armonia de tu espacio.</p>,Atelier Store,Calzado y Confort,"Calzado y Confort, Minimalist, Eco, Atelier",TRUE,Title,Default Title,ATL-CAL-418,450,shopify,50,deny,manual,99.0,,TRUE,TRUE,,https://cdn.shopify.com/s/files/1/0533/2089/files/placeholder-images-lifestyle-1_large.png,1,Sandalias Casa Botanico Atelier N18,FALSE,Sandalias Casa Botanico Atelier N18,Comprar Sandalias Casa Botanico Atelier N18 en Atelier Minimal Store.,active
calzado-casa-plantillas-algodon-atelier-19,Plantillas Algodon Atelier Atelier N19,<p>Exquisito plantillas algodon elaborado artesanalmente. Tonos pastel suaves en verde y marron natural para la armonia de tu espacio.</p>,Atelier Store,Calzado y Confort,"Calzado y Confort, Minimalist, Eco, Atelier",TRUE,Title,Default Title,ATL-CAL-419,450,shopify,50,deny,manual,103.5,,TRUE,TRUE,,https://cdn.shopify.com/s/files/1/0533/2089/files/placeholder-images-product-1_large.png,1,Plantillas Algodon Atelier Atelier N19,FALSE,Plantillas Algodon Atelier Atelier N19,Comprar Plantillas Algodon Atelier Atelier N19 en Atelier Minimal Store.,active
calzado-casa-pantuflas-lino-pastel-20,Pantuflas Lino Pastel Atelier N20,<p>Exquisito pantuflas lino elaborado artesanalmente. Tonos pastel suaves en verde y marron natural para la armonia de tu espacio.</p>,Atelier Store,Calzado y Confort,"Calzado y Confort, Minimalist, Eco, Atelier",TRUE,Title,Default Title,ATL-CAL-420,450,shopify,50,deny,manual,108.0,,TRUE,TRUE,,https://cdn.shopify.com/s/files/1/0533/2089/files/placeholder-images-image_large.png,1,Pantuflas Lino Pastel Atelier N20,FALSE,Pantuflas Lino Pastel Atelier N20,Comprar Pantuflas Lino Pastel Atelier N20 en Atelier Minimal Store.,active
infusiones-te-infusion-manzanilla-atelier-1,Infusion Manzanilla Atelier Atelier N1,<p>Exquisito infusion manzanilla elaborado artesanalmente. Tonos pastel suaves en verde y marron natural para la armonia de tu espacio.</p>,Atelier Store,Infusiones y Te Organico,"Infusiones y Te Organico, Minimalist, Eco, Atelier",TRUE,Title,Default Title,ATL-INF-421,450,shopify,50,deny,manual,42.5,,TRUE,TRUE,,https://cdn.shopify.com/s/files/1/0533/2089/files/placeholder-images-lifestyle-1_large.png,1,Infusion Manzanilla Atelier Atelier N1,FALSE,Infusion Manzanilla Atelier Atelier N1,Comprar Infusion Manzanilla Atelier Atelier N1 en Atelier Minimal Store.,active
infusiones-te-infusor-de-acero-pastel-2,Infusor de Acero Pastel Atelier N2,<p>Exquisito infusor de acero elaborado artesanalmente. Tonos pastel suaves en verde y marron natural para la armonia de tu espacio.</p>,Atelier Store,Infusiones y Te Organico,"Infusiones y Te Organico, Minimalist, Eco, Atelier",TRUE,Title,Default Title,ATL-INF-422,450,shopify,50,deny,manual,47.0,,TRUE,TRUE,,https://cdn.shopify.com/s/files/1/0533/2089/files/placeholder-images-product-1_large.png,1,Infusor de Acero Pastel Atelier N2,FALSE,Infusor de Acero Pastel Atelier N2,Comprar Infusor de Acero Pastel Atelier N2 en Atelier Minimal Store.,active
infusiones-te-taza-ceremonial-puro-3,Taza Ceremonial Puro Atelier N3,<p>Exquisito taza ceremonial elaborado artesanalmente. Tonos pastel suaves en verde y marron natural para la armonia de tu espacio.</p>,Atelier Store,Infusiones y Te Organico,"Infusiones y Te Organico, Minimalist, Eco, Atelier",TRUE,Title,Default Title,ATL-INF-423,450,shopify,50,deny,manual,51.5,,TRUE,TRUE,,https://cdn.shopify.com/s/files/1/0533/2089/files/placeholder-images-image_large.png,1,Taza Ceremonial Puro Atelier N3,FALSE,Taza Ceremonial Puro Atelier N3,Comprar Taza Ceremonial Puro Atelier N3 en Atelier Minimal Store.,active
infusiones-te-matcha-organico-eco-4,Matcha Organico Eco Atelier N4,<p>Exquisito matcha organico elaborado artesanalmente. Tonos pastel suaves en verde y marron natural para la armonia de tu espacio.</p>,Atelier Store,Infusiones y Te Organico,"Infusiones y Te Organico, Minimalist, Eco, Atelier",TRUE,Title,Default Title,ATL-INF-424,450,shopify,50,deny,manual,56.0,,TRUE,TRUE,,https://cdn.shopify.com/s/files/1/0533/2089/files/placeholder-images-lifestyle-1_large.png,1,Matcha Organico Eco Atelier N4,FALSE,Matcha Organico Eco Atelier N4,Comprar Matcha Organico Eco Atelier N4 en Atelier Minimal Store.,active
infusiones-te-te-verde-sencha-mate-5,Te Verde Sencha Mate Atelier N5,<p>Exquisito te verde sencha elaborado artesanalmente. Tonos pastel suaves en verde y marron natural para la armonia de tu espacio.</p>,Atelier Store,Infusiones y Te Organico,"Infusiones y Te Organico, Minimalist, Eco, Atelier",TRUE,Title,Default Title,ATL-INF-425,450,shopify,50,deny,manual,35.5,,TRUE,TRUE,,https://cdn.shopify.com/s/files/1/0533/2089/files/placeholder-images-product-1_large.png,1,Te Verde Sencha Mate Atelier N5,FALSE,Te Verde Sencha Mate Atelier N5,Comprar Te Verde Sencha Mate Atelier N5 en Atelier Minimal Store.,active
infusiones-te-infusion-manzanilla-artesanal-6,Infusion Manzanilla Artesanal Atelier N6,<p>Exquisito infusion manzanilla elaborado artesanalmente. Tonos pastel suaves en verde y marron natural para la armonia de tu espacio.</p>,Atelier Store,Infusiones y Te Organico,"Infusiones y Te Organico, Minimalist, Eco, Atelier",TRUE,Title,Default Title,ATL-INF-426,450,shopify,50,deny,manual,40.0,,TRUE,TRUE,,https://cdn.shopify.com/s/files/1/0533/2089/files/placeholder-images-image_large.png,1,Infusion Manzanilla Artesanal Atelier N6,FALSE,Infusion Manzanilla Artesanal Atelier N6,Comprar Infusion Manzanilla Artesanal Atelier N6 en Atelier Minimal Store.,active
infusiones-te-infusor-de-acero-organico-7,Infusor de Acero Organico Atelier N7,<p>Exquisito infusor de acero elaborado artesanalmente. Tonos pastel suaves en verde y marron natural para la armonia de tu espacio.</p>,Atelier Store,Infusiones y Te Organico,"Infusiones y Te Organico, Minimalist, Eco, Atelier",TRUE,Title,Default Title,ATL-INF-427,450,shopify,50,deny,manual,44.5,,TRUE,TRUE,,https://cdn.shopify.com/s/files/1/0533/2089/files/placeholder-images-lifestyle-1_large.png,1,Infusor de Acero Organico Atelier N7,FALSE,Infusor de Acero Organico Atelier N7,Comprar Infusor de Acero Organico Atelier N7 en Atelier Minimal Store.,active
infusiones-te-taza-ceremonial-botanico-8,Taza Ceremonial Botanico Atelier N8,<p>Exquisito taza ceremonial elaborado artesanalmente. Tonos pastel suaves en verde y marron natural para la armonia de tu espacio.</p>,Atelier Store,Infusiones y Te Organico,"Infusiones y Te Organico, Minimalist, Eco, Atelier",TRUE,Title,Default Title,ATL-INF-428,450,shopify,50,deny,manual,49.0,,TRUE,TRUE,,https://cdn.shopify.com/s/files/1/0533/2089/files/placeholder-images-product-1_large.png,1,Taza Ceremonial Botanico Atelier N8,FALSE,Taza Ceremonial Botanico Atelier N8,Comprar Taza Ceremonial Botanico Atelier N8 en Atelier Minimal Store.,active
infusiones-te-matcha-organico-atelier-9,Matcha Organico Atelier Atelier N9,<p>Exquisito matcha organico elaborado artesanalmente. Tonos pastel suaves en verde y marron natural para la armonia de tu espacio.</p>,Atelier Store,Infusiones y Te Organico,"Infusiones y Te Organico, Minimalist, Eco, Atelier",TRUE,Title,Default Title,ATL-INF-429,450,shopify,50,deny,manual,53.5,,TRUE,TRUE,,https://cdn.shopify.com/s/files/1/0533/2089/files/placeholder-images-image_large.png,1,Matcha Organico Atelier Atelier N9,FALSE,Matcha Organico Atelier Atelier N9,Comprar Matcha Organico Atelier Atelier N9 en Atelier Minimal Store.,active
infusiones-te-te-verde-sencha-pastel-10,Te Verde Sencha Pastel Atelier N10,<p>Exquisito te verde sencha elaborado artesanalmente. Tonos pastel suaves en verde y marron natural para la armonia de tu espacio.</p>,Atelier Store,Infusiones y Te Organico,"Infusiones y Te Organico, Minimalist, Eco, Atelier",TRUE,Title,Default Title,ATL-INF-430,450,shopify,50,deny,manual,58.0,,TRUE,TRUE,,https://cdn.shopify.com/s/files/1/0533/2089/files/placeholder-images-lifestyle-1_large.png,1,Te Verde Sencha Pastel Atelier N10,FALSE,Te Verde Sencha Pastel Atelier N10,Comprar Te Verde Sencha Pastel Atelier N10 en Atelier Minimal Store.,active
infusiones-te-infusion-manzanilla-puro-11,Infusion Manzanilla Puro Atelier N11,<p>Exquisito infusion manzanilla elaborado artesanalmente. Tonos pastel suaves en verde y marron natural para la armonia de tu espacio.</p>,Atelier Store,Infusiones y Te Organico,"Infusiones y Te Organico, Minimalist, Eco, Atelier",TRUE,Title,Default Title,ATL-INF-431,450,shopify,50,deny,manual,62.5,,TRUE,TRUE,,https://cdn.shopify.com/s/files/1/0533/2089/files/placeholder-images-product-1_large.png,1,Infusion Manzanilla Puro Atelier N11,FALSE,Infusion Manzanilla Puro Atelier N11,Comprar Infusion Manzanilla Puro Atelier N11 en Atelier Minimal Store.,active
infusiones-te-infusor-de-acero-eco-12,Infusor de Acero Eco Atelier N12,<p>Exquisito infusor de acero elaborado artesanalmente. Tonos pastel suaves en verde y marron natural para la armonia de tu espacio.</p>,Atelier Store,Infusiones y Te Organico,"Infusiones y Te Organico, Minimalist, Eco, Atelier",TRUE,Title,Default Title,ATL-INF-432,450,shopify,50,deny,manual,67.0,,TRUE,TRUE,,https://cdn.shopify.com/s/files/1/0533/2089/files/placeholder-images-image_large.png,1,Infusor de Acero Eco Atelier N12,FALSE,Infusor de Acero Eco Atelier N12,Comprar Infusor de Acero Eco Atelier N12 en Atelier Minimal Store.,active
infusiones-te-taza-ceremonial-mate-13,Taza Ceremonial Mate Atelier N13,<p>Exquisito taza ceremonial elaborado artesanalmente. Tonos pastel suaves en verde y marron natural para la armonia de tu espacio.</p>,Atelier Store,Infusiones y Te Organico,"Infusiones y Te Organico, Minimalist, Eco, Atelier",TRUE,Title,Default Title,ATL-INF-433,450,shopify,50,deny,manual,71.5,,TRUE,TRUE,,https://cdn.shopify.com/s/files/1/0533/2089/files/placeholder-images-lifestyle-1_large.png,1,Taza Ceremonial Mate Atelier N13,FALSE,Taza Ceremonial Mate Atelier N13,Comprar Taza Ceremonial Mate Atelier N13 en Atelier Minimal Store.,active
infusiones-te-matcha-organico-artesanal-14,Matcha Organico Artesanal Atelier N14,<p>Exquisito matcha organico elaborado artesanalmente. Tonos pastel suaves en verde y marron natural para la armonia de tu espacio.</p>,Atelier Store,Infusiones y Te Organico,"Infusiones y Te Organico, Minimalist, Eco, Atelier",TRUE,Title,Default Title,ATL-INF-434,450,shopify,50,deny,manual,76.0,,TRUE,TRUE,,https://cdn.shopify.com/s/files/1/0533/2089/files/placeholder-images-product-1_large.png,1,Matcha Organico Artesanal Atelier N14,FALSE,Matcha Organico Artesanal Atelier N14,Comprar Matcha Organico Artesanal Atelier N14 en Atelier Minimal Store.,active
infusiones-te-te-verde-sencha-organico-15,Te Verde Sencha Organico Atelier N15,<p>Exquisito te verde sencha elaborado artesanalmente. Tonos pastel suaves en verde y marron natural para la armonia de tu espacio.</p>,Atelier Store,Infusiones y Te Organico,"Infusiones y Te Organico, Minimalist, Eco, Atelier",TRUE,Title,Default Title,ATL-INF-435,450,shopify,50,deny,manual,80.5,,TRUE,TRUE,,https://cdn.shopify.com/s/files/1/0533/2089/files/placeholder-images-image_large.png,1,Te Verde Sencha Organico Atelier N15,FALSE,Te Verde Sencha Organico Atelier N15,Comprar Te Verde Sencha Organico Atelier N15 en Atelier Minimal Store.,active
infusiones-te-infusion-manzanilla-botanico-16,Infusion Manzanilla Botanico Atelier N16,<p>Exquisito infusion manzanilla elaborado artesanalmente. Tonos pastel suaves en verde y marron natural para la armonia de tu espacio.</p>,Atelier Store,Infusiones y Te Organico,"Infusiones y Te Organico, Minimalist, Eco, Atelier",TRUE,Title,Default Title,ATL-INF-436,450,shopify,50,deny,manual,85.0,,TRUE,TRUE,,https://cdn.shopify.com/s/files/1/0533/2089/files/placeholder-images-lifestyle-1_large.png,1,Infusion Manzanilla Botanico Atelier N16,FALSE,Infusion Manzanilla Botanico Atelier N16,Comprar Infusion Manzanilla Botanico Atelier N16 en Atelier Minimal Store.,active
infusiones-te-infusor-de-acero-atelier-17,Infusor de Acero Atelier Atelier N17,<p>Exquisito infusor de acero elaborado artesanalmente. Tonos pastel suaves en verde y marron natural para la armonia de tu espacio.</p>,Atelier Store,Infusiones y Te Organico,"Infusiones y Te Organico, Minimalist, Eco, Atelier",TRUE,Title,Default Title,ATL-INF-437,450,shopify,50,deny,manual,89.5,,TRUE,TRUE,,https://cdn.shopify.com/s/files/1/0533/2089/files/placeholder-images-product-1_large.png,1,Infusor de Acero Atelier Atelier N17,FALSE,Infusor de Acero Atelier Atelier N17,Comprar Infusor de Acero Atelier Atelier N17 en Atelier Minimal Store.,active
infusiones-te-taza-ceremonial-pastel-18,Taza Ceremonial Pastel Atelier N18,<p>Exquisito taza ceremonial elaborado artesanalmente. Tonos pastel suaves en verde y marron natural para la armonia de tu espacio.</p>,Atelier Store,Infusiones y Te Organico,"Infusiones y Te Organico, Minimalist, Eco, Atelier",TRUE,Title,Default Title,ATL-INF-438,450,shopify,50,deny,manual,94.0,,TRUE,TRUE,,https://cdn.shopify.com/s/files/1/0533/2089/files/placeholder-images-image_large.png,1,Taza Ceremonial Pastel Atelier N18,FALSE,Taza Ceremonial Pastel Atelier N18,Comprar Taza Ceremonial Pastel Atelier N18 en Atelier Minimal Store.,active
infusiones-te-matcha-organico-puro-19,Matcha Organico Puro Atelier N19,<p>Exquisito matcha organico elaborado artesanalmente. Tonos pastel suaves en verde y marron natural para la armonia de tu espacio.</p>,Atelier Store,Infusiones y Te Organico,"Infusiones y Te Organico, Minimalist, Eco, Atelier",TRUE,Title,Default Title,ATL-INF-439,450,shopify,50,deny,manual,98.5,,TRUE,TRUE,,https://cdn.shopify.com/s/files/1/0533/2089/files/placeholder-images-lifestyle-1_large.png,1,Matcha Organico Puro Atelier N19,FALSE,Matcha Organico Puro Atelier N19,Comprar Matcha Organico Puro Atelier N19 en Atelier Minimal Store.,active
infusiones-te-te-verde-sencha-eco-20,Te Verde Sencha Eco Atelier N20,<p>Exquisito te verde sencha elaborado artesanalmente. Tonos pastel suaves en verde y marron natural para la armonia de tu espacio.</p>,Atelier Store,Infusiones y Te Organico,"Infusiones y Te Organico, Minimalist, Eco, Atelier",TRUE,Title,Default Title,ATL-INF-440,450,shopify,50,deny,manual,103.0,,TRUE,TRUE,,https://cdn.shopify.com/s/files/1/0533/2089/files/placeholder-images-product-1_large.png,1,Te Verde Sencha Eco Atelier N20,FALSE,Te Verde Sencha Eco Atelier N20,Comprar Te Verde Sencha Eco Atelier N20 en Atelier Minimal Store.,active
mascotas-eco-cuenco-ceramica-puro-1,Cuenco Ceramica Puro Atelier N1,<p>Exquisito cuenco ceramica elaborado artesanalmente. Tonos pastel suaves en verde y marron natural para la armonia de tu espacio.</p>,Atelier Store,Accesorios para Mascotas,"Accesorios para Mascotas, Minimalist, Eco, Atelier",TRUE,Title,Default Title,ATL-MAS-441,450,shopify,50,deny,manual,37.5,,TRUE,TRUE,,https://cdn.shopify.com/s/files/1/0533/2089/files/placeholder-images-image_large.png,1,Cuenco Ceramica Puro Atelier N1,FALSE,Cuenco Ceramica Puro Atelier N1,Comprar Cuenco Ceramica Puro Atelier N1 en Atelier Minimal Store.,active
mascotas-eco-juguete-cuerda-eco-2,Juguete Cuerda Eco Atelier N2,<p>Exquisito juguete cuerda elaborado artesanalmente. Tonos pastel suaves en verde y marron natural para la armonia de tu espacio.</p>,Atelier Store,Accesorios para Mascotas,"Accesorios para Mascotas, Minimalist, Eco, Atelier",TRUE,Title,Default Title,ATL-MAS-442,450,shopify,50,deny,manual,42.0,,TRUE,TRUE,,https://cdn.shopify.com/s/files/1/0533/2089/files/placeholder-images-lifestyle-1_large.png,1,Juguete Cuerda Eco Atelier N2,FALSE,Juguete Cuerda Eco Atelier N2,Comprar Juguete Cuerda Eco Atelier N2 en Atelier Minimal Store.,active
mascotas-eco-manta-mascota-mate-3,Manta Mascota Mate Atelier N3,<p>Exquisito manta mascota elaborado artesanalmente. Tonos pastel suaves en verde y marron natural para la armonia de tu espacio.</p>,Atelier Store,Accesorios para Mascotas,"Accesorios para Mascotas, Minimalist, Eco, Atelier",TRUE,Title,Default Title,ATL-MAS-443,450,shopify,50,deny,manual,46.5,,TRUE,TRUE,,https://cdn.shopify.com/s/files/1/0533/2089/files/placeholder-images-product-1_large.png,1,Manta Mascota Mate Atelier N3,FALSE,Manta Mascota Mate Atelier N3,Comprar Manta Mascota Mate Atelier N3 en Atelier Minimal Store.,active
mascotas-eco-collar-cuero-vegano-artesanal-4,Collar Cuero Vegano Artesanal Atelier N4,<p>Exquisito collar cuero vegano elaborado artesanalmente. Tonos pastel suaves en verde y marron natural para la armonia de tu espacio.</p>,Atelier Store,Accesorios para Mascotas,"Accesorios para Mascotas, Minimalist, Eco, Atelier",TRUE,Title,Default Title,ATL-MAS-444,450,shopify,50,deny,manual,51.0,,TRUE,TRUE,,https://cdn.shopify.com/s/files/1/0533/2089/files/placeholder-images-image_large.png,1,Collar Cuero Vegano Artesanal Atelier N4,FALSE,Collar Cuero Vegano Artesanal Atelier N4,Comprar Collar Cuero Vegano Artesanal Atelier N4 en Atelier Minimal Store.,active
mascotas-eco-cama-de-canamo-organico-5,Cama de Canamo Organico Atelier N5,<p>Exquisito cama de canamo elaborado artesanalmente. Tonos pastel suaves en verde y marron natural para la armonia de tu espacio.</p>,Atelier Store,Accesorios para Mascotas,"Accesorios para Mascotas, Minimalist, Eco, Atelier",TRUE,Title,Default Title,ATL-MAS-445,450,shopify,50,deny,manual,55.5,,TRUE,TRUE,,https://cdn.shopify.com/s/files/1/0533/2089/files/placeholder-images-lifestyle-1_large.png,1,Cama de Canamo Organico Atelier N5,FALSE,Cama de Canamo Organico Atelier N5,Comprar Cama de Canamo Organico Atelier N5 en Atelier Minimal Store.,active
mascotas-eco-cuenco-ceramica-botanico-6,Cuenco Ceramica Botanico Atelier N6,<p>Exquisito cuenco ceramica elaborado artesanalmente. Tonos pastel suaves en verde y marron natural para la armonia de tu espacio.</p>,Atelier Store,Accesorios para Mascotas,"Accesorios para Mascotas, Minimalist, Eco, Atelier",TRUE,Title,Default Title,ATL-MAS-446,450,shopify,50,deny,manual,60.0,,TRUE,TRUE,,https://cdn.shopify.com/s/files/1/0533/2089/files/placeholder-images-product-1_large.png,1,Cuenco Ceramica Botanico Atelier N6,FALSE,Cuenco Ceramica Botanico Atelier N6,Comprar Cuenco Ceramica Botanico Atelier N6 en Atelier Minimal Store.,active
mascotas-eco-juguete-cuerda-atelier-7,Juguete Cuerda Atelier Atelier N7,<p>Exquisito juguete cuerda elaborado artesanalmente. Tonos pastel suaves en verde y marron natural para la armonia de tu espacio.</p>,Atelier Store,Accesorios para Mascotas,"Accesorios para Mascotas, Minimalist, Eco, Atelier",TRUE,Title,Default Title,ATL-MAS-447,450,shopify,50,deny,manual,64.5,,TRUE,TRUE,,https://cdn.shopify.com/s/files/1/0533/2089/files/placeholder-images-image_large.png,1,Juguete Cuerda Atelier Atelier N7,FALSE,Juguete Cuerda Atelier Atelier N7,Comprar Juguete Cuerda Atelier Atelier N7 en Atelier Minimal Store.,active
mascotas-eco-manta-mascota-pastel-8,Manta Mascota Pastel Atelier N8,<p>Exquisito manta mascota elaborado artesanalmente. Tonos pastel suaves en verde y marron natural para la armonia de tu espacio.</p>,Atelier Store,Accesorios para Mascotas,"Accesorios para Mascotas, Minimalist, Eco, Atelier",TRUE,Title,Default Title,ATL-MAS-448,450,shopify,50,deny,manual,69.0,,TRUE,TRUE,,https://cdn.shopify.com/s/files/1/0533/2089/files/placeholder-images-lifestyle-1_large.png,1,Manta Mascota Pastel Atelier N8,FALSE,Manta Mascota Pastel Atelier N8,Comprar Manta Mascota Pastel Atelier N8 en Atelier Minimal Store.,active
mascotas-eco-collar-cuero-vegano-puro-9,Collar Cuero Vegano Puro Atelier N9,<p>Exquisito collar cuero vegano elaborado artesanalmente. Tonos pastel suaves en verde y marron natural para la armonia de tu espacio.</p>,Atelier Store,Accesorios para Mascotas,"Accesorios para Mascotas, Minimalist, Eco, Atelier",TRUE,Title,Default Title,ATL-MAS-449,450,shopify,50,deny,manual,73.5,,TRUE,TRUE,,https://cdn.shopify.com/s/files/1/0533/2089/files/placeholder-images-product-1_large.png,1,Collar Cuero Vegano Puro Atelier N9,FALSE,Collar Cuero Vegano Puro Atelier N9,Comprar Collar Cuero Vegano Puro Atelier N9 en Atelier Minimal Store.,active
mascotas-eco-cama-de-canamo-eco-10,Cama de Canamo Eco Atelier N10,<p>Exquisito cama de canamo elaborado artesanalmente. Tonos pastel suaves en verde y marron natural para la armonia de tu espacio.</p>,Atelier Store,Accesorios para Mascotas,"Accesorios para Mascotas, Minimalist, Eco, Atelier",TRUE,Title,Default Title,ATL-MAS-450,450,shopify,50,deny,manual,53.0,,TRUE,TRUE,,https://cdn.shopify.com/s/files/1/0533/2089/files/placeholder-images-image_large.png,1,Cama de Canamo Eco Atelier N10,FALSE,Cama de Canamo Eco Atelier N10,Comprar Cama de Canamo Eco Atelier N10 en Atelier Minimal Store.,active
mascotas-eco-cuenco-ceramica-mate-11,Cuenco Ceramica Mate Atelier N11,<p>Exquisito cuenco ceramica elaborado artesanalmente. Tonos pastel suaves en verde y marron natural para la armonia de tu espacio.</p>,Atelier Store,Accesorios para Mascotas,"Accesorios para Mascotas, Minimalist, Eco, Atelier",TRUE,Title,Default Title,ATL-MAS-451,450,shopify,50,deny,manual,57.5,,TRUE,TRUE,,https://cdn.shopify.com/s/files/1/0533/2089/files/placeholder-images-lifestyle-1_large.png,1,Cuenco Ceramica Mate Atelier N11,FALSE,Cuenco Ceramica Mate Atelier N11,Comprar Cuenco Ceramica Mate Atelier N11 en Atelier Minimal Store.,active
mascotas-eco-juguete-cuerda-artesanal-12,Juguete Cuerda Artesanal Atelier N12,<p>Exquisito juguete cuerda elaborado artesanalmente. Tonos pastel suaves en verde y marron natural para la armonia de tu espacio.</p>,Atelier Store,Accesorios para Mascotas,"Accesorios para Mascotas, Minimalist, Eco, Atelier",TRUE,Title,Default Title,ATL-MAS-452,450,shopify,50,deny,manual,62.0,,TRUE,TRUE,,https://cdn.shopify.com/s/files/1/0533/2089/files/placeholder-images-product-1_large.png,1,Juguete Cuerda Artesanal Atelier N12,FALSE,Juguete Cuerda Artesanal Atelier N12,Comprar Juguete Cuerda Artesanal Atelier N12 en Atelier Minimal Store.,active
mascotas-eco-manta-mascota-organico-13,Manta Mascota Organico Atelier N13,<p>Exquisito manta mascota elaborado artesanalmente. Tonos pastel suaves en verde y marron natural para la armonia de tu espacio.</p>,Atelier Store,Accesorios para Mascotas,"Accesorios para Mascotas, Minimalist, Eco, Atelier",TRUE,Title,Default Title,ATL-MAS-453,450,shopify,50,deny,manual,66.5,,TRUE,TRUE,,https://cdn.shopify.com/s/files/1/0533/2089/files/placeholder-images-image_large.png,1,Manta Mascota Organico Atelier N13,FALSE,Manta Mascota Organico Atelier N13,Comprar Manta Mascota Organico Atelier N13 en Atelier Minimal Store.,active
mascotas-eco-collar-cuero-vegano-botanico-14,Collar Cuero Vegano Botanico Atelier N14,<p>Exquisito collar cuero vegano elaborado artesanalmente. Tonos pastel suaves en verde y marron natural para la armonia de tu espacio.</p>,Atelier Store,Accesorios para Mascotas,"Accesorios para Mascotas, Minimalist, Eco, Atelier",TRUE,Title,Default Title,ATL-MAS-454,450,shopify,50,deny,manual,71.0,,TRUE,TRUE,,https://cdn.shopify.com/s/files/1/0533/2089/files/placeholder-images-lifestyle-1_large.png,1,Collar Cuero Vegano Botanico Atelier N14,FALSE,Collar Cuero Vegano Botanico Atelier N14,Comprar Collar Cuero Vegano Botanico Atelier N14 en Atelier Minimal Store.,active
mascotas-eco-cama-de-canamo-atelier-15,Cama de Canamo Atelier Atelier N15,<p>Exquisito cama de canamo elaborado artesanalmente. Tonos pastel suaves en verde y marron natural para la armonia de tu espacio.</p>,Atelier Store,Accesorios para Mascotas,"Accesorios para Mascotas, Minimalist, Eco, Atelier",TRUE,Title,Default Title,ATL-MAS-455,450,shopify,50,deny,manual,75.5,,TRUE,TRUE,,https://cdn.shopify.com/s/files/1/0533/2089/files/placeholder-images-product-1_large.png,1,Cama de Canamo Atelier Atelier N15,FALSE,Cama de Canamo Atelier Atelier N15,Comprar Cama de Canamo Atelier Atelier N15 en Atelier Minimal Store.,active
mascotas-eco-cuenco-ceramica-pastel-16,Cuenco Ceramica Pastel Atelier N16,<p>Exquisito cuenco ceramica elaborado artesanalmente. Tonos pastel suaves en verde y marron natural para la armonia de tu espacio.</p>,Atelier Store,Accesorios para Mascotas,"Accesorios para Mascotas, Minimalist, Eco, Atelier",TRUE,Title,Default Title,ATL-MAS-456,450,shopify,50,deny,manual,80.0,,TRUE,TRUE,,https://cdn.shopify.com/s/files/1/0533/2089/files/placeholder-images-image_large.png,1,Cuenco Ceramica Pastel Atelier N16,FALSE,Cuenco Ceramica Pastel Atelier N16,Comprar Cuenco Ceramica Pastel Atelier N16 en Atelier Minimal Store.,active
mascotas-eco-juguete-cuerda-puro-17,Juguete Cuerda Puro Atelier N17,<p>Exquisito juguete cuerda elaborado artesanalmente. Tonos pastel suaves en verde y marron natural para la armonia de tu espacio.</p>,Atelier Store,Accesorios para Mascotas,"Accesorios para Mascotas, Minimalist, Eco, Atelier",TRUE,Title,Default Title,ATL-MAS-457,450,shopify,50,deny,manual,84.5,,TRUE,TRUE,,https://cdn.shopify.com/s/files/1/0533/2089/files/placeholder-images-lifestyle-1_large.png,1,Juguete Cuerda Puro Atelier N17,FALSE,Juguete Cuerda Puro Atelier N17,Comprar Juguete Cuerda Puro Atelier N17 en Atelier Minimal Store.,active
mascotas-eco-manta-mascota-eco-18,Manta Mascota Eco Atelier N18,<p>Exquisito manta mascota elaborado artesanalmente. Tonos pastel suaves en verde y marron natural para la armonia de tu espacio.</p>,Atelier Store,Accesorios para Mascotas,"Accesorios para Mascotas, Minimalist, Eco, Atelier",TRUE,Title,Default Title,ATL-MAS-458,450,shopify,50,deny,manual,89.0,,TRUE,TRUE,,https://cdn.shopify.com/s/files/1/0533/2089/files/placeholder-images-product-1_large.png,1,Manta Mascota Eco Atelier N18,FALSE,Manta Mascota Eco Atelier N18,Comprar Manta Mascota Eco Atelier N18 en Atelier Minimal Store.,active
mascotas-eco-collar-cuero-vegano-mate-19,Collar Cuero Vegano Mate Atelier N19,<p>Exquisito collar cuero vegano elaborado artesanalmente. Tonos pastel suaves en verde y marron natural para la armonia de tu espacio.</p>,Atelier Store,Accesorios para Mascotas,"Accesorios para Mascotas, Minimalist, Eco, Atelier",TRUE,Title,Default Title,ATL-MAS-459,450,shopify,50,deny,manual,93.5,,TRUE,TRUE,,https://cdn.shopify.com/s/files/1/0533/2089/files/placeholder-images-image_large.png,1,Collar Cuero Vegano Mate Atelier N19,FALSE,Collar Cuero Vegano Mate Atelier N19,Comprar Collar Cuero Vegano Mate Atelier N19 en Atelier Minimal Store.,active
mascotas-eco-cama-de-canamo-artesanal-20,Cama de Canamo Artesanal Atelier N20,<p>Exquisito cama de canamo elaborado artesanalmente. Tonos pastel suaves en verde y marron natural para la armonia de tu espacio.</p>,Atelier Store,Accesorios para Mascotas,"Accesorios para Mascotas, Minimalist, Eco, Atelier",TRUE,Title,Default Title,ATL-MAS-460,450,shopify,50,deny,manual,98.0,,TRUE,TRUE,,https://cdn.shopify.com/s/files/1/0533/2089/files/placeholder-images-lifestyle-1_large.png,1,Cama de Canamo Artesanal Atelier N20,FALSE,Cama de Canamo Artesanal Atelier N20,Comprar Cama de Canamo Artesanal Atelier N20 en Atelier Minimal Store.,active
ninos-juguetes-sonajero-bambu-mate-1,Sonajero Bambu Mate Atelier N1,<p>Exquisito sonajero bambu elaborado artesanalmente. Tonos pastel suaves en verde y marron natural para la armonia de tu espacio.</p>,Atelier Store,Juguetes de Madera,"Juguetes de Madera, Minimalist, Eco, Atelier",TRUE,Title,Default Title,ATL-NIN-461,450,shopify,50,deny,manual,32.5,,TRUE,TRUE,,https://cdn.shopify.com/s/files/1/0533/2089/files/placeholder-images-product-1_large.png,1,Sonajero Bambu Mate Atelier N1,FALSE,Sonajero Bambu Mate Atelier N1,Comprar Sonajero Bambu Mate Atelier N1 en Atelier Minimal Store.,active
ninos-juguetes-puzzle-geometrico-artesanal-2,Puzzle Geometrico Artesanal Atelier N2,<p>Exquisito puzzle geometrico elaborado artesanalmente. Tonos pastel suaves en verde y marron natural para la armonia de tu espacio.</p>,Atelier Store,Juguetes de Madera,"Juguetes de Madera, Minimalist, Eco, Atelier",TRUE,Title,Default Title,ATL-NIN-462,450,shopify,50,deny,manual,37.0,,TRUE,TRUE,,https://cdn.shopify.com/s/files/1/0533/2089/files/placeholder-images-image_large.png,1,Puzzle Geometrico Artesanal Atelier N2,FALSE,Puzzle Geometrico Artesanal Atelier N2,Comprar Puzzle Geometrico Artesanal Atelier N2 en Atelier Minimal Store.,active
ninos-juguetes-cochecito-madera-organico-3,Cochecito Madera Organico Atelier N3,<p>Exquisito cochecito madera elaborado artesanalmente. Tonos pastel suaves en verde y marron natural para la armonia de tu espacio.</p>,Atelier Store,Juguetes de Madera,"Juguetes de Madera, Minimalist, Eco, Atelier",TRUE,Title,Default Title,ATL-NIN-463,450,shopify,50,deny,manual,41.5,,TRUE,TRUE,,https://cdn.shopify.com/s/files/1/0533/2089/files/placeholder-images-lifestyle-1_large.png,1,Cochecito Madera Organico Atelier N3,FALSE,Cochecito Madera Organico Atelier N3,Comprar Cochecito Madera Organico Atelier N3 en Atelier Minimal Store.,active
ninos-juguetes-figuras-animales-botanico-4,Figuras Animales Botanico Atelier N4,<p>Exquisito figuras animales elaborado artesanalmente. Tonos pastel suaves en verde y marron natural para la armonia de tu espacio.</p>,Atelier Store,Juguetes de Madera,"Juguetes de Madera, Minimalist, Eco, Atelier",TRUE,Title,Default Title,ATL-NIN-464,450,shopify,50,deny,manual,46.0,,TRUE,TRUE,,https://cdn.shopify.com/s/files/1/0533/2089/files/placeholder-images-product-1_large.png,1,Figuras Animales Botanico Atelier N4,FALSE,Figuras Animales Botanico Atelier N4,Comprar Figuras Animales Botanico Atelier N4 en Atelier Minimal Store.,active
ninos-juguetes-bloques-madera-atelier-5,Bloques Madera Atelier Atelier N5,<p>Exquisito bloques madera elaborado artesanalmente. Tonos pastel suaves en verde y marron natural para la armonia de tu espacio.</p>,Atelier Store,Juguetes de Madera,"Juguetes de Madera, Minimalist, Eco, Atelier",TRUE,Title,Default Title,ATL-NIN-465,450,shopify,50,deny,manual,50.5,,TRUE,TRUE,,https://cdn.shopify.com/s/files/1/0533/2089/files/placeholder-images-image_large.png,1,Bloques Madera Atelier Atelier N5,FALSE,Bloques Madera Atelier Atelier N5,Comprar Bloques Madera Atelier Atelier N5 en Atelier Minimal Store.,active
ninos-juguetes-sonajero-bambu-pastel-6,Sonajero Bambu Pastel Atelier N6,<p>Exquisito sonajero bambu elaborado artesanalmente. Tonos pastel suaves en verde y marron natural para la armonia de tu espacio.</p>,Atelier Store,Juguetes de Madera,"Juguetes de Madera, Minimalist, Eco, Atelier",TRUE,Title,Default Title,ATL-NIN-466,450,shopify,50,deny,manual,55.0,,TRUE,TRUE,,https://cdn.shopify.com/s/files/1/0533/2089/files/placeholder-images-lifestyle-1_large.png,1,Sonajero Bambu Pastel Atelier N6,FALSE,Sonajero Bambu Pastel Atelier N6,Comprar Sonajero Bambu Pastel Atelier N6 en Atelier Minimal Store.,active
ninos-juguetes-puzzle-geometrico-puro-7,Puzzle Geometrico Puro Atelier N7,<p>Exquisito puzzle geometrico elaborado artesanalmente. Tonos pastel suaves en verde y marron natural para la armonia de tu espacio.</p>,Atelier Store,Juguetes de Madera,"Juguetes de Madera, Minimalist, Eco, Atelier",TRUE,Title,Default Title,ATL-NIN-467,450,shopify,50,deny,manual,59.5,,TRUE,TRUE,,https://cdn.shopify.com/s/files/1/0533/2089/files/placeholder-images-product-1_large.png,1,Puzzle Geometrico Puro Atelier N7,FALSE,Puzzle Geometrico Puro Atelier N7,Comprar Puzzle Geometrico Puro Atelier N7 en Atelier Minimal Store.,active
ninos-juguetes-cochecito-madera-eco-8,Cochecito Madera Eco Atelier N8,<p>Exquisito cochecito madera elaborado artesanalmente. Tonos pastel suaves en verde y marron natural para la armonia de tu espacio.</p>,Atelier Store,Juguetes de Madera,"Juguetes de Madera, Minimalist, Eco, Atelier",TRUE,Title,Default Title,ATL-NIN-468,450,shopify,50,deny,manual,64.0,,TRUE,TRUE,,https://cdn.shopify.com/s/files/1/0533/2089/files/placeholder-images-image_large.png,1,Cochecito Madera Eco Atelier N8,FALSE,Cochecito Madera Eco Atelier N8,Comprar Cochecito Madera Eco Atelier N8 en Atelier Minimal Store.,active
ninos-juguetes-figuras-animales-mate-9,Figuras Animales Mate Atelier N9,<p>Exquisito figuras animales elaborado artesanalmente. Tonos pastel suaves en verde y marron natural para la armonia de tu espacio.</p>,Atelier Store,Juguetes de Madera,"Juguetes de Madera, Minimalist, Eco, Atelier",TRUE,Title,Default Title,ATL-NIN-469,450,shopify,50,deny,manual,68.5,,TRUE,TRUE,,https://cdn.shopify.com/s/files/1/0533/2089/files/placeholder-images-lifestyle-1_large.png,1,Figuras Animales Mate Atelier N9,FALSE,Figuras Animales Mate Atelier N9,Comprar Figuras Animales Mate Atelier N9 en Atelier Minimal Store.,active
ninos-juguetes-bloques-madera-artesanal-10,Bloques Madera Artesanal Atelier N10,<p>Exquisito bloques madera elaborado artesanalmente. Tonos pastel suaves en verde y marron natural para la armonia de tu espacio.</p>,Atelier Store,Juguetes de Madera,"Juguetes de Madera, Minimalist, Eco, Atelier",TRUE,Title,Default Title,ATL-NIN-470,450,shopify,50,deny,manual,73.0,,TRUE,TRUE,,https://cdn.shopify.com/s/files/1/0533/2089/files/placeholder-images-product-1_large.png,1,Bloques Madera Artesanal Atelier N10,FALSE,Bloques Madera Artesanal Atelier N10,Comprar Bloques Madera Artesanal Atelier N10 en Atelier Minimal Store.,active
ninos-juguetes-sonajero-bambu-organico-11,Sonajero Bambu Organico Atelier N11,<p>Exquisito sonajero bambu elaborado artesanalmente. Tonos pastel suaves en verde y marron natural para la armonia de tu espacio.</p>,Atelier Store,Juguetes de Madera,"Juguetes de Madera, Minimalist, Eco, Atelier",TRUE,Title,Default Title,ATL-NIN-471,450,shopify,50,deny,manual,77.5,,TRUE,TRUE,,https://cdn.shopify.com/s/files/1/0533/2089/files/placeholder-images-image_large.png,1,Sonajero Bambu Organico Atelier N11,FALSE,Sonajero Bambu Organico Atelier N11,Comprar Sonajero Bambu Organico Atelier N11 en Atelier Minimal Store.,active
ninos-juguetes-puzzle-geometrico-botanico-12,Puzzle Geometrico Botanico Atelier N12,<p>Exquisito puzzle geometrico elaborado artesanalmente. Tonos pastel suaves en verde y marron natural para la armonia de tu espacio.</p>,Atelier Store,Juguetes de Madera,"Juguetes de Madera, Minimalist, Eco, Atelier",TRUE,Title,Default Title,ATL-NIN-472,450,shopify,50,deny,manual,82.0,,TRUE,TRUE,,https://cdn.shopify.com/s/files/1/0533/2089/files/placeholder-images-lifestyle-1_large.png,1,Puzzle Geometrico Botanico Atelier N12,FALSE,Puzzle Geometrico Botanico Atelier N12,Comprar Puzzle Geometrico Botanico Atelier N12 en Atelier Minimal Store.,active
ninos-juguetes-cochecito-madera-atelier-13,Cochecito Madera Atelier Atelier N13,<p>Exquisito cochecito madera elaborado artesanalmente. Tonos pastel suaves en verde y marron natural para la armonia de tu espacio.</p>,Atelier Store,Juguetes de Madera,"Juguetes de Madera, Minimalist, Eco, Atelier",TRUE,Title,Default Title,ATL-NIN-473,450,shopify,50,deny,manual,86.5,,TRUE,TRUE,,https://cdn.shopify.com/s/files/1/0533/2089/files/placeholder-images-product-1_large.png,1,Cochecito Madera Atelier Atelier N13,FALSE,Cochecito Madera Atelier Atelier N13,Comprar Cochecito Madera Atelier Atelier N13 en Atelier Minimal Store.,active
ninos-juguetes-figuras-animales-pastel-14,Figuras Animales Pastel Atelier N14,<p>Exquisito figuras animales elaborado artesanalmente. Tonos pastel suaves en verde y marron natural para la armonia de tu espacio.</p>,Atelier Store,Juguetes de Madera,"Juguetes de Madera, Minimalist, Eco, Atelier",TRUE,Title,Default Title,ATL-NIN-474,450,shopify,50,deny,manual,91.0,,TRUE,TRUE,,https://cdn.shopify.com/s/files/1/0533/2089/files/placeholder-images-image_large.png,1,Figuras Animales Pastel Atelier N14,FALSE,Figuras Animales Pastel Atelier N14,Comprar Figuras Animales Pastel Atelier N14 en Atelier Minimal Store.,active
ninos-juguetes-bloques-madera-puro-15,Bloques Madera Puro Atelier N15,<p>Exquisito bloques madera elaborado artesanalmente. Tonos pastel suaves en verde y marron natural para la armonia de tu espacio.</p>,Atelier Store,Juguetes de Madera,"Juguetes de Madera, Minimalist, Eco, Atelier",TRUE,Title,Default Title,ATL-NIN-475,450,shopify,50,deny,manual,70.5,,TRUE,TRUE,,https://cdn.shopify.com/s/files/1/0533/2089/files/placeholder-images-lifestyle-1_large.png,1,Bloques Madera Puro Atelier N15,FALSE,Bloques Madera Puro Atelier N15,Comprar Bloques Madera Puro Atelier N15 en Atelier Minimal Store.,active
ninos-juguetes-sonajero-bambu-eco-16,Sonajero Bambu Eco Atelier N16,<p>Exquisito sonajero bambu elaborado artesanalmente. Tonos pastel suaves en verde y marron natural para la armonia de tu espacio.</p>,Atelier Store,Juguetes de Madera,"Juguetes de Madera, Minimalist, Eco, Atelier",TRUE,Title,Default Title,ATL-NIN-476,450,shopify,50,deny,manual,75.0,,TRUE,TRUE,,https://cdn.shopify.com/s/files/1/0533/2089/files/placeholder-images-product-1_large.png,1,Sonajero Bambu Eco Atelier N16,FALSE,Sonajero Bambu Eco Atelier N16,Comprar Sonajero Bambu Eco Atelier N16 en Atelier Minimal Store.,active
ninos-juguetes-puzzle-geometrico-mate-17,Puzzle Geometrico Mate Atelier N17,<p>Exquisito puzzle geometrico elaborado artesanalmente. Tonos pastel suaves en verde y marron natural para la armonia de tu espacio.</p>,Atelier Store,Juguetes de Madera,"Juguetes de Madera, Minimalist, Eco, Atelier",TRUE,Title,Default Title,ATL-NIN-477,450,shopify,50,deny,manual,79.5,,TRUE,TRUE,,https://cdn.shopify.com/s/files/1/0533/2089/files/placeholder-images-image_large.png,1,Puzzle Geometrico Mate Atelier N17,FALSE,Puzzle Geometrico Mate Atelier N17,Comprar Puzzle Geometrico Mate Atelier N17 en Atelier Minimal Store.,active
ninos-juguetes-cochecito-madera-artesanal-18,Cochecito Madera Artesanal Atelier N18,<p>Exquisito cochecito madera elaborado artesanalmente. Tonos pastel suaves en verde y marron natural para la armonia de tu espacio.</p>,Atelier Store,Juguetes de Madera,"Juguetes de Madera, Minimalist, Eco, Atelier",TRUE,Title,Default Title,ATL-NIN-478,450,shopify,50,deny,manual,84.0,,TRUE,TRUE,,https://cdn.shopify.com/s/files/1/0533/2089/files/placeholder-images-lifestyle-1_large.png,1,Cochecito Madera Artesanal Atelier N18,FALSE,Cochecito Madera Artesanal Atelier N18,Comprar Cochecito Madera Artesanal Atelier N18 en Atelier Minimal Store.,active
ninos-juguetes-figuras-animales-organico-19,Figuras Animales Organico Atelier N19,<p>Exquisito figuras animales elaborado artesanalmente. Tonos pastel suaves en verde y marron natural para la armonia de tu espacio.</p>,Atelier Store,Juguetes de Madera,"Juguetes de Madera, Minimalist, Eco, Atelier",TRUE,Title,Default Title,ATL-NIN-479,450,shopify,50,deny,manual,88.5,,TRUE,TRUE,,https://cdn.shopify.com/s/files/1/0533/2089/files/placeholder-images-product-1_large.png,1,Figuras Animales Organico Atelier N19,FALSE,Figuras Animales Organico Atelier N19,Comprar Figuras Animales Organico Atelier N19 en Atelier Minimal Store.,active
ninos-juguetes-bloques-madera-botanico-20,Bloques Madera Botanico Atelier N20,<p>Exquisito bloques madera elaborado artesanalmente. Tonos pastel suaves en verde y marron natural para la armonia de tu espacio.</p>,Atelier Store,Juguetes de Madera,"Juguetes de Madera, Minimalist, Eco, Atelier",TRUE,Title,Default Title,ATL-NIN-480,450,shopify,50,deny,manual,93.0,,TRUE,TRUE,,https://cdn.shopify.com/s/files/1/0533/2089/files/placeholder-images-image_large.png,1,Bloques Madera Botanico Atelier N20,FALSE,Bloques Madera Botanico Atelier N20,Comprar Bloques Madera Botanico Atelier N20 en Atelier Minimal Store.,active
cuidado-ropa-detergente-ecologico-organico-1,Detergente Ecologico Organico Atelier N1,<p>Exquisito detergente ecologico elaborado artesanalmente. Tonos pastel suaves en verde y marron natural para la armonia de tu espacio.</p>,Atelier Store,Cuidado de la Ropa,"Cuidado de la Ropa, Minimalist, Eco, Atelier",TRUE,Title,Default Title,ATL-CUI-481,450,shopify,50,deny,manual,27.5,,TRUE,TRUE,,https://cdn.shopify.com/s/files/1/0533/2089/files/placeholder-images-lifestyle-1_large.png,1,Detergente Ecologico Organico Atelier N1,FALSE,Detergente Ecologico Organico Atelier N1,Comprar Detergente Ecologico Organico Atelier N1 en Atelier Minimal Store.,active
cuidado-ropa-jabon-de-lavanda-botanico-2,Jabon de Lavanda Botanico Atelier N2,<p>Exquisito jabon de lavanda elaborado artesanalmente. Tonos pastel suaves en verde y marron natural para la armonia de tu espacio.</p>,Atelier Store,Cuidado de la Ropa,"Cuidado de la Ropa, Minimalist, Eco, Atelier",TRUE,Title,Default Title,ATL-CUI-482,450,shopify,50,deny,manual,32.0,,TRUE,TRUE,,https://cdn.shopify.com/s/files/1/0533/2089/files/placeholder-images-product-1_large.png,1,Jabon de Lavanda Botanico Atelier N2,FALSE,Jabon de Lavanda Botanico Atelier N2,Comprar Jabon de Lavanda Botanico Atelier N2 en Atelier Minimal Store.,active
cuidado-ropa-bolsa-lavado-delicado-atelier-3,Bolsa Lavado Delicado Atelier Atelier N3,<p>Exquisito bolsa lavado delicado elaborado artesanalmente. Tonos pastel suaves en verde y marron natural para la armonia de tu espacio.</p>,Atelier Store,Cuidado de la Ropa,"Cuidado de la Ropa, Minimalist, Eco, Atelier",TRUE,Title,Default Title,ATL-CUI-483,450,shopify,50,deny,manual,36.5,,TRUE,TRUE,,https://cdn.shopify.com/s/files/1/0533/2089/files/placeholder-images-image_large.png,1,Bolsa Lavado Delicado Atelier Atelier N3,FALSE,Bolsa Lavado Delicado Atelier Atelier N3,Comprar Bolsa Lavado Delicado Atelier Atelier N3 en Atelier Minimal Store.,active
cuidado-ropa-cepillo-quita-pelusa-pastel-4,Cepillo Quita Pelusa Pastel Atelier N4,<p>Exquisito cepillo quita pelusa elaborado artesanalmente. Tonos pastel suaves en verde y marron natural para la armonia de tu espacio.</p>,Atelier Store,Cuidado de la Ropa,"Cuidado de la Ropa, Minimalist, Eco, Atelier",TRUE,Title,Default Title,ATL-CUI-484,450,shopify,50,deny,manual,41.0,,TRUE,TRUE,,https://cdn.shopify.com/s/files/1/0533/2089/files/placeholder-images-lifestyle-1_large.png,1,Cepillo Quita Pelusa Pastel Atelier N4,FALSE,Cepillo Quita Pelusa Pastel Atelier N4,Comprar Cepillo Quita Pelusa Pastel Atelier N4 en Atelier Minimal Store.,active
cuidado-ropa-esferas-secadora-puro-5,Esferas Secadora Puro Atelier N5,<p>Exquisito esferas secadora elaborado artesanalmente. Tonos pastel suaves en verde y marron natural para la armonia de tu espacio.</p>,Atelier Store,Cuidado de la Ropa,"Cuidado de la Ropa, Minimalist, Eco, Atelier",TRUE,Title,Default Title,ATL-CUI-485,450,shopify,50,deny,manual,45.5,,TRUE,TRUE,,https://cdn.shopify.com/s/files/1/0533/2089/files/placeholder-images-product-1_large.png,1,Esferas Secadora Puro Atelier N5,FALSE,Esferas Secadora Puro Atelier N5,Comprar Esferas Secadora Puro Atelier N5 en Atelier Minimal Store.,active
cuidado-ropa-detergente-ecologico-eco-6,Detergente Ecologico Eco Atelier N6,<p>Exquisito detergente ecologico elaborado artesanalmente. Tonos pastel suaves en verde y marron natural para la armonia de tu espacio.</p>,Atelier Store,Cuidado de la Ropa,"Cuidado de la Ropa, Minimalist, Eco, Atelier",TRUE,Title,Default Title,ATL-CUI-486,450,shopify,50,deny,manual,50.0,,TRUE,TRUE,,https://cdn.shopify.com/s/files/1/0533/2089/files/placeholder-images-image_large.png,1,Detergente Ecologico Eco Atelier N6,FALSE,Detergente Ecologico Eco Atelier N6,Comprar Detergente Ecologico Eco Atelier N6 en Atelier Minimal Store.,active
cuidado-ropa-jabon-de-lavanda-mate-7,Jabon de Lavanda Mate Atelier N7,<p>Exquisito jabon de lavanda elaborado artesanalmente. Tonos pastel suaves en verde y marron natural para la armonia de tu espacio.</p>,Atelier Store,Cuidado de la Ropa,"Cuidado de la Ropa, Minimalist, Eco, Atelier",TRUE,Title,Default Title,ATL-CUI-487,450,shopify,50,deny,manual,54.5,,TRUE,TRUE,,https://cdn.shopify.com/s/files/1/0533/2089/files/placeholder-images-lifestyle-1_large.png,1,Jabon de Lavanda Mate Atelier N7,FALSE,Jabon de Lavanda Mate Atelier N7,Comprar Jabon de Lavanda Mate Atelier N7 en Atelier Minimal Store.,active
cuidado-ropa-bolsa-lavado-delicado-artesanal-8,Bolsa Lavado Delicado Artesanal Atelier N8,<p>Exquisito bolsa lavado delicado elaborado artesanalmente. Tonos pastel suaves en verde y marron natural para la armonia de tu espacio.</p>,Atelier Store,Cuidado de la Ropa,"Cuidado de la Ropa, Minimalist, Eco, Atelier",TRUE,Title,Default Title,ATL-CUI-488,450,shopify,50,deny,manual,59.0,,TRUE,TRUE,,https://cdn.shopify.com/s/files/1/0533/2089/files/placeholder-images-product-1_large.png,1,Bolsa Lavado Delicado Artesanal Atelier N8,FALSE,Bolsa Lavado Delicado Artesanal Atelier N8,Comprar Bolsa Lavado Delicado Artesanal Atelier N8 en Atelier Minimal Store.,active
cuidado-ropa-cepillo-quita-pelusa-organico-9,Cepillo Quita Pelusa Organico Atelier N9,<p>Exquisito cepillo quita pelusa elaborado artesanalmente. Tonos pastel suaves en verde y marron natural para la armonia de tu espacio.</p>,Atelier Store,Cuidado de la Ropa,"Cuidado de la Ropa, Minimalist, Eco, Atelier",TRUE,Title,Default Title,ATL-CUI-489,450,shopify,50,deny,manual,63.5,,TRUE,TRUE,,https://cdn.shopify.com/s/files/1/0533/2089/files/placeholder-images-image_large.png,1,Cepillo Quita Pelusa Organico Atelier N9,FALSE,Cepillo Quita Pelusa Organico Atelier N9,Comprar Cepillo Quita Pelusa Organico Atelier N9 en Atelier Minimal Store.,active
cuidado-ropa-esferas-secadora-botanico-10,Esferas Secadora Botanico Atelier N10,<p>Exquisito esferas secadora elaborado artesanalmente. Tonos pastel suaves en verde y marron natural para la armonia de tu espacio.</p>,Atelier Store,Cuidado de la Ropa,"Cuidado de la Ropa, Minimalist, Eco, Atelier",TRUE,Title,Default Title,ATL-CUI-490,450,shopify,50,deny,manual,68.0,,TRUE,TRUE,,https://cdn.shopify.com/s/files/1/0533/2089/files/placeholder-images-lifestyle-1_large.png,1,Esferas Secadora Botanico Atelier N10,FALSE,Esferas Secadora Botanico Atelier N10,Comprar Esferas Secadora Botanico Atelier N10 en Atelier Minimal Store.,active
cuidado-ropa-detergente-ecologico-atelier-11,Detergente Ecologico Atelier Atelier N11,<p>Exquisito detergente ecologico elaborado artesanalmente. Tonos pastel suaves en verde y marron natural para la armonia de tu espacio.</p>,Atelier Store,Cuidado de la Ropa,"Cuidado de la Ropa, Minimalist, Eco, Atelier",TRUE,Title,Default Title,ATL-CUI-491,450,shopify,50,deny,manual,72.5,,TRUE,TRUE,,https://cdn.shopify.com/s/files/1/0533/2089/files/placeholder-images-product-1_large.png,1,Detergente Ecologico Atelier Atelier N11,FALSE,Detergente Ecologico Atelier Atelier N11,Comprar Detergente Ecologico Atelier Atelier N11 en Atelier Minimal Store.,active
cuidado-ropa-jabon-de-lavanda-pastel-12,Jabon de Lavanda Pastel Atelier N12,<p>Exquisito jabon de lavanda elaborado artesanalmente. Tonos pastel suaves en verde y marron natural para la armonia de tu espacio.</p>,Atelier Store,Cuidado de la Ropa,"Cuidado de la Ropa, Minimalist, Eco, Atelier",TRUE,Title,Default Title,ATL-CUI-492,450,shopify,50,deny,manual,77.0,,TRUE,TRUE,,https://cdn.shopify.com/s/files/1/0533/2089/files/placeholder-images-image_large.png,1,Jabon de Lavanda Pastel Atelier N12,FALSE,Jabon de Lavanda Pastel Atelier N12,Comprar Jabon de Lavanda Pastel Atelier N12 en Atelier Minimal Store.,active
cuidado-ropa-bolsa-lavado-delicado-puro-13,Bolsa Lavado Delicado Puro Atelier N13,<p>Exquisito bolsa lavado delicado elaborado artesanalmente. Tonos pastel suaves en verde y marron natural para la armonia de tu espacio.</p>,Atelier Store,Cuidado de la Ropa,"Cuidado de la Ropa, Minimalist, Eco, Atelier",TRUE,Title,Default Title,ATL-CUI-493,450,shopify,50,deny,manual,81.5,,TRUE,TRUE,,https://cdn.shopify.com/s/files/1/0533/2089/files/placeholder-images-lifestyle-1_large.png,1,Bolsa Lavado Delicado Puro Atelier N13,FALSE,Bolsa Lavado Delicado Puro Atelier N13,Comprar Bolsa Lavado Delicado Puro Atelier N13 en Atelier Minimal Store.,active
cuidado-ropa-cepillo-quita-pelusa-eco-14,Cepillo Quita Pelusa Eco Atelier N14,<p>Exquisito cepillo quita pelusa elaborado artesanalmente. Tonos pastel suaves en verde y marron natural para la armonia de tu espacio.</p>,Atelier Store,Cuidado de la Ropa,"Cuidado de la Ropa, Minimalist, Eco, Atelier",TRUE,Title,Default Title,ATL-CUI-494,450,shopify,50,deny,manual,86.0,,TRUE,TRUE,,https://cdn.shopify.com/s/files/1/0533/2089/files/placeholder-images-product-1_large.png,1,Cepillo Quita Pelusa Eco Atelier N14,FALSE,Cepillo Quita Pelusa Eco Atelier N14,Comprar Cepillo Quita Pelusa Eco Atelier N14 en Atelier Minimal Store.,active
cuidado-ropa-esferas-secadora-mate-15,Esferas Secadora Mate Atelier N15,<p>Exquisito esferas secadora elaborado artesanalmente. Tonos pastel suaves en verde y marron natural para la armonia de tu espacio.</p>,Atelier Store,Cuidado de la Ropa,"Cuidado de la Ropa, Minimalist, Eco, Atelier",TRUE,Title,Default Title,ATL-CUI-495,450,shopify,50,deny,manual,90.5,,TRUE,TRUE,,https://cdn.shopify.com/s/files/1/0533/2089/files/placeholder-images-image_large.png,1,Esferas Secadora Mate Atelier N15,FALSE,Esferas Secadora Mate Atelier N15,Comprar Esferas Secadora Mate Atelier N15 en Atelier Minimal Store.,active
cuidado-ropa-detergente-ecologico-artesanal-16,Detergente Ecologico Artesanal Atelier N16,<p>Exquisito detergente ecologico elaborado artesanalmente. Tonos pastel suaves en verde y marron natural para la armonia de tu espacio.</p>,Atelier Store,Cuidado de la Ropa,"Cuidado de la Ropa, Minimalist, Eco, Atelier",TRUE,Title,Default Title,ATL-CUI-496,450,shopify,50,deny,manual,95.0,,TRUE,TRUE,,https://cdn.shopify.com/s/files/1/0533/2089/files/placeholder-images-lifestyle-1_large.png,1,Detergente Ecologico Artesanal Atelier N16,FALSE,Detergente Ecologico Artesanal Atelier N16,Comprar Detergente Ecologico Artesanal Atelier N16 en Atelier Minimal Store.,active
cuidado-ropa-jabon-de-lavanda-organico-17,Jabon de Lavanda Organico Atelier N17,<p>Exquisito jabon de lavanda elaborado artesanalmente. Tonos pastel suaves en verde y marron natural para la armonia de tu espacio.</p>,Atelier Store,Cuidado de la Ropa,"Cuidado de la Ropa, Minimalist, Eco, Atelier",TRUE,Title,Default Title,ATL-CUI-497,450,shopify,50,deny,manual,99.5,,TRUE,TRUE,,https://cdn.shopify.com/s/files/1/0533/2089/files/placeholder-images-product-1_large.png,1,Jabon de Lavanda Organico Atelier N17,FALSE,Jabon de Lavanda Organico Atelier N17,Comprar Jabon de Lavanda Organico Atelier N17 en Atelier Minimal Store.,active
cuidado-ropa-bolsa-lavado-delicado-botanico-18,Bolsa Lavado Delicado Botanico Atelier N18,<p>Exquisito bolsa lavado delicado elaborado artesanalmente. Tonos pastel suaves en verde y marron natural para la armonia de tu espacio.</p>,Atelier Store,Cuidado de la Ropa,"Cuidado de la Ropa, Minimalist, Eco, Atelier",TRUE,Title,Default Title,ATL-CUI-498,450,shopify,50,deny,manual,104.0,,TRUE,TRUE,,https://cdn.shopify.com/s/files/1/0533/2089/files/placeholder-images-image_large.png,1,Bolsa Lavado Delicado Botanico Atelier N18,FALSE,Bolsa Lavado Delicado Botanico Atelier N18,Comprar Bolsa Lavado Delicado Botanico Atelier N18 en Atelier Minimal Store.,active
cuidado-ropa-cepillo-quita-pelusa-atelier-19,Cepillo Quita Pelusa Atelier Atelier N19,<p>Exquisito cepillo quita pelusa elaborado artesanalmente. Tonos pastel suaves en verde y marron natural para la armonia de tu espacio.</p>,Atelier Store,Cuidado de la Ropa,"Cuidado de la Ropa, Minimalist, Eco, Atelier",TRUE,Title,Default Title,ATL-CUI-499,450,shopify,50,deny,manual,108.5,,TRUE,TRUE,,https://cdn.shopify.com/s/files/1/0533/2089/files/placeholder-images-lifestyle-1_large.png,1,Cepillo Quita Pelusa Atelier Atelier N19,FALSE,Cepillo Quita Pelusa Atelier Atelier N19,Comprar Cepillo Quita Pelusa Atelier Atelier N19 en Atelier Minimal Store.,active
cuidado-ropa-esferas-secadora-pastel-20,Esferas Secadora Pastel Atelier N20,<p>Exquisito esferas secadora elaborado artesanalmente. Tonos pastel suaves en verde y marron natural para la armonia de tu espacio.</p>,Atelier Store,Cuidado de la Ropa,"Cuidado de la Ropa, Minimalist, Eco, Atelier",TRUE,Title,Default Title,ATL-CUI-500,450,shopify,50,deny,manual,88.0,,TRUE,TRUE,,https://cdn.shopify.com/s/files/1/0533/2089/files/placeholder-images-product-1_large.png,1,Esferas Secadora Pastel Atelier N20,FALSE,Esferas Secadora Pastel Atelier N20,Comprar Esferas Secadora Pastel Atelier N20 en Atelier Minimal Store.,active
