product_handle,rating,title,body,author,email,created_at,status
hogar-decoracion-florero-atelier-1,5,Elegante y funcional,Textura suave y acabados impecables. Se nota que es un producto artesanal hecho con dedicacion.,Javier G.,javierg@gmail.com,2026-02-01 10:00:00,published
hogar-decoracion-florero-atelier-1,4,Me encanto el diseno,La mejor compra del mes. Le dio un aire de calma y elegancia a mi espacio. Volvere a comprar definitivamente.,Sofia M.,sofiam@gmail.com,2026-02-01 10:00:00,published
hogar-decoracion-escultura-pastel-2,5,Me encanto el diseno,La mejor compra del mes. Le dio un aire de calma y elegancia a mi espacio. Volvere a comprar definitivamente.,Sofia L.,sofial@gmail.com,2026-02-01 10:00:00,published
hogar-decoracion-escultura-pastel-2,4,Excelente atencion y empaque,Cumple al 100% con la descripcion. El material es resistente y el tono verde/marron pastel es hermoso.,Camila S.,camilas@gmail.com,2026-02-01 10:00:00,published
hogar-decoracion-cuenco-decorativo-puro-3,5,Excelente atencion y empaque,Cumple al 100% con la descripcion. El material es resistente y el tono verde/marron pastel es hermoso.,Camila M.,camilam@gmail.com,2026-02-01 10:00:00,published
hogar-decoracion-cuenco-decorativo-puro-3,4,Supero mis expectativas,El producto llego super rapido y en empaque sustentable. La calidad es increible y el color pastel combina perfecto con mi decoracion.,Carlos P.,carlosp@gmail.com,2026-02-01 10:00:00,published
hogar-decoracion-bandeja-eco-4,5,Supero mis expectativas,El producto llego super rapido y en empaque sustentable. La calidad es increible y el color pastel combina perfecto con mi decoracion.,Carlos S.,carloss@gmail.com,2026-02-01 10:00:00,published
hogar-decoracion-bandeja-eco-4,4,Textura increible,Textura suave y acabados impecables. Se nota que es un producto artesanal hecho con dedicacion.,Valeria H.,valeriah@gmail.com,2026-02-01 10:00:00,published
hogar-decoracion-jarron-mate-5,5,Textura increible,Textura suave y acabados impecables. Se nota que es un producto artesanal hecho con dedicacion.,Valeria P.,valeriap@gmail.com,2026-02-01 10:00:00,published
hogar-decoracion-jarron-mate-5,4,100% recomendado,La mejor compra del mes. Le dio un aire de calma y elegancia a mi espacio. Volvere a comprar definitivamente.,Diego V.,diegov@gmail.com,2026-02-01 10:00:00,published
hogar-decoracion-florero-artesanal-6,5,100% recomendado,La mejor compra del mes. Le dio un aire de calma y elegancia a mi espacio. Volvere a comprar definitivamente.,Diego H.,diegoh@gmail.com,2026-02-01 10:00:00,published
hogar-decoracion-florero-artesanal-6,4,Diseno minimalista puro,Cumple al 100% con la descripcion. El material es resistente y el tono verde/marron pastel es hermoso.,Lucia B.,luciab@gmail.com,2026-02-01 10:00:00,published
hogar-decoracion-escultura-organico-7,5,Diseno minimalista puro,Cumple al 100% con la descripcion. El material es resistente y el tono verde/marron pastel es hermoso.,Lucia V.,luciav@gmail.com,2026-02-01 10:00:00,published
hogar-decoracion-escultura-organico-7,4,Calidad insuperable,El producto llego super rapido y en empaque sustentable. La calidad es increible y el color pastel combina perfecto con mi decoracion.,Andres T.,andrest@gmail.com,2026-02-01 10:00:00,published
hogar-decoracion-cuenco-decorativo-botanico-8,5,Calidad insuperable,El producto llego super rapido y en empaque sustentable. La calidad es increible y el color pastel combina perfecto con mi decoracion.,Andres B.,andresb@gmail.com,2026-02-01 10:00:00,published
hogar-decoracion-cuenco-decorativo-botanico-8,4,Elegante y funcional,Textura suave y acabados impecables. Se nota que es un producto artesanal hecho con dedicacion.,Elena C.,elenac@gmail.com,2026-02-01 10:00:00,published
hogar-decoracion-bandeja-atelier-9,5,Elegante y funcional,Textura suave y acabados impecables. Se nota que es un producto artesanal hecho con dedicacion.,Elena T.,elenat@gmail.com,2026-02-01 10:00:00,published
hogar-decoracion-bandeja-atelier-9,4,Me encanto el diseno,La mejor compra del mes. Le dio un aire de calma y elegancia a mi espacio. Volvere a comprar definitivamente.,Mateo R.,mateor@gmail.com,2026-02-01 10:00:00,published
hogar-decoracion-jarron-pastel-10,5,Me encanto el diseno,La mejor compra del mes. Le dio un aire de calma y elegancia a mi espacio. Volvere a comprar definitivamente.,Mateo C.,mateoc@gmail.com,2026-02-01 10:00:00,published
hogar-decoracion-jarron-pastel-10,4,Excelente atencion y empaque,Cumple al 100% con la descripcion. El material es resistente y el tono verde/marron pastel es hermoso.,Valentina G.,valentinag@gmail.com,2026-02-01 10:00:00,published
hogar-decoracion-florero-puro-11,5,Excelente atencion y empaque,Cumple al 100% con la descripcion. El material es resistente y el tono verde/marron pastel es hermoso.,Valentina R.,valentinar@gmail.com,2026-02-01 10:00:00,published
hogar-decoracion-florero-puro-11,4,Supero mis expectativas,El producto llego super rapido y en empaque sustentable. La calidad es increible y el color pastel combina perfecto con mi decoracion.,Santiago L.,santiagol@gmail.com,2026-02-01 10:00:00,published
hogar-decoracion-escultura-eco-12,5,Supero mis expectativas,El producto llego super rapido y en empaque sustentable. La calidad es increible y el color pastel combina perfecto con mi decoracion.,Santiago G.,santiagog@gmail.com,2026-02-01 10:00:00,published
hogar-decoracion-escultura-eco-12,4,Textura increible,Textura suave y acabados impecables. Se nota que es un producto artesanal hecho con dedicacion.,Isabella M.,isabellam@gmail.com,2026-02-01 10:00:00,published
hogar-decoracion-cuenco-decorativo-mate-13,5,Textura increible,Textura suave y acabados impecables. Se nota que es un producto artesanal hecho con dedicacion.,Isabella L.,isabellal@gmail.com,2026-02-01 10:00:00,published
hogar-decoracion-cuenco-decorativo-mate-13,4,100% recomendado,La mejor compra del mes. Le dio un aire de calma y elegancia a mi espacio. Volvere a comprar definitivamente.,Gabriel S.,gabriels@gmail.com,2026-02-01 10:00:00,published
hogar-decoracion-bandeja-artesanal-14,5,100% recomendado,La mejor compra del mes. Le dio un aire de calma y elegancia a mi espacio. Volvere a comprar definitivamente.,Gabriel M.,gabrielm@gmail.com,2026-02-01 10:00:00,published
hogar-decoracion-bandeja-artesanal-14,4,Diseno minimalista puro,Cumple al 100% con la descripcion. El material es resistente y el tono verde/marron pastel es hermoso.,Daniela P.,danielap@gmail.com,2026-02-01 10:00:00,published
hogar-decoracion-jarron-organico-15,5,Diseno minimalista puro,Cumple al 100% con la descripcion. El material es resistente y el tono verde/marron pastel es hermoso.,Daniela S.,danielas@gmail.com,2026-02-01 10:00:00,published
hogar-decoracion-jarron-organico-15,4,Calidad insuperable,El producto llego super rapido y en empaque sustentable. La calidad es increible y el color pastel combina perfecto con mi decoracion.,Maria H.,mariah@gmail.com,2026-02-01 10:00:00,published
hogar-decoracion-florero-botanico-16,5,Calidad insuperable,El producto llego super rapido y en empaque sustentable. La calidad es increible y el color pastel combina perfecto con mi decoracion.,Maria P.,mariap@gmail.com,2026-02-01 10:00:00,published
hogar-decoracion-florero-botanico-16,4,Elegante y funcional,Textura suave y acabados impecables. Se nota que es un producto artesanal hecho con dedicacion.,Javier V.,javierv@gmail.com,2026-02-01 10:00:00,published
hogar-decoracion-escultura-atelier-17,5,Elegante y funcional,Textura suave y acabados impecables. Se nota que es un producto artesanal hecho con dedicacion.,Javier H.,javierh@gmail.com,2026-02-01 10:00:00,published
hogar-decoracion-escultura-atelier-17,4,Me encanto el diseno,La mejor compra del mes. Le dio un aire de calma y elegancia a mi espacio. Volvere a comprar definitivamente.,Sofia B.,sofiab@gmail.com,2026-02-01 10:00:00,published
hogar-decoracion-cuenco-decorativo-pastel-18,5,Me encanto el diseno,La mejor compra del mes. Le dio un aire de calma y elegancia a mi espacio. Volvere a comprar definitivamente.,Sofia V.,sofiav@gmail.com,2026-02-01 10:00:00,published
hogar-decoracion-cuenco-decorativo-pastel-18,4,Excelente atencion y empaque,Cumple al 100% con la descripcion. El material es resistente y el tono verde/marron pastel es hermoso.,Camila T.,camilat@gmail.com,2026-02-01 10:00:00,published
hogar-decoracion-bandeja-puro-19,5,Excelente atencion y empaque,Cumple al 100% con la descripcion. El material es resistente y el tono verde/marron pastel es hermoso.,Camila B.,camilab@gmail.com,2026-02-01 10:00:00,published
hogar-decoracion-bandeja-puro-19,4,Supero mis expectativas,El producto llego super rapido y en empaque sustentable. La calidad es increible y el color pastel combina perfecto con mi decoracion.,Carlos C.,carlosc@gmail.com,2026-02-01 10:00:00,published
hogar-decoracion-jarron-eco-20,5,Supero mis expectativas,El producto llego super rapido y en empaque sustentable. La calidad es increible y el color pastel combina perfecto con mi decoracion.,Carlos T.,carlost@gmail.com,2026-02-01 10:00:00,published
hogar-decoracion-jarron-eco-20,4,Textura increible,Textura suave y acabados impecables. Se nota que es un producto artesanal hecho con dedicacion.,Valeria R.,valeriar@gmail.com,2026-02-01 10:00:00,published
textiles-organicos-funda-de-cojin-puro-1,5,Elegante y funcional,Textura suave y acabados impecables. Se nota que es un producto artesanal hecho con dedicacion.,Javier G.,javierg@gmail.com,2026-02-01 10:00:00,published
textiles-organicos-funda-de-cojin-puro-1,4,Me encanto el diseno,La mejor compra del mes. Le dio un aire de calma y elegancia a mi espacio. Volvere a comprar definitivamente.,Sofia M.,sofiam@gmail.com,2026-02-01 10:00:00,published
textiles-organicos-sabana-eco-2,5,Me encanto el diseno,La mejor compra del mes. Le dio un aire de calma y elegancia a mi espacio. Volvere a comprar definitivamente.,Sofia L.,sofial@gmail.com,2026-02-01 10:00:00,published
textiles-organicos-sabana-eco-2,4,Excelente atencion y empaque,Cumple al 100% con la descripcion. El material es resistente y el tono verde/marron pastel es hermoso.,Camila S.,camilas@gmail.com,2026-02-01 10:00:00,published
textiles-organicos-edredon-mate-3,5,Excelente atencion y empaque,Cumple al 100% con la descripcion. El material es resistente y el tono verde/marron pastel es hermoso.,Camila M.,camilam@gmail.com,2026-02-01 10:00:00,published
textiles-organicos-edredon-mate-3,4,Supero mis expectativas,El producto llego super rapido y en empaque sustentable. La calidad es increible y el color pastel combina perfecto con mi decoracion.,Carlos P.,carlosp@gmail.com,2026-02-01 10:00:00,published
textiles-organicos-camino-de-mesa-artesanal-4,5,Supero mis expectativas,El producto llego super rapido y en empaque sustentable. La calidad es increible y el color pastel combina perfecto con mi decoracion.,Carlos S.,carloss@gmail.com,2026-02-01 10:00:00,published
textiles-organicos-camino-de-mesa-artesanal-4,4,Textura increible,Textura suave y acabados impecables. Se nota que es un producto artesanal hecho con dedicacion.,Valeria H.,valeriah@gmail.com,2026-02-01 10:00:00,published
textiles-organicos-manta-organico-5,5,Textura increible,Textura suave y acabados impecables. Se nota que es un producto artesanal hecho con dedicacion.,Valeria P.,valeriap@gmail.com,2026-02-01 10:00:00,published
textiles-organicos-manta-organico-5,4,100% recomendado,La mejor compra del mes. Le dio un aire de calma y elegancia a mi espacio. Volvere a comprar definitivamente.,Diego V.,diegov@gmail.com,2026-02-01 10:00:00,published
textiles-organicos-funda-de-cojin-botanico-6,5,100% recomendado,La mejor compra del mes. Le dio un aire de calma y elegancia a mi espacio. Volvere a comprar definitivamente.,Diego H.,diegoh@gmail.com,2026-02-01 10:00:00,published
textiles-organicos-funda-de-cojin-botanico-6,4,Diseno minimalista puro,Cumple al 100% con la descripcion. El material es resistente y el tono verde/marron pastel es hermoso.,Lucia B.,luciab@gmail.com,2026-02-01 10:00:00,published
textiles-organicos-sabana-atelier-7,5,Diseno minimalista puro,Cumple al 100% con la descripcion. El material es resistente y el tono verde/marron pastel es hermoso.,Lucia V.,luciav@gmail.com,2026-02-01 10:00:00,published
textiles-organicos-sabana-atelier-7,4,Calidad insuperable,El producto llego super rapido y en empaque sustentable. La calidad es increible y el color pastel combina perfecto con mi decoracion.,Andres T.,andrest@gmail.com,2026-02-01 10:00:00,published
textiles-organicos-edredon-pastel-8,5,Calidad insuperable,El producto llego super rapido y en empaque sustentable. La calidad es increible y el color pastel combina perfecto con mi decoracion.,Andres B.,andresb@gmail.com,2026-02-01 10:00:00,published
textiles-organicos-edredon-pastel-8,4,Elegante y funcional,Textura suave y acabados impecables. Se nota que es un producto artesanal hecho con dedicacion.,Elena C.,elenac@gmail.com,2026-02-01 10:00:00,published
textiles-organicos-camino-de-mesa-puro-9,5,Elegante y funcional,Textura suave y acabados impecables. Se nota que es un producto artesanal hecho con dedicacion.,Elena T.,elenat@gmail.com,2026-02-01 10:00:00,published
textiles-organicos-camino-de-mesa-puro-9,4,Me encanto el diseno,La mejor compra del mes. Le dio un aire de calma y elegancia a mi espacio. Volvere a comprar definitivamente.,Mateo R.,mateor@gmail.com,2026-02-01 10:00:00,published
textiles-organicos-manta-eco-10,5,Me encanto el diseno,La mejor compra del mes. Le dio un aire de calma y elegancia a mi espacio. Volvere a comprar definitivamente.,Mateo C.,mateoc@gmail.com,2026-02-01 10:00:00,published
textiles-organicos-manta-eco-10,4,Excelente atencion y empaque,Cumple al 100% con la descripcion. El material es resistente y el tono verde/marron pastel es hermoso.,Valentina G.,valentinag@gmail.com,2026-02-01 10:00:00,published
textiles-organicos-funda-de-cojin-mate-11,5,Excelente atencion y empaque,Cumple al 100% con la descripcion. El material es resistente y el tono verde/marron pastel es hermoso.,Valentina R.,valentinar@gmail.com,2026-02-01 10:00:00,published
textiles-organicos-funda-de-cojin-mate-11,4,Supero mis expectativas,El producto llego super rapido y en empaque sustentable. La calidad es increible y el color pastel combina perfecto con mi decoracion.,Santiago L.,santiagol@gmail.com,2026-02-01 10:00:00,published
textiles-organicos-sabana-artesanal-12,5,Supero mis expectativas,El producto llego super rapido y en empaque sustentable. La calidad es increible y el color pastel combina perfecto con mi decoracion.,Santiago G.,santiagog@gmail.com,2026-02-01 10:00:00,published
textiles-organicos-sabana-artesanal-12,4,Textura increible,Textura suave y acabados impecables. Se nota que es un producto artesanal hecho con dedicacion.,Isabella M.,isabellam@gmail.com,2026-02-01 10:00:00,published
textiles-organicos-edredon-organico-13,5,Textura increible,Textura suave y acabados impecables. Se nota que es un producto artesanal hecho con dedicacion.,Isabella L.,isabellal@gmail.com,2026-02-01 10:00:00,published
textiles-organicos-edredon-organico-13,4,100% recomendado,La mejor compra del mes. Le dio un aire de calma y elegancia a mi espacio. Volvere a comprar definitivamente.,Gabriel S.,gabriels@gmail.com,2026-02-01 10:00:00,published
textiles-organicos-camino-de-mesa-botanico-14,5,100% recomendado,La mejor compra del mes. Le dio un aire de calma y elegancia a mi espacio. Volvere a comprar definitivamente.,Gabriel M.,gabrielm@gmail.com,2026-02-01 10:00:00,published
textiles-organicos-camino-de-mesa-botanico-14,4,Diseno minimalista puro,Cumple al 100% con la descripcion. El material es resistente y el tono verde/marron pastel es hermoso.,Daniela P.,danielap@gmail.com,2026-02-01 10:00:00,published
textiles-organicos-manta-atelier-15,5,Diseno minimalista puro,Cumple al 100% con la descripcion. El material es resistente y el tono verde/marron pastel es hermoso.,Daniela S.,danielas@gmail.com,2026-02-01 10:00:00,published
textiles-organicos-manta-atelier-15,4,Calidad insuperable,El producto llego super rapido y en empaque sustentable. La calidad es increible y el color pastel combina perfecto con mi decoracion.,Maria H.,mariah@gmail.com,2026-02-01 10:00:00,published
textiles-organicos-funda-de-cojin-pastel-16,5,Calidad insuperable,El producto llego super rapido y en empaque sustentable. La calidad es increible y el color pastel combina perfecto con mi decoracion.,Maria P.,mariap@gmail.com,2026-02-01 10:00:00,published
textiles-organicos-funda-de-cojin-pastel-16,4,Elegante y funcional,Textura suave y acabados impecables. Se nota que es un producto artesanal hecho con dedicacion.,Javier V.,javierv@gmail.com,2026-02-01 10:00:00,published
textiles-organicos-sabana-puro-17,5,Elegante y funcional,Textura suave y acabados impecables. Se nota que es un producto artesanal hecho con dedicacion.,Javier H.,javierh@gmail.com,2026-02-01 10:00:00,published
textiles-organicos-sabana-puro-17,4,Me encanto el diseno,La mejor compra del mes. Le dio un aire de calma y elegancia a mi espacio. Volvere a comprar definitivamente.,Sofia B.,sofiab@gmail.com,2026-02-01 10:00:00,published
textiles-organicos-edredon-eco-18,5,Me encanto el diseno,La mejor compra del mes. Le dio un aire de calma y elegancia a mi espacio. Volvere a comprar definitivamente.,Sofia V.,sofiav@gmail.com,2026-02-01 10:00:00,published
textiles-organicos-edredon-eco-18,4,Excelente atencion y empaque,Cumple al 100% con la descripcion. El material es resistente y el tono verde/marron pastel es hermoso.,Camila T.,camilat@gmail.com,2026-02-01 10:00:00,published
textiles-organicos-camino-de-mesa-mate-19,5,Excelente atencion y empaque,Cumple al 100% con la descripcion. El material es resistente y el tono verde/marron pastel es hermoso.,Camila B.,camilab@gmail.com,2026-02-01 10:00:00,published
textiles-organicos-camino-de-mesa-mate-19,4,Supero mis expectativas,El producto llego super rapido y en empaque sustentable. La calidad es increible y el color pastel combina perfecto con mi decoracion.,Carlos C.,carlosc@gmail.com,2026-02-01 10:00:00,published
textiles-organicos-manta-artesanal-20,5,Supero mis expectativas,El producto llego super rapido y en empaque sustentable. La calidad es increible y el color pastel combina perfecto con mi decoracion.,Carlos T.,carlost@gmail.com,2026-02-01 10:00:00,published
textiles-organicos-manta-artesanal-20,4,Textura increible,Textura suave y acabados impecables. Se nota que es un producto artesanal hecho con dedicacion.,Valeria R.,valeriar@gmail.com,2026-02-01 10:00:00,published
cuidado-personal-crema-hidratante-mate-1,5,Elegante y funcional,Textura suave y acabados impecables. Se nota que es un producto artesanal hecho con dedicacion.,Javier G.,javierg@gmail.com,2026-02-01 10:00:00,published
cuidado-personal-crema-hidratante-mate-1,4,Me encanto el diseno,La mejor compra del mes. Le dio un aire de calma y elegancia a mi espacio. Volvere a comprar definitivamente.,Sofia M.,sofiam@gmail.com,2026-02-01 10:00:00,published
cuidado-personal-jabon-botanico-artesanal-2,5,Me encanto el diseno,La mejor compra del mes. Le dio un aire de calma y elegancia a mi espacio. Volvere a comprar definitivamente.,Sofia L.,sofial@gmail.com,2026-02-01 10:00:00,published
cuidado-personal-jabon-botanico-artesanal-2,4,Excelente atencion y empaque,Cumple al 100% con la descripcion. El material es resistente y el tono verde/marron pastel es hermoso.,Camila S.,camilas@gmail.com,2026-02-01 10:00:00,published
cuidado-personal-aceite-corporal-organico-3,5,Excelente atencion y empaque,Cumple al 100% con la descripcion. El material es resistente y el tono verde/marron pastel es hermoso.,Camila M.,camilam@gmail.com,2026-02-01 10:00:00,published
cuidado-personal-aceite-corporal-organico-3,4,Supero mis expectativas,El producto llego super rapido y en empaque sustentable. La calidad es increible y el color pastel combina perfecto con mi decoracion.,Carlos P.,carlosp@gmail.com,2026-02-01 10:00:00,published
cuidado-personal-balsamo-labial-botanico-4,5,Supero mis expectativas,El producto llego super rapido y en empaque sustentable. La calidad es increible y el color pastel combina perfecto con mi decoracion.,Carlos S.,carloss@gmail.com,2026-02-01 10:00:00,published
cuidado-personal-balsamo-labial-botanico-4,4,Textura increible,Textura suave y acabados impecables. Se nota que es un producto artesanal hecho con dedicacion.,Valeria H.,valeriah@gmail.com,2026-02-01 10:00:00,published
cuidado-personal-serum-facial-atelier-5,5,Textura increible,Textura suave y acabados impecables. Se nota que es un producto artesanal hecho con dedicacion.,Valeria P.,valeriap@gmail.com,2026-02-01 10:00:00,published
cuidado-personal-serum-facial-atelier-5,4,100% recomendado,La mejor compra del mes. Le dio un aire de calma y elegancia a mi espacio. Volvere a comprar definitivamente.,Diego V.,diegov@gmail.com,2026-02-01 10:00:00,published
cuidado-personal-crema-hidratante-pastel-6,5,100% recomendado,La mejor compra del mes. Le dio un aire de calma y elegancia a mi espacio. Volvere a comprar definitivamente.,Diego H.,diegoh@gmail.com,2026-02-01 10:00:00,published
cuidado-personal-crema-hidratante-pastel-6,4,Diseno minimalista puro,Cumple al 100% con la descripcion. El material es resistente y el tono verde/marron pastel es hermoso.,Lucia B.,luciab@gmail.com,2026-02-01 10:00:00,published
cuidado-personal-jabon-botanico-puro-7,5,Diseno minimalista puro,Cumple al 100% con la descripcion. El material es resistente y el tono verde/marron pastel es hermoso.,Lucia V.,luciav@gmail.com,2026-02-01 10:00:00,published
cuidado-personal-jabon-botanico-puro-7,4,Calidad insuperable,El producto llego super rapido y en empaque sustentable. La calidad es increible y el color pastel combina perfecto con mi decoracion.,Andres T.,andrest@gmail.com,2026-02-01 10:00:00,published
cuidado-personal-aceite-corporal-eco-8,5,Calidad insuperable,El producto llego super rapido y en empaque sustentable. La calidad es increible y el color pastel combina perfecto con mi decoracion.,Andres B.,andresb@gmail.com,2026-02-01 10:00:00,published
cuidado-personal-aceite-corporal-eco-8,4,Elegante y funcional,Textura suave y acabados impecables. Se nota que es un producto artesanal hecho con dedicacion.,Elena C.,elenac@gmail.com,2026-02-01 10:00:00,published
cuidado-personal-balsamo-labial-mate-9,5,Elegante y funcional,Textura suave y acabados impecables. Se nota que es un producto artesanal hecho con dedicacion.,Elena T.,elenat@gmail.com,2026-02-01 10:00:00,published
cuidado-personal-balsamo-labial-mate-9,4,Me encanto el diseno,La mejor compra del mes. Le dio un aire de calma y elegancia a mi espacio. Volvere a comprar definitivamente.,Mateo R.,mateor@gmail.com,2026-02-01 10:00:00,published
cuidado-personal-serum-facial-artesanal-10,5,Me encanto el diseno,La mejor compra del mes. Le dio un aire de calma y elegancia a mi espacio. Volvere a comprar definitivamente.,Mateo C.,mateoc@gmail.com,2026-02-01 10:00:00,published
cuidado-personal-serum-facial-artesanal-10,4,Excelente atencion y empaque,Cumple al 100% con la descripcion. El material es resistente y el tono verde/marron pastel es hermoso.,Valentina G.,valentinag@gmail.com,2026-02-01 10:00:00,published
cuidado-personal-crema-hidratante-organico-11,5,Excelente atencion y empaque,Cumple al 100% con la descripcion. El material es resistente y el tono verde/marron pastel es hermoso.,Valentina R.,valentinar@gmail.com,2026-02-01 10:00:00,published
cuidado-personal-crema-hidratante-organico-11,4,Supero mis expectativas,El producto llego super rapido y en empaque sustentable. La calidad es increible y el color pastel combina perfecto con mi decoracion.,Santiago L.,santiagol@gmail.com,2026-02-01 10:00:00,published
cuidado-personal-jabon-botanico-botanico-12,5,Supero mis expectativas,El producto llego super rapido y en empaque sustentable. La calidad es increible y el color pastel combina perfecto con mi decoracion.,Santiago G.,santiagog@gmail.com,2026-02-01 10:00:00,published
cuidado-personal-jabon-botanico-botanico-12,4,Textura increible,Textura suave y acabados impecables. Se nota que es un producto artesanal hecho con dedicacion.,Isabella M.,isabellam@gmail.com,2026-02-01 10:00:00,published
cuidado-personal-aceite-corporal-atelier-13,5,Textura increible,Textura suave y acabados impecables. Se nota que es un producto artesanal hecho con dedicacion.,Isabella L.,isabellal@gmail.com,2026-02-01 10:00:00,published
cuidado-personal-aceite-corporal-atelier-13,4,100% recomendado,La mejor compra del mes. Le dio un aire de calma y elegancia a mi espacio. Volvere a comprar definitivamente.,Gabriel S.,gabriels@gmail.com,2026-02-01 10:00:00,published
cuidado-personal-balsamo-labial-pastel-14,5,100% recomendado,La mejor compra del mes. Le dio un aire de calma y elegancia a mi espacio. Volvere a comprar definitivamente.,Gabriel M.,gabrielm@gmail.com,2026-02-01 10:00:00,published
cuidado-personal-balsamo-labial-pastel-14,4,Diseno minimalista puro,Cumple al 100% con la descripcion. El material es resistente y el tono verde/marron pastel es hermoso.,Daniela P.,danielap@gmail.com,2026-02-01 10:00:00,published
cuidado-personal-serum-facial-puro-15,5,Diseno minimalista puro,Cumple al 100% con la descripcion. El material es resistente y el tono verde/marron pastel es hermoso.,Daniela S.,danielas@gmail.com,2026-02-01 10:00:00,published
cuidado-personal-serum-facial-puro-15,4,Calidad insuperable,El producto llego super rapido y en empaque sustentable. La calidad es increible y el color pastel combina perfecto con mi decoracion.,Maria H.,mariah@gmail.com,2026-02-01 10:00:00,published
cuidado-personal-crema-hidratante-eco-16,5,Calidad insuperable,El producto llego super rapido y en empaque sustentable. La calidad es increible y el color pastel combina perfecto con mi decoracion.,Maria P.,mariap@gmail.com,2026-02-01 10:00:00,published
cuidado-personal-crema-hidratante-eco-16,4,Elegante y funcional,Textura suave y acabados impecables. Se nota que es un producto artesanal hecho con dedicacion.,Javier V.,javierv@gmail.com,2026-02-01 10:00:00,published
cuidado-personal-jabon-botanico-mate-17,5,Elegante y funcional,Textura suave y acabados impecables. Se nota que es un producto artesanal hecho con dedicacion.,Javier H.,javierh@gmail.com,2026-02-01 10:00:00,published
cuidado-personal-jabon-botanico-mate-17,4,Me encanto el diseno,La mejor compra del mes. Le dio un aire de calma y elegancia a mi espacio. Volvere a comprar definitivamente.,Sofia B.,sofiab@gmail.com,2026-02-01 10:00:00,published
cuidado-personal-aceite-corporal-artesanal-18,5,Me encanto el diseno,La mejor compra del mes. Le dio un aire de calma y elegancia a mi espacio. Volvere a comprar definitivamente.,Sofia V.,sofiav@gmail.com,2026-02-01 10:00:00,published
cuidado-personal-aceite-corporal-artesanal-18,4,Excelente atencion y empaque,Cumple al 100% con la descripcion. El material es resistente y el tono verde/marron pastel es hermoso.,Camila T.,camilat@gmail.com,2026-02-01 10:00:00,published
cuidado-personal-balsamo-labial-organico-19,5,Excelente atencion y empaque,Cumple al 100% con la descripcion. El material es resistente y el tono verde/marron pastel es hermoso.,Camila B.,camilab@gmail.com,2026-02-01 10:00:00,published
cuidado-personal-balsamo-labial-organico-19,4,Supero mis expectativas,El producto llego super rapido y en empaque sustentable. La calidad es increible y el color pastel combina perfecto con mi decoracion.,Carlos C.,carlosc@gmail.com,2026-02-01 10:00:00,published
cuidado-personal-serum-facial-botanico-20,5,Supero mis expectativas,El producto llego super rapido y en empaque sustentable. La calidad es increible y el color pastel combina perfecto con mi decoracion.,Carlos T.,carlost@gmail.com,2026-02-01 10:00:00,published
cuidado-personal-serum-facial-botanico-20,4,Textura increible,Textura suave y acabados impecables. Se nota que es un producto artesanal hecho con dedicacion.,Valeria R.,valeriar@gmail.com,2026-02-01 10:00:00,published
velas-aromas-difusor-de-varillas-organico-1,5,Elegante y funcional,Textura suave y acabados impecables. Se nota que es un producto artesanal hecho con dedicacion.,Javier G.,javierg@gmail.com,2026-02-01 10:00:00,published
velas-aromas-difusor-de-varillas-organico-1,4,Me encanto el diseno,La mejor compra del mes. Le dio un aire de calma y elegancia a mi espacio. Volvere a comprar definitivamente.,Sofia M.,sofiam@gmail.com,2026-02-01 10:00:00,published
velas-aromas-incienso-natural-botanico-2,5,Me encanto el diseno,La mejor compra del mes. Le dio un aire de calma y elegancia a mi espacio. Volvere a comprar definitivamente.,Sofia L.,sofial@gmail.com,2026-02-01 10:00:00,published
velas-aromas-incienso-natural-botanico-2,4,Excelente atencion y empaque,Cumple al 100% con la descripcion. El material es resistente y el tono verde/marron pastel es hermoso.,Camila S.,camilas@gmail.com,2026-02-01 10:00:00,published
velas-aromas-spray-de-almohada-atelier-3,5,Excelente atencion y empaque,Cumple al 100% con la descripcion. El material es resistente y el tono verde/marron pastel es hermoso.,Camila M.,camilam@gmail.com,2026-02-01 10:00:00,published
velas-aromas-spray-de-almohada-atelier-3,4,Supero mis expectativas,El producto llego super rapido y en empaque sustentable. La calidad es increible y el color pastel combina perfecto con mi decoracion.,Carlos P.,carlosp@gmail.com,2026-02-01 10:00:00,published
velas-aromas-cera-aromatica-pastel-4,5,Supero mis expectativas,El producto llego super rapido y en empaque sustentable. La calidad es increible y el color pastel combina perfecto con mi decoracion.,Carlos S.,carloss@gmail.com,2026-02-01 10:00:00,published
velas-aromas-cera-aromatica-pastel-4,4,Textura increible,Textura suave y acabados impecables. Se nota que es un producto artesanal hecho con dedicacion.,Valeria H.,valeriah@gmail.com,2026-02-01 10:00:00,published
velas-aromas-vela-de-soja-puro-5,5,Textura increible,Textura suave y acabados impecables. Se nota que es un producto artesanal hecho con dedicacion.,Valeria P.,valeriap@gmail.com,2026-02-01 10:00:00,published
velas-aromas-vela-de-soja-puro-5,4,100% recomendado,La mejor compra del mes. Le dio un aire de calma y elegancia a mi espacio. Volvere a comprar definitivamente.,Diego V.,diegov@gmail.com,2026-02-01 10:00:00,published
velas-aromas-difusor-de-varillas-eco-6,5,100% recomendado,La mejor compra del mes. Le dio un aire de calma y elegancia a mi espacio. Volvere a comprar definitivamente.,Diego H.,diegoh@gmail.com,2026-02-01 10:00:00,published
velas-aromas-difusor-de-varillas-eco-6,4,Diseno minimalista puro,Cumple al 100% con la descripcion. El material es resistente y el tono verde/marron pastel es hermoso.,Lucia B.,luciab@gmail.com,2026-02-01 10:00:00,published
velas-aromas-incienso-natural-mate-7,5,Diseno minimalista puro,Cumple al 100% con la descripcion. El material es resistente y el tono verde/marron pastel es hermoso.,Lucia V.,luciav@gmail.com,2026-02-01 10:00:00,published
velas-aromas-incienso-natural-mate-7,4,Calidad insuperable,El producto llego super rapido y en empaque sustentable. La calidad es increible y el color pastel combina perfecto con mi decoracion.,Andres T.,andrest@gmail.com,2026-02-01 10:00:00,published
velas-aromas-spray-de-almohada-artesanal-8,5,Calidad insuperable,El producto llego super rapido y en empaque sustentable. La calidad es increible y el color pastel combina perfecto con mi decoracion.,Andres B.,andresb@gmail.com,2026-02-01 10:00:00,published
velas-aromas-spray-de-almohada-artesanal-8,4,Elegante y funcional,Textura suave y acabados impecables. Se nota que es un producto artesanal hecho con dedicacion.,Elena C.,elenac@gmail.com,2026-02-01 10:00:00,published
velas-aromas-cera-aromatica-organico-9,5,Elegante y funcional,Textura suave y acabados impecables. Se nota que es un producto artesanal hecho con dedicacion.,Elena T.,elenat@gmail.com,2026-02-01 10:00:00,published
velas-aromas-cera-aromatica-organico-9,4,Me encanto el diseno,La mejor compra del mes. Le dio un aire de calma y elegancia a mi espacio. Volvere a comprar definitivamente.,Mateo R.,mateor@gmail.com,2026-02-01 10:00:00,published
velas-aromas-vela-de-soja-botanico-10,5,Me encanto el diseno,La mejor compra del mes. Le dio un aire de calma y elegancia a mi espacio. Volvere a comprar definitivamente.,Mateo C.,mateoc@gmail.com,2026-02-01 10:00:00,published
velas-aromas-vela-de-soja-botanico-10,4,Excelente atencion y empaque,Cumple al 100% con la descripcion. El material es resistente y el tono verde/marron pastel es hermoso.,Valentina G.,valentinag@gmail.com,2026-02-01 10:00:00,published
velas-aromas-difusor-de-varillas-atelier-11,5,Excelente atencion y empaque,Cumple al 100% con la descripcion. El material es resistente y el tono verde/marron pastel es hermoso.,Valentina R.,valentinar@gmail.com,2026-02-01 10:00:00,published
velas-aromas-difusor-de-varillas-atelier-11,4,Supero mis expectativas,El producto llego super rapido y en empaque sustentable. La calidad es increible y el color pastel combina perfecto con mi decoracion.,Santiago L.,santiagol@gmail.com,2026-02-01 10:00:00,published
velas-aromas-incienso-natural-pastel-12,5,Supero mis expectativas,El producto llego super rapido y en empaque sustentable. La calidad es increible y el color pastel combina perfecto con mi decoracion.,Santiago G.,santiagog@gmail.com,2026-02-01 10:00:00,published
velas-aromas-incienso-natural-pastel-12,4,Textura increible,Textura suave y acabados impecables. Se nota que es un producto artesanal hecho con dedicacion.,Isabella M.,isabellam@gmail.com,2026-02-01 10:00:00,published
velas-aromas-spray-de-almohada-puro-13,5,Textura increible,Textura suave y acabados impecables. Se nota que es un producto artesanal hecho con dedicacion.,Isabella L.,isabellal@gmail.com,2026-02-01 10:00:00,published
velas-aromas-spray-de-almohada-puro-13,4,100% recomendado,La mejor compra del mes. Le dio un aire de calma y elegancia a mi espacio. Volvere a comprar definitivamente.,Gabriel S.,gabriels@gmail.com,2026-02-01 10:00:00,published
velas-aromas-cera-aromatica-eco-14,5,100% recomendado,La mejor compra del mes. Le dio un aire de calma y elegancia a mi espacio. Volvere a comprar definitivamente.,Gabriel M.,gabrielm@gmail.com,2026-02-01 10:00:00,published
velas-aromas-cera-aromatica-eco-14,4,Diseno minimalista puro,Cumple al 100% con la descripcion. El material es resistente y el tono verde/marron pastel es hermoso.,Daniela P.,danielap@gmail.com,2026-02-01 10:00:00,published
velas-aromas-vela-de-soja-mate-15,5,Diseno minimalista puro,Cumple al 100% con la descripcion. El material es resistente y el tono verde/marron pastel es hermoso.,Daniela S.,danielas@gmail.com,2026-02-01 10:00:00,published
velas-aromas-vela-de-soja-mate-15,4,Calidad insuperable,El producto llego super rapido y en empaque sustentable. La calidad es increible y el color pastel combina perfecto con mi decoracion.,Maria H.,mariah@gmail.com,2026-02-01 10:00:00,published
velas-aromas-difusor-de-varillas-artesanal-16,5,Calidad insuperable,El producto llego super rapido y en empaque sustentable. La calidad es increible y el color pastel combina perfecto con mi decoracion.,Maria P.,mariap@gmail.com,2026-02-01 10:00:00,published
velas-aromas-difusor-de-varillas-artesanal-16,4,Elegante y funcional,Textura suave y acabados impecables. Se nota que es un producto artesanal hecho con dedicacion.,Javier V.,javierv@gmail.com,2026-02-01 10:00:00,published
velas-aromas-incienso-natural-organico-17,5,Elegante y funcional,Textura suave y acabados impecables. Se nota que es un producto artesanal hecho con dedicacion.,Javier H.,javierh@gmail.com,2026-02-01 10:00:00,published
velas-aromas-incienso-natural-organico-17,4,Me encanto el diseno,La mejor compra del mes. Le dio un aire de calma y elegancia a mi espacio. Volvere a comprar definitivamente.,Sofia B.,sofiab@gmail.com,2026-02-01 10:00:00,published
velas-aromas-spray-de-almohada-botanico-18,5,Me encanto el diseno,La mejor compra del mes. Le dio un aire de calma y elegancia a mi espacio. Volvere a comprar definitivamente.,Sofia V.,sofiav@gmail.com,2026-02-01 10:00:00,published
velas-aromas-spray-de-almohada-botanico-18,4,Excelente atencion y empaque,Cumple al 100% con la descripcion. El material es resistente y el tono verde/marron pastel es hermoso.,Camila T.,camilat@gmail.com,2026-02-01 10:00:00,published
velas-aromas-cera-aromatica-atelier-19,5,Excelente atencion y empaque,Cumple al 100% con la descripcion. El material es resistente y el tono verde/marron pastel es hermoso.,Camila B.,camilab@gmail.com,2026-02-01 10:00:00,published
velas-aromas-cera-aromatica-atelier-19,4,Supero mis expectativas,El producto llego super rapido y en empaque sustentable. La calidad es increible y el color pastel combina perfecto con mi decoracion.,Carlos C.,carlosc@gmail.com,2026-02-01 10:00:00,published
velas-aromas-vela-de-soja-pastel-20,5,Supero mis expectativas,El producto llego super rapido y en empaque sustentable. La calidad es increible y el color pastel combina perfecto con mi decoracion.,Carlos T.,carlost@gmail.com,2026-02-01 10:00:00,published
velas-aromas-vela-de-soja-pastel-20,4,Textura increible,Textura suave y acabados impecables. Se nota que es un producto artesanal hecho con dedicacion.,Valeria R.,valeriar@gmail.com,2026-02-01 10:00:00,published
accesorios-bambu-set-de-cubiertos-atelier-1,5,Elegante y funcional,Textura suave y acabados impecables. Se nota que es un producto artesanal hecho con dedicacion.,Javier G.,javierg@gmail.com,2026-02-01 10:00:00,published
accesorios-bambu-set-de-cubiertos-atelier-1,4,Me encanto el diseno,La mejor compra del mes. Le dio un aire de calma y elegancia a mi espacio. Volvere a comprar definitivamente.,Sofia M.,sofiam@gmail.com,2026-02-01 10:00:00,published
accesorios-bambu-tabla-de-cortar-pastel-2,5,Me encanto el diseno,La mejor compra del mes. Le dio un aire de calma y elegancia a mi espacio. Volvere a comprar definitivamente.,Sofia L.,sofial@gmail.com,2026-02-01 10:00:00,published
accesorios-bambu-tabla-de-cortar-pastel-2,4,Excelente atencion y empaque,Cumple al 100% con la descripcion. El material es resistente y el tono verde/marron pastel es hermoso.,Camila S.,camilas@gmail.com,2026-02-01 10:00:00,published
accesorios-bambu-organizador-puro-3,5,Excelente atencion y empaque,Cumple al 100% con la descripcion. El material es resistente y el tono verde/marron pastel es hermoso.,Camila M.,camilam@gmail.com,2026-02-01 10:00:00,published
accesorios-bambu-organizador-puro-3,4,Supero mis expectativas,El producto llego super rapido y en empaque sustentable. La calidad es increible y el color pastel combina perfecto con mi decoracion.,Carlos P.,carlosp@gmail.com,2026-02-01 10:00:00,published
accesorios-bambu-especiero-eco-4,5,Supero mis expectativas,El producto llego super rapido y en empaque sustentable. La calidad es increible y el color pastel combina perfecto con mi decoracion.,Carlos S.,carloss@gmail.com,2026-02-01 10:00:00,published
accesorios-bambu-especiero-eco-4,4,Textura increible,Textura suave y acabados impecables. Se nota que es un producto artesanal hecho con dedicacion.,Valeria H.,valeriah@gmail.com,2026-02-01 10:00:00,published
accesorios-bambu-cepillo-mate-5,5,Textura increible,Textura suave y acabados impecables. Se nota que es un producto artesanal hecho con dedicacion.,Valeria P.,valeriap@gmail.com,2026-02-01 10:00:00,published
accesorios-bambu-cepillo-mate-5,4,100% recomendado,La mejor compra del mes. Le dio un aire de calma y elegancia a mi espacio. Volvere a comprar definitivamente.,Diego V.,diegov@gmail.com,2026-02-01 10:00:00,published
accesorios-bambu-set-de-cubiertos-artesanal-6,5,100% recomendado,La mejor compra del mes. Le dio un aire de calma y elegancia a mi espacio. Volvere a comprar definitivamente.,Diego H.,diegoh@gmail.com,2026-02-01 10:00:00,published
accesorios-bambu-set-de-cubiertos-artesanal-6,4,Diseno minimalista puro,Cumple al 100% con la descripcion. El material es resistente y el tono verde/marron pastel es hermoso.,Lucia B.,luciab@gmail.com,2026-02-01 10:00:00,published
accesorios-bambu-tabla-de-cortar-organico-7,5,Diseno minimalista puro,Cumple al 100% con la descripcion. El material es resistente y el tono verde/marron pastel es hermoso.,Lucia V.,luciav@gmail.com,2026-02-01 10:00:00,published
accesorios-bambu-tabla-de-cortar-organico-7,4,Calidad insuperable,El producto llego super rapido y en empaque sustentable. La calidad es increible y el color pastel combina perfecto con mi decoracion.,Andres T.,andrest@gmail.com,2026-02-01 10:00:00,published
accesorios-bambu-organizador-botanico-8,5,Calidad insuperable,El producto llego super rapido y en empaque sustentable. La calidad es increible y el color pastel combina perfecto con mi decoracion.,Andres B.,andresb@gmail.com,2026-02-01 10:00:00,published
accesorios-bambu-organizador-botanico-8,4,Elegante y funcional,Textura suave y acabados impecables. Se nota que es un producto artesanal hecho con dedicacion.,Elena C.,elenac@gmail.com,2026-02-01 10:00:00,published
accesorios-bambu-especiero-atelier-9,5,Elegante y funcional,Textura suave y acabados impecables. Se nota que es un producto artesanal hecho con dedicacion.,Elena T.,elenat@gmail.com,2026-02-01 10:00:00,published
accesorios-bambu-especiero-atelier-9,4,Me encanto el diseno,La mejor compra del mes. Le dio un aire de calma y elegancia a mi espacio. Volvere a comprar definitivamente.,Mateo R.,mateor@gmail.com,2026-02-01 10:00:00,published
accesorios-bambu-cepillo-pastel-10,5,Me encanto el diseno,La mejor compra del mes. Le dio un aire de calma y elegancia a mi espacio. Volvere a comprar definitivamente.,Mateo C.,mateoc@gmail.com,2026-02-01 10:00:00,published
accesorios-bambu-cepillo-pastel-10,4,Excelente atencion y empaque,Cumple al 100% con la descripcion. El material es resistente y el tono verde/marron pastel es hermoso.,Valentina G.,valentinag@gmail.com,2026-02-01 10:00:00,published
accesorios-bambu-set-de-cubiertos-puro-11,5,Excelente atencion y empaque,Cumple al 100% con la descripcion. El material es resistente y el tono verde/marron pastel es hermoso.,Valentina R.,valentinar@gmail.com,2026-02-01 10:00:00,published
accesorios-bambu-set-de-cubiertos-puro-11,4,Supero mis expectativas,El producto llego super rapido y en empaque sustentable. La calidad es increible y el color pastel combina perfecto con mi decoracion.,Santiago L.,santiagol@gmail.com,2026-02-01 10:00:00,published
accesorios-bambu-tabla-de-cortar-eco-12,5,Supero mis expectativas,El producto llego super rapido y en empaque sustentable. La calidad es increible y el color pastel combina perfecto con mi decoracion.,Santiago G.,santiagog@gmail.com,2026-02-01 10:00:00,published
accesorios-bambu-tabla-de-cortar-eco-12,4,Textura increible,Textura suave y acabados impecables. Se nota que es un producto artesanal hecho con dedicacion.,Isabella M.,isabellam@gmail.com,2026-02-01 10:00:00,published
accesorios-bambu-organizador-mate-13,5,Textura increible,Textura suave y acabados impecables. Se nota que es un producto artesanal hecho con dedicacion.,Isabella L.,isabellal@gmail.com,2026-02-01 10:00:00,published
accesorios-bambu-organizador-mate-13,4,100% recomendado,La mejor compra del mes. Le dio un aire de calma y elegancia a mi espacio. Volvere a comprar definitivamente.,Gabriel S.,gabriels@gmail.com,2026-02-01 10:00:00,published
accesorios-bambu-especiero-artesanal-14,5,100% recomendado,La mejor compra del mes. Le dio un aire de calma y elegancia a mi espacio. Volvere a comprar definitivamente.,Gabriel M.,gabrielm@gmail.com,2026-02-01 10:00:00,published
accesorios-bambu-especiero-artesanal-14,4,Diseno minimalista puro,Cumple al 100% con la descripcion. El material es resistente y el tono verde/marron pastel es hermoso.,Daniela P.,danielap@gmail.com,2026-02-01 10:00:00,published
accesorios-bambu-cepillo-organico-15,5,Diseno minimalista puro,Cumple al 100% con la descripcion. El material es resistente y el tono verde/marron pastel es hermoso.,Daniela S.,danielas@gmail.com,2026-02-01 10:00:00,published
accesorios-bambu-cepillo-organico-15,4,Calidad insuperable,El producto llego super rapido y en empaque sustentable. La calidad es increible y el color pastel combina perfecto con mi decoracion.,Maria H.,mariah@gmail.com,2026-02-01 10:00:00,published
accesorios-bambu-set-de-cubiertos-botanico-16,5,Calidad insuperable,El producto llego super rapido y en empaque sustentable. La calidad es increible y el color pastel combina perfecto con mi decoracion.,Maria P.,mariap@gmail.com,2026-02-01 10:00:00,published
accesorios-bambu-set-de-cubiertos-botanico-16,4,Elegante y funcional,Textura suave y acabados impecables. Se nota que es un producto artesanal hecho con dedicacion.,Javier V.,javierv@gmail.com,2026-02-01 10:00:00,published
accesorios-bambu-tabla-de-cortar-atelier-17,5,Elegante y funcional,Textura suave y acabados impecables. Se nota que es un producto artesanal hecho con dedicacion.,Javier H.,javierh@gmail.com,2026-02-01 10:00:00,published
accesorios-bambu-tabla-de-cortar-atelier-17,4,Me encanto el diseno,La mejor compra del mes. Le dio un aire de calma y elegancia a mi espacio. Volvere a comprar definitivamente.,Sofia B.,sofiab@gmail.com,2026-02-01 10:00:00,published
accesorios-bambu-organizador-pastel-18,5,Me encanto el diseno,La mejor compra del mes. Le dio un aire de calma y elegancia a mi espacio. Volvere a comprar definitivamente.,Sofia V.,sofiav@gmail.com,2026-02-01 10:00:00,published
accesorios-bambu-organizador-pastel-18,4,Excelente atencion y empaque,Cumple al 100% con la descripcion. El material es resistente y el tono verde/marron pastel es hermoso.,Camila T.,camilat@gmail.com,2026-02-01 10:00:00,published
accesorios-bambu-especiero-puro-19,5,Excelente atencion y empaque,Cumple al 100% con la descripcion. El material es resistente y el tono verde/marron pastel es hermoso.,Camila B.,camilab@gmail.com,2026-02-01 10:00:00,published
accesorios-bambu-especiero-puro-19,4,Supero mis expectativas,El producto llego super rapido y en empaque sustentable. La calidad es increible y el color pastel combina perfecto con mi decoracion.,Carlos C.,carlosc@gmail.com,2026-02-01 10:00:00,published
accesorios-bambu-cepillo-eco-20,5,Supero mis expectativas,El producto llego super rapido y en empaque sustentable. La calidad es increible y el color pastel combina perfecto con mi decoracion.,Carlos T.,carlost@gmail.com,2026-02-01 10:00:00,published
accesorios-bambu-cepillo-eco-20,4,Textura increible,Textura suave y acabados impecables. Se nota que es un producto artesanal hecho con dedicacion.,Valeria R.,valeriar@gmail.com,2026-02-01 10:00:00,published
iluminacion-warm-farol-de-papel-puro-1,5,Elegante y funcional,Textura suave y acabados impecables. Se nota que es un producto artesanal hecho con dedicacion.,Javier G.,javierg@gmail.com,2026-02-01 10:00:00,published
iluminacion-warm-farol-de-papel-puro-1,4,Me encanto el diseno,La mejor compra del mes. Le dio un aire de calma y elegancia a mi espacio. Volvere a comprar definitivamente.,Sofia M.,sofiam@gmail.com,2026-02-01 10:00:00,published
iluminacion-warm-aplique-pared-eco-2,5,Me encanto el diseno,La mejor compra del mes. Le dio un aire de calma y elegancia a mi espacio. Volvere a comprar definitivamente.,Sofia L.,sofial@gmail.com,2026-02-01 10:00:00,published
iluminacion-warm-aplique-pared-eco-2,4,Excelente atencion y empaque,Cumple al 100% con la descripcion. El material es resistente y el tono verde/marron pastel es hermoso.,Camila S.,camilas@gmail.com,2026-02-01 10:00:00,published
iluminacion-warm-vela-led-mate-3,5,Excelente atencion y empaque,Cumple al 100% con la descripcion. El material es resistente y el tono verde/marron pastel es hermoso.,Camila M.,camilam@gmail.com,2026-02-01 10:00:00,published
iluminacion-warm-vela-led-mate-3,4,Supero mis expectativas,El producto llego super rapido y en empaque sustentable. La calidad es increible y el color pastel combina perfecto con mi decoracion.,Carlos P.,carlosp@gmail.com,2026-02-01 10:00:00,published
iluminacion-warm-foco-calido-artesanal-4,5,Supero mis expectativas,El producto llego super rapido y en empaque sustentable. La calidad es increible y el color pastel combina perfecto con mi decoracion.,Carlos S.,carloss@gmail.com,2026-02-01 10:00:00,published
iluminacion-warm-foco-calido-artesanal-4,4,Textura increible,Textura suave y acabados impecables. Se nota que es un producto artesanal hecho con dedicacion.,Valeria H.,valeriah@gmail.com,2026-02-01 10:00:00,published
iluminacion-warm-lampara-de-mesa-organico-5,5,Textura increible,Textura suave y acabados impecables. Se nota que es un producto artesanal hecho con dedicacion.,Valeria P.,valeriap@gmail.com,2026-02-01 10:00:00,published
iluminacion-warm-lampara-de-mesa-organico-5,4,100% recomendado,La mejor compra del mes. Le dio un aire de calma y elegancia a mi espacio. Volvere a comprar definitivamente.,Diego V.,diegov@gmail.com,2026-02-01 10:00:00,published
iluminacion-warm-farol-de-papel-botanico-6,5,100% recomendado,La mejor compra del mes. Le dio un aire de calma y elegancia a mi espacio. Volvere a comprar definitivamente.,Diego H.,diegoh@gmail.com,2026-02-01 10:00:00,published
iluminacion-warm-farol-de-papel-botanico-6,4,Diseno minimalista puro,Cumple al 100% con la descripcion. El material es resistente y el tono verde/marron pastel es hermoso.,Lucia B.,luciab@gmail.com,2026-02-01 10:00:00,published
iluminacion-warm-aplique-pared-atelier-7,5,Diseno minimalista puro,Cumple al 100% con la descripcion. El material es resistente y el tono verde/marron pastel es hermoso.,Lucia V.,luciav@gmail.com,2026-02-01 10:00:00,published
iluminacion-warm-aplique-pared-atelier-7,4,Calidad insuperable,El producto llego super rapido y en empaque sustentable. La calidad es increible y el color pastel combina perfecto con mi decoracion.,Andres T.,andrest@gmail.com,2026-02-01 10:00:00,published
iluminacion-warm-vela-led-pastel-8,5,Calidad insuperable,El producto llego super rapido y en empaque sustentable. La calidad es increible y el color pastel combina perfecto con mi decoracion.,Andres B.,andresb@gmail.com,2026-02-01 10:00:00,published
iluminacion-warm-vela-led-pastel-8,4,Elegante y funcional,Textura suave y acabados impecables. Se nota que es un producto artesanal hecho con dedicacion.,Elena C.,elenac@gmail.com,2026-02-01 10:00:00,published
iluminacion-warm-foco-calido-puro-9,5,Elegante y funcional,Textura suave y acabados impecables. Se nota que es un producto artesanal hecho con dedicacion.,Elena T.,elenat@gmail.com,2026-02-01 10:00:00,published
iluminacion-warm-foco-calido-puro-9,4,Me encanto el diseno,La mejor compra del mes. Le dio un aire de calma y elegancia a mi espacio. Volvere a comprar definitivamente.,Mateo R.,mateor@gmail.com,2026-02-01 10:00:00,published
iluminacion-warm-lampara-de-mesa-eco-10,5,Me encanto el diseno,La mejor compra del mes. Le dio un aire de calma y elegancia a mi espacio. Volvere a comprar definitivamente.,Mateo C.,mateoc@gmail.com,2026-02-01 10:00:00,published
iluminacion-warm-lampara-de-mesa-eco-10,4,Excelente atencion y empaque,Cumple al 100% con la descripcion. El material es resistente y el tono verde/marron pastel es hermoso.,Valentina G.,valentinag@gmail.com,2026-02-01 10:00:00,published
iluminacion-warm-farol-de-papel-mate-11,5,Excelente atencion y empaque,Cumple al 100% con la descripcion. El material es resistente y el tono verde/marron pastel es hermoso.,Valentina R.,valentinar@gmail.com,2026-02-01 10:00:00,published
iluminacion-warm-farol-de-papel-mate-11,4,Supero mis expectativas,El producto llego super rapido y en empaque sustentable. La calidad es increible y el color pastel combina perfecto con mi decoracion.,Santiago L.,santiagol@gmail.com,2026-02-01 10:00:00,published
iluminacion-warm-aplique-pared-artesanal-12,5,Supero mis expectativas,El producto llego super rapido y en empaque sustentable. La calidad es increible y el color pastel combina perfecto con mi decoracion.,Santiago G.,santiagog@gmail.com,2026-02-01 10:00:00,published
iluminacion-warm-aplique-pared-artesanal-12,4,Textura increible,Textura suave y acabados impecables. Se nota que es un producto artesanal hecho con dedicacion.,Isabella M.,isabellam@gmail.com,2026-02-01 10:00:00,published
iluminacion-warm-vela-led-organico-13,5,Textura increible,Textura suave y acabados impecables. Se nota que es un producto artesanal hecho con dedicacion.,Isabella L.,isabellal@gmail.com,2026-02-01 10:00:00,published
iluminacion-warm-vela-led-organico-13,4,100% recomendado,La mejor compra del mes. Le dio un aire de calma y elegancia a mi espacio. Volvere a comprar definitivamente.,Gabriel S.,gabriels@gmail.com,2026-02-01 10:00:00,published
iluminacion-warm-foco-calido-botanico-14,5,100% recomendado,La mejor compra del mes. Le dio un aire de calma y elegancia a mi espacio. Volvere a comprar definitivamente.,Gabriel M.,gabrielm@gmail.com,2026-02-01 10:00:00,published
iluminacion-warm-foco-calido-botanico-14,4,Diseno minimalista puro,Cumple al 100% con la descripcion. El material es resistente y el tono verde/marron pastel es hermoso.,Daniela P.,danielap@gmail.com,2026-02-01 10:00:00,published
iluminacion-warm-lampara-de-mesa-atelier-15,5,Diseno minimalista puro,Cumple al 100% con la descripcion. El material es resistente y el tono verde/marron pastel es hermoso.,Daniela S.,danielas@gmail.com,2026-02-01 10:00:00,published
iluminacion-warm-lampara-de-mesa-atelier-15,4,Calidad insuperable,El producto llego super rapido y en empaque sustentable. La calidad es increible y el color pastel combina perfecto con mi decoracion.,Maria H.,mariah@gmail.com,2026-02-01 10:00:00,published
iluminacion-warm-farol-de-papel-pastel-16,5,Calidad insuperable,El producto llego super rapido y en empaque sustentable. La calidad es increible y el color pastel combina perfecto con mi decoracion.,Maria P.,mariap@gmail.com,2026-02-01 10:00:00,published
iluminacion-warm-farol-de-papel-pastel-16,4,Elegante y funcional,Textura suave y acabados impecables. Se nota que es un producto artesanal hecho con dedicacion.,Javier V.,javierv@gmail.com,2026-02-01 10:00:00,published
iluminacion-warm-aplique-pared-puro-17,5,Elegante y funcional,Textura suave y acabados impecables. Se nota que es un producto artesanal hecho con dedicacion.,Javier H.,javierh@gmail.com,2026-02-01 10:00:00,published
iluminacion-warm-aplique-pared-puro-17,4,Me encanto el diseno,La mejor compra del mes. Le dio un aire de calma y elegancia a mi espacio. Volvere a comprar definitivamente.,Sofia B.,sofiab@gmail.com,2026-02-01 10:00:00,published
iluminacion-warm-vela-led-eco-18,5,Me encanto el diseno,La mejor compra del mes. Le dio un aire de calma y elegancia a mi espacio. Volvere a comprar definitivamente.,Sofia V.,sofiav@gmail.com,2026-02-01 10:00:00,published
iluminacion-warm-vela-led-eco-18,4,Excelente atencion y empaque,Cumple al 100% con la descripcion. El material es resistente y el tono verde/marron pastel es hermoso.,Camila T.,camilat@gmail.com,2026-02-01 10:00:00,published
iluminacion-warm-foco-calido-mate-19,5,Excelente atencion y empaque,Cumple al 100% con la descripcion. El material es resistente y el tono verde/marron pastel es hermoso.,Camila B.,camilab@gmail.com,2026-02-01 10:00:00,published
iluminacion-warm-foco-calido-mate-19,4,Supero mis expectativas,El producto llego super rapido y en empaque sustentable. La calidad es increible y el color pastel combina perfecto con mi decoracion.,Carlos C.,carlosc@gmail.com,2026-02-01 10:00:00,published
iluminacion-warm-lampara-de-mesa-artesanal-20,5,Supero mis expectativas,El producto llego super rapido y en empaque sustentable. La calidad es increible y el color pastel combina perfecto con mi decoracion.,Carlos T.,carlost@gmail.com,2026-02-01 10:00:00,published
iluminacion-warm-lampara-de-mesa-artesanal-20,4,Textura increible,Textura suave y acabados impecables. Se nota que es un producto artesanal hecho con dedicacion.,Valeria R.,valeriar@gmail.com,2026-02-01 10:00:00,published
vajillas-ceramica-plato-trinchero-mate-1,5,Elegante y funcional,Textura suave y acabados impecables. Se nota que es un producto artesanal hecho con dedicacion.,Javier G.,javierg@gmail.com,2026-02-01 10:00:00,published
vajillas-ceramica-plato-trinchero-mate-1,4,Me encanto el diseno,La mejor compra del mes. Le dio un aire de calma y elegancia a mi espacio. Volvere a comprar definitivamente.,Sofia M.,sofiam@gmail.com,2026-02-01 10:00:00,published
vajillas-ceramica-tazon-de-avena-artesanal-2,5,Me encanto el diseno,La mejor compra del mes. Le dio un aire de calma y elegancia a mi espacio. Volvere a comprar definitivamente.,Sofia L.,sofial@gmail.com,2026-02-01 10:00:00,published
vajillas-ceramica-tazon-de-avena-artesanal-2,4,Excelente atencion y empaque,Cumple al 100% con la descripcion. El material es resistente y el tono verde/marron pastel es hermoso.,Camila S.,camilas@gmail.com,2026-02-01 10:00:00,published
vajillas-ceramica-jarra-de-agua-organico-3,5,Excelente atencion y empaque,Cumple al 100% con la descripcion. El material es resistente y el tono verde/marron pastel es hermoso.,Camila M.,camilam@gmail.com,2026-02-01 10:00:00,published
vajillas-ceramica-jarra-de-agua-organico-3,4,Supero mis expectativas,El producto llego super rapido y en empaque sustentable. La calidad es increible y el color pastel combina perfecto con mi decoracion.,Carlos P.,carlosp@gmail.com,2026-02-01 10:00:00,published
vajillas-ceramica-plato-postre-botanico-4,5,Supero mis expectativas,El producto llego super rapido y en empaque sustentable. La calidad es increible y el color pastel combina perfecto con mi decoracion.,Carlos S.,carloss@gmail.com,2026-02-01 10:00:00,published
vajillas-ceramica-plato-postre-botanico-4,4,Textura increible,Textura suave y acabados impecables. Se nota que es un producto artesanal hecho con dedicacion.,Valeria H.,valeriah@gmail.com,2026-02-01 10:00:00,published
vajillas-ceramica-taza-de-cafe-atelier-5,5,Textura increible,Textura suave y acabados impecables. Se nota que es un producto artesanal hecho con dedicacion.,Valeria P.,valeriap@gmail.com,2026-02-01 10:00:00,published
vajillas-ceramica-taza-de-cafe-atelier-5,4,100% recomendado,La mejor compra del mes. Le dio un aire de calma y elegancia a mi espacio. Volvere a comprar definitivamente.,Diego V.,diegov@gmail.com,2026-02-01 10:00:00,published
vajillas-ceramica-plato-trinchero-pastel-6,5,100% recomendado,La mejor compra del mes. Le dio un aire de calma y elegancia a mi espacio. Volvere a comprar definitivamente.,Diego H.,diegoh@gmail.com,2026-02-01 10:00:00,published
vajillas-ceramica-plato-trinchero-pastel-6,4,Diseno minimalista puro,Cumple al 100% con la descripcion. El material es resistente y el tono verde/marron pastel es hermoso.,Lucia B.,luciab@gmail.com,2026-02-01 10:00:00,published
vajillas-ceramica-tazon-de-avena-puro-7,5,Diseno minimalista puro,Cumple al 100% con la descripcion. El material es resistente y el tono verde/marron pastel es hermoso.,Lucia V.,luciav@gmail.com,2026-02-01 10:00:00,published
vajillas-ceramica-tazon-de-avena-puro-7,4,Calidad insuperable,El producto llego super rapido y en empaque sustentable. La calidad es increible y el color pastel combina perfecto con mi decoracion.,Andres T.,andrest@gmail.com,2026-02-01 10:00:00,published
vajillas-ceramica-jarra-de-agua-eco-8,5,Calidad insuperable,El producto llego super rapido y en empaque sustentable. La calidad es increible y el color pastel combina perfecto con mi decoracion.,Andres B.,andresb@gmail.com,2026-02-01 10:00:00,published
vajillas-ceramica-jarra-de-agua-eco-8,4,Elegante y funcional,Textura suave y acabados impecables. Se nota que es un producto artesanal hecho con dedicacion.,Elena C.,elenac@gmail.com,2026-02-01 10:00:00,published
vajillas-ceramica-plato-postre-mate-9,5,Elegante y funcional,Textura suave y acabados impecables. Se nota que es un producto artesanal hecho con dedicacion.,Elena T.,elenat@gmail.com,2026-02-01 10:00:00,published
vajillas-ceramica-plato-postre-mate-9,4,Me encanto el diseno,La mejor compra del mes. Le dio un aire de calma y elegancia a mi espacio. Volvere a comprar definitivamente.,Mateo R.,mateor@gmail.com,2026-02-01 10:00:00,published
vajillas-ceramica-taza-de-cafe-artesanal-10,5,Me encanto el diseno,La mejor compra del mes. Le dio un aire de calma y elegancia a mi espacio. Volvere a comprar definitivamente.,Mateo C.,mateoc@gmail.com,2026-02-01 10:00:00,published
vajillas-ceramica-taza-de-cafe-artesanal-10,4,Excelente atencion y empaque,Cumple al 100% con la descripcion. El material es resistente y el tono verde/marron pastel es hermoso.,Valentina G.,valentinag@gmail.com,2026-02-01 10:00:00,published
vajillas-ceramica-plato-trinchero-organico-11,5,Excelente atencion y empaque,Cumple al 100% con la descripcion. El material es resistente y el tono verde/marron pastel es hermoso.,Valentina R.,valentinar@gmail.com,2026-02-01 10:00:00,published
vajillas-ceramica-plato-trinchero-organico-11,4,Supero mis expectativas,El producto llego super rapido y en empaque sustentable. La calidad es increible y el color pastel combina perfecto con mi decoracion.,Santiago L.,santiagol@gmail.com,2026-02-01 10:00:00,published
vajillas-ceramica-tazon-de-avena-botanico-12,5,Supero mis expectativas,El producto llego super rapido y en empaque sustentable. La calidad es increible y el color pastel combina perfecto con mi decoracion.,Santiago G.,santiagog@gmail.com,2026-02-01 10:00:00,published
vajillas-ceramica-tazon-de-avena-botanico-12,4,Textura increible,Textura suave y acabados impecables. Se nota que es un producto artesanal hecho con dedicacion.,Isabella M.,isabellam@gmail.com,2026-02-01 10:00:00,published
vajillas-ceramica-jarra-de-agua-atelier-13,5,Textura increible,Textura suave y acabados impecables. Se nota que es un producto artesanal hecho con dedicacion.,Isabella L.,isabellal@gmail.com,2026-02-01 10:00:00,published
vajillas-ceramica-jarra-de-agua-atelier-13,4,100% recomendado,La mejor compra del mes. Le dio un aire de calma y elegancia a mi espacio. Volvere a comprar definitivamente.,Gabriel S.,gabriels@gmail.com,2026-02-01 10:00:00,published
vajillas-ceramica-plato-postre-pastel-14,5,100% recomendado,La mejor compra del mes. Le dio un aire de calma y elegancia a mi espacio. Volvere a comprar definitivamente.,Gabriel M.,gabrielm@gmail.com,2026-02-01 10:00:00,published
vajillas-ceramica-plato-postre-pastel-14,4,Diseno minimalista puro,Cumple al 100% con la descripcion. El material es resistente y el tono verde/marron pastel es hermoso.,Daniela P.,danielap@gmail.com,2026-02-01 10:00:00,published
vajillas-ceramica-taza-de-cafe-puro-15,5,Diseno minimalista puro,Cumple al 100% con la descripcion. El material es resistente y el tono verde/marron pastel es hermoso.,Daniela S.,danielas@gmail.com,2026-02-01 10:00:00,published
vajillas-ceramica-taza-de-cafe-puro-15,4,Calidad insuperable,El producto llego super rapido y en empaque sustentable. La calidad es increible y el color pastel combina perfecto con mi decoracion.,Maria H.,mariah@gmail.com,2026-02-01 10:00:00,published
vajillas-ceramica-plato-trinchero-eco-16,5,Calidad insuperable,El producto llego super rapido y en empaque sustentable. La calidad es increible y el color pastel combina perfecto con mi decoracion.,Maria P.,mariap@gmail.com,2026-02-01 10:00:00,published
vajillas-ceramica-plato-trinchero-eco-16,4,Elegante y funcional,Textura suave y acabados impecables. Se nota que es un producto artesanal hecho con dedicacion.,Javier V.,javierv@gmail.com,2026-02-01 10:00:00,published
vajillas-ceramica-tazon-de-avena-mate-17,5,Elegante y funcional,Textura suave y acabados impecables. Se nota que es un producto artesanal hecho con dedicacion.,Javier H.,javierh@gmail.com,2026-02-01 10:00:00,published
vajillas-ceramica-tazon-de-avena-mate-17,4,Me encanto el diseno,La mejor compra del mes. Le dio un aire de calma y elegancia a mi espacio. Volvere a comprar definitivamente.,Sofia B.,sofiab@gmail.com,2026-02-01 10:00:00,published
vajillas-ceramica-jarra-de-agua-artesanal-18,5,Me encanto el diseno,La mejor compra del mes. Le dio un aire de calma y elegancia a mi espacio. Volvere a comprar definitivamente.,Sofia V.,sofiav@gmail.com,2026-02-01 10:00:00,published
vajillas-ceramica-jarra-de-agua-artesanal-18,4,Excelente atencion y empaque,Cumple al 100% con la descripcion. El material es resistente y el tono verde/marron pastel es hermoso.,Camila T.,camilat@gmail.com,2026-02-01 10:00:00,published
vajillas-ceramica-plato-postre-organico-19,5,Excelente atencion y empaque,Cumple al 100% con la descripcion. El material es resistente y el tono verde/marron pastel es hermoso.,Camila B.,camilab@gmail.com,2026-02-01 10:00:00,published
vajillas-ceramica-plato-postre-organico-19,4,Supero mis expectativas,El producto llego super rapido y en empaque sustentable. La calidad es increible y el color pastel combina perfecto con mi decoracion.,Carlos C.,carlosc@gmail.com,2026-02-01 10:00:00,published
vajillas-ceramica-taza-de-cafe-botanico-20,5,Supero mis expectativas,El producto llego super rapido y en empaque sustentable. La calidad es increible y el color pastel combina perfecto con mi decoracion.,Carlos T.,carlost@gmail.com,2026-02-01 10:00:00,published
vajillas-ceramica-taza-de-cafe-botanico-20,4,Textura increible,Textura suave y acabados impecables. Se nota que es un producto artesanal hecho con dedicacion.,Valeria R.,valeriar@gmail.com,2026-02-01 10:00:00,published
organizadores-madera-estante-flotante-organico-1,5,Elegante y funcional,Textura suave y acabados impecables. Se nota que es un producto artesanal hecho con dedicacion.,Javier G.,javierg@gmail.com,2026-02-01 10:00:00,published
organizadores-madera-estante-flotante-organico-1,4,Me encanto el diseno,La mejor compra del mes. Le dio un aire de calma y elegancia a mi espacio. Volvere a comprar definitivamente.,Sofia M.,sofiam@gmail.com,2026-02-01 10:00:00,published
organizadores-madera-joyero-botanico-2,5,Me encanto el diseno,La mejor compra del mes. Le dio un aire de calma y elegancia a mi espacio. Volvere a comprar definitivamente.,Sofia L.,sofial@gmail.com,2026-02-01 10:00:00,published
organizadores-madera-joyero-botanico-2,4,Excelente atencion y empaque,Cumple al 100% con la descripcion. El material es resistente y el tono verde/marron pastel es hermoso.,Camila S.,camilas@gmail.com,2026-02-01 10:00:00,published
organizadores-madera-lapicero-atelier-3,5,Excelente atencion y empaque,Cumple al 100% con la descripcion. El material es resistente y el tono verde/marron pastel es hermoso.,Camila M.,camilam@gmail.com,2026-02-01 10:00:00,published
organizadores-madera-lapicero-atelier-3,4,Supero mis expectativas,El producto llego super rapido y en empaque sustentable. La calidad es increible y el color pastel combina perfecto con mi decoracion.,Carlos P.,carlosp@gmail.com,2026-02-01 10:00:00,published
organizadores-madera-perchero-pastel-4,5,Supero mis expectativas,El producto llego super rapido y en empaque sustentable. La calidad es increible y el color pastel combina perfecto con mi decoracion.,Carlos S.,carloss@gmail.com,2026-02-01 10:00:00,published
organizadores-madera-perchero-pastel-4,4,Textura increible,Textura suave y acabados impecables. Se nota que es un producto artesanal hecho con dedicacion.,Valeria H.,valeriah@gmail.com,2026-02-01 10:00:00,published
organizadores-madera-caja-de-escritorio-puro-5,5,Textura increible,Textura suave y acabados impecables. Se nota que es un producto artesanal hecho con dedicacion.,Valeria P.,valeriap@gmail.com,2026-02-01 10:00:00,published
organizadores-madera-caja-de-escritorio-puro-5,4,100% recomendado,La mejor compra del mes. Le dio un aire de calma y elegancia a mi espacio. Volvere a comprar definitivamente.,Diego V.,diegov@gmail.com,2026-02-01 10:00:00,published
organizadores-madera-estante-flotante-eco-6,5,100% recomendado,La mejor compra del mes. Le dio un aire de calma y elegancia a mi espacio. Volvere a comprar definitivamente.,Diego H.,diegoh@gmail.com,2026-02-01 10:00:00,published
organizadores-madera-estante-flotante-eco-6,4,Diseno minimalista puro,Cumple al 100% con la descripcion. El material es resistente y el tono verde/marron pastel es hermoso.,Lucia B.,luciab@gmail.com,2026-02-01 10:00:00,published
organizadores-madera-joyero-mate-7,5,Diseno minimalista puro,Cumple al 100% con la descripcion. El material es resistente y el tono verde/marron pastel es hermoso.,Lucia V.,luciav@gmail.com,2026-02-01 10:00:00,published
organizadores-madera-joyero-mate-7,4,Calidad insuperable,El producto llego super rapido y en empaque sustentable. La calidad es increible y el color pastel combina perfecto con mi decoracion.,Andres T.,andrest@gmail.com,2026-02-01 10:00:00,published
organizadores-madera-lapicero-artesanal-8,5,Calidad insuperable,El producto llego super rapido y en empaque sustentable. La calidad es increible y el color pastel combina perfecto con mi decoracion.,Andres B.,andresb@gmail.com,2026-02-01 10:00:00,published
organizadores-madera-lapicero-artesanal-8,4,Elegante y funcional,Textura suave y acabados impecables. Se nota que es un producto artesanal hecho con dedicacion.,Elena C.,elenac@gmail.com,2026-02-01 10:00:00,published
organizadores-madera-perchero-organico-9,5,Elegante y funcional,Textura suave y acabados impecables. Se nota que es un producto artesanal hecho con dedicacion.,Elena T.,elenat@gmail.com,2026-02-01 10:00:00,published
organizadores-madera-perchero-organico-9,4,Me encanto el diseno,La mejor compra del mes. Le dio un aire de calma y elegancia a mi espacio. Volvere a comprar definitivamente.,Mateo R.,mateor@gmail.com,2026-02-01 10:00:00,published
organizadores-madera-caja-de-escritorio-botanico-10,5,Me encanto el diseno,La mejor compra del mes. Le dio un aire de calma y elegancia a mi espacio. Volvere a comprar definitivamente.,Mateo C.,mateoc@gmail.com,2026-02-01 10:00:00,published
organizadores-madera-caja-de-escritorio-botanico-10,4,Excelente atencion y empaque,Cumple al 100% con la descripcion. El material es resistente y el tono verde/marron pastel es hermoso.,Valentina G.,valentinag@gmail.com,2026-02-01 10:00:00,published
organizadores-madera-estante-flotante-atelier-11,5,Excelente atencion y empaque,Cumple al 100% con la descripcion. El material es resistente y el tono verde/marron pastel es hermoso.,Valentina R.,valentinar@gmail.com,2026-02-01 10:00:00,published
organizadores-madera-estante-flotante-atelier-11,4,Supero mis expectativas,El producto llego super rapido y en empaque sustentable. La calidad es increible y el color pastel combina perfecto con mi decoracion.,Santiago L.,santiagol@gmail.com,2026-02-01 10:00:00,published
organizadores-madera-joyero-pastel-12,5,Supero mis expectativas,El producto llego super rapido y en empaque sustentable. La calidad es increible y el color pastel combina perfecto con mi decoracion.,Santiago G.,santiagog@gmail.com,2026-02-01 10:00:00,published
organizadores-madera-joyero-pastel-12,4,Textura increible,Textura suave y acabados impecables. Se nota que es un producto artesanal hecho con dedicacion.,Isabella M.,isabellam@gmail.com,2026-02-01 10:00:00,published
organizadores-madera-lapicero-puro-13,5,Textura increible,Textura suave y acabados impecables. Se nota que es un producto artesanal hecho con dedicacion.,Isabella L.,isabellal@gmail.com,2026-02-01 10:00:00,published
organizadores-madera-lapicero-puro-13,4,100% recomendado,La mejor compra del mes. Le dio un aire de calma y elegancia a mi espacio. Volvere a comprar definitivamente.,Gabriel S.,gabriels@gmail.com,2026-02-01 10:00:00,published
organizadores-madera-perchero-eco-14,5,100% recomendado,La mejor compra del mes. Le dio un aire de calma y elegancia a mi espacio. Volvere a comprar definitivamente.,Gabriel M.,gabrielm@gmail.com,2026-02-01 10:00:00,published
organizadores-madera-perchero-eco-14,4,Diseno minimalista puro,Cumple al 100% con la descripcion. El material es resistente y el tono verde/marron pastel es hermoso.,Daniela P.,danielap@gmail.com,2026-02-01 10:00:00,published
organizadores-madera-caja-de-escritorio-mate-15,5,Diseno minimalista puro,Cumple al 100% con la descripcion. El material es resistente y el tono verde/marron pastel es hermoso.,Daniela S.,danielas@gmail.com,2026-02-01 10:00:00,published
organizadores-madera-caja-de-escritorio-mate-15,4,Calidad insuperable,El producto llego super rapido y en empaque sustentable. La calidad es increible y el color pastel combina perfecto con mi decoracion.,Maria H.,mariah@gmail.com,2026-02-01 10:00:00,published
organizadores-madera-estante-flotante-artesanal-16,5,Calidad insuperable,El producto llego super rapido y en empaque sustentable. La calidad es increible y el color pastel combina perfecto con mi decoracion.,Maria P.,mariap@gmail.com,2026-02-01 10:00:00,published
organizadores-madera-estante-flotante-artesanal-16,4,Elegante y funcional,Textura suave y acabados impecables. Se nota que es un producto artesanal hecho con dedicacion.,Javier V.,javierv@gmail.com,2026-02-01 10:00:00,published
organizadores-madera-joyero-organico-17,5,Elegante y funcional,Textura suave y acabados impecables. Se nota que es un producto artesanal hecho con dedicacion.,Javier H.,javierh@gmail.com,2026-02-01 10:00:00,published
organizadores-madera-joyero-organico-17,4,Me encanto el diseno,La mejor compra del mes. Le dio un aire de calma y elegancia a mi espacio. Volvere a comprar definitivamente.,Sofia B.,sofiab@gmail.com,2026-02-01 10:00:00,published
organizadores-madera-lapicero-botanico-18,5,Me encanto el diseno,La mejor compra del mes. Le dio un aire de calma y elegancia a mi espacio. Volvere a comprar definitivamente.,Sofia V.,sofiav@gmail.com,2026-02-01 10:00:00,published
organizadores-madera-lapicero-botanico-18,4,Excelente atencion y empaque,Cumple al 100% con la descripcion. El material es resistente y el tono verde/marron pastel es hermoso.,Camila T.,camilat@gmail.com,2026-02-01 10:00:00,published
organizadores-madera-perchero-atelier-19,5,Excelente atencion y empaque,Cumple al 100% con la descripcion. El material es resistente y el tono verde/marron pastel es hermoso.,Camila B.,camilab@gmail.com,2026-02-01 10:00:00,published
organizadores-madera-perchero-atelier-19,4,Supero mis expectativas,El producto llego super rapido y en empaque sustentable. La calidad es increible y el color pastel combina perfecto con mi decoracion.,Carlos C.,carlosc@gmail.com,2026-02-01 10:00:00,published
organizadores-madera-caja-de-escritorio-pastel-20,5,Supero mis expectativas,El producto llego super rapido y en empaque sustentable. La calidad es increible y el color pastel combina perfecto con mi decoracion.,Carlos T.,carlost@gmail.com,2026-02-01 10:00:00,published
organizadores-madera-caja-de-escritorio-pastel-20,4,Textura increible,Textura suave y acabados impecables. Se nota que es un producto artesanal hecho con dedicacion.,Valeria R.,valeriar@gmail.com,2026-02-01 10:00:00,published
papeleria-minimal-planificador-semanal-atelier-1,5,Elegante y funcional,Textura suave y acabados impecables. Se nota que es un producto artesanal hecho con dedicacion.,Javier G.,javierg@gmail.com,2026-02-01 10:00:00,published
papeleria-minimal-planificador-semanal-atelier-1,4,Me encanto el diseno,La mejor compra del mes. Le dio un aire de calma y elegancia a mi espacio. Volvere a comprar definitivamente.,Sofia M.,sofiam@gmail.com,2026-02-01 10:00:00,published
papeleria-minimal-pluma-estilografica-pastel-2,5,Me encanto el diseno,La mejor compra del mes. Le dio un aire de calma y elegancia a mi espacio. Volvere a comprar definitivamente.,Sofia L.,sofial@gmail.com,2026-02-01 10:00:00,published
papeleria-minimal-pluma-estilografica-pastel-2,4,Excelente atencion y empaque,Cumple al 100% con la descripcion. El material es resistente y el tono verde/marron pastel es hermoso.,Camila S.,camilas@gmail.com,2026-02-01 10:00:00,published
papeleria-minimal-bloc-de-notas-puro-3,5,Excelente atencion y empaque,Cumple al 100% con la descripcion. El material es resistente y el tono verde/marron pastel es hermoso.,Camila M.,camilam@gmail.com,2026-02-01 10:00:00,published
papeleria-minimal-bloc-de-notas-puro-3,4,Supero mis expectativas,El producto llego super rapido y en empaque sustentable. La calidad es increible y el color pastel combina perfecto con mi decoracion.,Carlos P.,carlosp@gmail.com,2026-02-01 10:00:00,published
papeleria-minimal-set-marcapaginas-eco-4,5,Supero mis expectativas,El producto llego super rapido y en empaque sustentable. La calidad es increible y el color pastel combina perfecto con mi decoracion.,Carlos S.,carloss@gmail.com,2026-02-01 10:00:00,published
papeleria-minimal-set-marcapaginas-eco-4,4,Textura increible,Textura suave y acabados impecables. Se nota que es un producto artesanal hecho con dedicacion.,Valeria H.,valeriah@gmail.com,2026-02-01 10:00:00,published
papeleria-minimal-cuaderno-lino-mate-5,5,Textura increible,Textura suave y acabados impecables. Se nota que es un producto artesanal hecho con dedicacion.,Valeria P.,valeriap@gmail.com,2026-02-01 10:00:00,published
papeleria-minimal-cuaderno-lino-mate-5,4,100% recomendado,La mejor compra del mes. Le dio un aire de calma y elegancia a mi espacio. Volvere a comprar definitivamente.,Diego V.,diegov@gmail.com,2026-02-01 10:00:00,published
papeleria-minimal-planificador-semanal-artesanal-6,5,100% recomendado,La mejor compra del mes. Le dio un aire de calma y elegancia a mi espacio. Volvere a comprar definitivamente.,Diego H.,diegoh@gmail.com,2026-02-01 10:00:00,published
papeleria-minimal-planificador-semanal-artesanal-6,4,Diseno minimalista puro,Cumple al 100% con la descripcion. El material es resistente y el tono verde/marron pastel es hermoso.,Lucia B.,luciab@gmail.com,2026-02-01 10:00:00,published
papeleria-minimal-pluma-estilografica-organico-7,5,Diseno minimalista puro,Cumple al 100% con la descripcion. El material es resistente y el tono verde/marron pastel es hermoso.,Lucia V.,luciav@gmail.com,2026-02-01 10:00:00,published
papeleria-minimal-pluma-estilografica-organico-7,4,Calidad insuperable,El producto llego super rapido y en empaque sustentable. La calidad es increible y el color pastel combina perfecto con mi decoracion.,Andres T.,andrest@gmail.com,2026-02-01 10:00:00,published
papeleria-minimal-bloc-de-notas-botanico-8,5,Calidad insuperable,El producto llego super rapido y en empaque sustentable. La calidad es increible y el color pastel combina perfecto con mi decoracion.,Andres B.,andresb@gmail.com,2026-02-01 10:00:00,published
papeleria-minimal-bloc-de-notas-botanico-8,4,Elegante y funcional,Textura suave y acabados impecables. Se nota que es un producto artesanal hecho con dedicacion.,Elena C.,elenac@gmail.com,2026-02-01 10:00:00,published
papeleria-minimal-set-marcapaginas-atelier-9,5,Elegante y funcional,Textura suave y acabados impecables. Se nota que es un producto artesanal hecho con dedicacion.,Elena T.,elenat@gmail.com,2026-02-01 10:00:00,published
papeleria-minimal-set-marcapaginas-atelier-9,4,Me encanto el diseno,La mejor compra del mes. Le dio un aire de calma y elegancia a mi espacio. Volvere a comprar definitivamente.,Mateo R.,mateor@gmail.com,2026-02-01 10:00:00,published
papeleria-minimal-cuaderno-lino-pastel-10,5,Me encanto el diseno,La mejor compra del mes. Le dio un aire de calma y elegancia a mi espacio. Volvere a comprar definitivamente.,Mateo C.,mateoc@gmail.com,2026-02-01 10:00:00,published
papeleria-minimal-cuaderno-lino-pastel-10,4,Excelente atencion y empaque,Cumple al 100% con la descripcion. El material es resistente y el tono verde/marron pastel es hermoso.,Valentina G.,valentinag@gmail.com,2026-02-01 10:00:00,published
papeleria-minimal-planificador-semanal-puro-11,5,Excelente atencion y empaque,Cumple al 100% con la descripcion. El material es resistente y el tono verde/marron pastel es hermoso.,Valentina R.,valentinar@gmail.com,2026-02-01 10:00:00,published
papeleria-minimal-planificador-semanal-puro-11,4,Supero mis expectativas,El producto llego super rapido y en empaque sustentable. La calidad es increible y el color pastel combina perfecto con mi decoracion.,Santiago L.,santiagol@gmail.com,2026-02-01 10:00:00,published
papeleria-minimal-pluma-estilografica-eco-12,5,Supero mis expectativas,El producto llego super rapido y en empaque sustentable. La calidad es increible y el color pastel combina perfecto con mi decoracion.,Santiago G.,santiagog@gmail.com,2026-02-01 10:00:00,published
papeleria-minimal-pluma-estilografica-eco-12,4,Textura increible,Textura suave y acabados impecables. Se nota que es un producto artesanal hecho con dedicacion.,Isabella M.,isabellam@gmail.com,2026-02-01 10:00:00,published
papeleria-minimal-bloc-de-notas-mate-13,5,Textura increible,Textura suave y acabados impecables. Se nota que es un producto artesanal hecho con dedicacion.,Isabella L.,isabellal@gmail.com,2026-02-01 10:00:00,published
papeleria-minimal-bloc-de-notas-mate-13,4,100% recomendado,La mejor compra del mes. Le dio un aire de calma y elegancia a mi espacio. Volvere a comprar definitivamente.,Gabriel S.,gabriels@gmail.com,2026-02-01 10:00:00,published
papeleria-minimal-set-marcapaginas-artesanal-14,5,100% recomendado,La mejor compra del mes. Le dio un aire de calma y elegancia a mi espacio. Volvere a comprar definitivamente.,Gabriel M.,gabrielm@gmail.com,2026-02-01 10:00:00,published
papeleria-minimal-set-marcapaginas-artesanal-14,4,Diseno minimalista puro,Cumple al 100% con la descripcion. El material es resistente y el tono verde/marron pastel es hermoso.,Daniela P.,danielap@gmail.com,2026-02-01 10:00:00,published
papeleria-minimal-cuaderno-lino-organico-15,5,Diseno minimalista puro,Cumple al 100% con la descripcion. El material es resistente y el tono verde/marron pastel es hermoso.,Daniela S.,danielas@gmail.com,2026-02-01 10:00:00,published
papeleria-minimal-cuaderno-lino-organico-15,4,Calidad insuperable,El producto llego super rapido y en empaque sustentable. La calidad es increible y el color pastel combina perfecto con mi decoracion.,Maria H.,mariah@gmail.com,2026-02-01 10:00:00,published
papeleria-minimal-planificador-semanal-botanico-16,5,Calidad insuperable,El producto llego super rapido y en empaque sustentable. La calidad es increible y el color pastel combina perfecto con mi decoracion.,Maria P.,mariap@gmail.com,2026-02-01 10:00:00,published
papeleria-minimal-planificador-semanal-botanico-16,4,Elegante y funcional,Textura suave y acabados impecables. Se nota que es un producto artesanal hecho con dedicacion.,Javier V.,javierv@gmail.com,2026-02-01 10:00:00,published
papeleria-minimal-pluma-estilografica-atelier-17,5,Elegante y funcional,Textura suave y acabados impecables. Se nota que es un producto artesanal hecho con dedicacion.,Javier H.,javierh@gmail.com,2026-02-01 10:00:00,published
papeleria-minimal-pluma-estilografica-atelier-17,4,Me encanto el diseno,La mejor compra del mes. Le dio un aire de calma y elegancia a mi espacio. Volvere a comprar definitivamente.,Sofia B.,sofiab@gmail.com,2026-02-01 10:00:00,published
papeleria-minimal-bloc-de-notas-pastel-18,5,Me encanto el diseno,La mejor compra del mes. Le dio un aire de calma y elegancia a mi espacio. Volvere a comprar definitivamente.,Sofia V.,sofiav@gmail.com,2026-02-01 10:00:00,published
papeleria-minimal-bloc-de-notas-pastel-18,4,Excelente atencion y empaque,Cumple al 100% con la descripcion. El material es resistente y el tono verde/marron pastel es hermoso.,Camila T.,camilat@gmail.com,2026-02-01 10:00:00,published
papeleria-minimal-set-marcapaginas-puro-19,5,Excelente atencion y empaque,Cumple al 100% con la descripcion. El material es resistente y el tono verde/marron pastel es hermoso.,Camila B.,camilab@gmail.com,2026-02-01 10:00:00,published
papeleria-minimal-set-marcapaginas-puro-19,4,Supero mis expectativas,El producto llego super rapido y en empaque sustentable. La calidad es increible y el color pastel combina perfecto con mi decoracion.,Carlos C.,carlosc@gmail.com,2026-02-01 10:00:00,published
papeleria-minimal-cuaderno-lino-eco-20,5,Supero mis expectativas,El producto llego super rapido y en empaque sustentable. La calidad es increible y el color pastel combina perfecto con mi decoracion.,Carlos T.,carlost@gmail.com,2026-02-01 10:00:00,published
papeleria-minimal-cuaderno-lino-eco-20,4,Textura increible,Textura suave y acabados impecables. Se nota que es un producto artesanal hecho con dedicacion.,Valeria R.,valeriar@gmail.com,2026-02-01 10:00:00,published
plantas-macetas-soporte-de-planta-puro-1,5,Elegante y funcional,Textura suave y acabados impecables. Se nota que es un producto artesanal hecho con dedicacion.,Javier G.,javierg@gmail.com,2026-02-01 10:00:00,published
plantas-macetas-soporte-de-planta-puro-1,4,Me encanto el diseno,La mejor compra del mes. Le dio un aire de calma y elegancia a mi espacio. Volvere a comprar definitivamente.,Sofia M.,sofiam@gmail.com,2026-02-01 10:00:00,published
plantas-macetas-regadera-de-cobre-eco-2,5,Me encanto el diseno,La mejor compra del mes. Le dio un aire de calma y elegancia a mi espacio. Volvere a comprar definitivamente.,Sofia L.,sofial@gmail.com,2026-02-01 10:00:00,published
plantas-macetas-regadera-de-cobre-eco-2,4,Excelente atencion y empaque,Cumple al 100% con la descripcion. El material es resistente y el tono verde/marron pastel es hermoso.,Camila S.,camilas@gmail.com,2026-02-01 10:00:00,published
plantas-macetas-maceta-colgante-mate-3,5,Excelente atencion y empaque,Cumple al 100% con la descripcion. El material es resistente y el tono verde/marron pastel es hermoso.,Camila M.,camilam@gmail.com,2026-02-01 10:00:00,published
plantas-macetas-maceta-colgante-mate-3,4,Supero mis expectativas,El producto llego super rapido y en empaque sustentable. La calidad es increible y el color pastel combina perfecto con mi decoracion.,Carlos P.,carlosp@gmail.com,2026-02-01 10:00:00,published
plantas-macetas-pulverizador-artesanal-4,5,Supero mis expectativas,El producto llego super rapido y en empaque sustentable. La calidad es increible y el color pastel combina perfecto con mi decoracion.,Carlos S.,carloss@gmail.com,2026-02-01 10:00:00,published
plantas-macetas-pulverizador-artesanal-4,4,Textura increible,Textura suave y acabados impecables. Se nota que es un producto artesanal hecho con dedicacion.,Valeria H.,valeriah@gmail.com,2026-02-01 10:00:00,published
plantas-macetas-maceta-terracota-organico-5,5,Textura increible,Textura suave y acabados impecables. Se nota que es un producto artesanal hecho con dedicacion.,Valeria P.,valeriap@gmail.com,2026-02-01 10:00:00,published
plantas-macetas-maceta-terracota-organico-5,4,100% recomendado,La mejor compra del mes. Le dio un aire de calma y elegancia a mi espacio. Volvere a comprar definitivamente.,Diego V.,diegov@gmail.com,2026-02-01 10:00:00,published
plantas-macetas-soporte-de-planta-botanico-6,5,100% recomendado,La mejor compra del mes. Le dio un aire de calma y elegancia a mi espacio. Volvere a comprar definitivamente.,Diego H.,diegoh@gmail.com,2026-02-01 10:00:00,published
plantas-macetas-soporte-de-planta-botanico-6,4,Diseno minimalista puro,Cumple al 100% con la descripcion. El material es resistente y el tono verde/marron pastel es hermoso.,Lucia B.,luciab@gmail.com,2026-02-01 10:00:00,published
plantas-macetas-regadera-de-cobre-atelier-7,5,Diseno minimalista puro,Cumple al 100% con la descripcion. El material es resistente y el tono verde/marron pastel es hermoso.,Lucia V.,luciav@gmail.com,2026-02-01 10:00:00,published
plantas-macetas-regadera-de-cobre-atelier-7,4,Calidad insuperable,El producto llego super rapido y en empaque sustentable. La calidad es increible y el color pastel combina perfecto con mi decoracion.,Andres T.,andrest@gmail.com,2026-02-01 10:00:00,published
plantas-macetas-maceta-colgante-pastel-8,5,Calidad insuperable,El producto llego super rapido y en empaque sustentable. La calidad es increible y el color pastel combina perfecto con mi decoracion.,Andres B.,andresb@gmail.com,2026-02-01 10:00:00,published
plantas-macetas-maceta-colgante-pastel-8,4,Elegante y funcional,Textura suave y acabados impecables. Se nota que es un producto artesanal hecho con dedicacion.,Elena C.,elenac@gmail.com,2026-02-01 10:00:00,published
plantas-macetas-pulverizador-puro-9,5,Elegante y funcional,Textura suave y acabados impecables. Se nota que es un producto artesanal hecho con dedicacion.,Elena T.,elenat@gmail.com,2026-02-01 10:00:00,published
plantas-macetas-pulverizador-puro-9,4,Me encanto el diseno,La mejor compra del mes. Le dio un aire de calma y elegancia a mi espacio. Volvere a comprar definitivamente.,Mateo R.,mateor@gmail.com,2026-02-01 10:00:00,published
plantas-macetas-maceta-terracota-eco-10,5,Me encanto el diseno,La mejor compra del mes. Le dio un aire de calma y elegancia a mi espacio. Volvere a comprar definitivamente.,Mateo C.,mateoc@gmail.com,2026-02-01 10:00:00,published
plantas-macetas-maceta-terracota-eco-10,4,Excelente atencion y empaque,Cumple al 100% con la descripcion. El material es resistente y el tono verde/marron pastel es hermoso.,Valentina G.,valentinag@gmail.com,2026-02-01 10:00:00,published
plantas-macetas-soporte-de-planta-mate-11,5,Excelente atencion y empaque,Cumple al 100% con la descripcion. El material es resistente y el tono verde/marron pastel es hermoso.,Valentina R.,valentinar@gmail.com,2026-02-01 10:00:00,published
plantas-macetas-soporte-de-planta-mate-11,4,Supero mis expectativas,El producto llego super rapido y en empaque sustentable. La calidad es increible y el color pastel combina perfecto con mi decoracion.,Santiago L.,santiagol@gmail.com,2026-02-01 10:00:00,published
plantas-macetas-regadera-de-cobre-artesanal-12,5,Supero mis expectativas,El producto llego super rapido y en empaque sustentable. La calidad es increible y el color pastel combina perfecto con mi decoracion.,Santiago G.,santiagog@gmail.com,2026-02-01 10:00:00,published
plantas-macetas-regadera-de-cobre-artesanal-12,4,Textura increible,Textura suave y acabados impecables. Se nota que es un producto artesanal hecho con dedicacion.,Isabella M.,isabellam@gmail.com,2026-02-01 10:00:00,published
plantas-macetas-maceta-colgante-organico-13,5,Textura increible,Textura suave y acabados impecables. Se nota que es un producto artesanal hecho con dedicacion.,Isabella L.,isabellal@gmail.com,2026-02-01 10:00:00,published
plantas-macetas-maceta-colgante-organico-13,4,100% recomendado,La mejor compra del mes. Le dio un aire de calma y elegancia a mi espacio. Volvere a comprar definitivamente.,Gabriel S.,gabriels@gmail.com,2026-02-01 10:00:00,published
plantas-macetas-pulverizador-botanico-14,5,100% recomendado,La mejor compra del mes. Le dio un aire de calma y elegancia a mi espacio. Volvere a comprar definitivamente.,Gabriel M.,gabrielm@gmail.com,2026-02-01 10:00:00,published
plantas-macetas-pulverizador-botanico-14,4,Diseno minimalista puro,Cumple al 100% con la descripcion. El material es resistente y el tono verde/marron pastel es hermoso.,Daniela P.,danielap@gmail.com,2026-02-01 10:00:00,published
plantas-macetas-maceta-terracota-atelier-15,5,Diseno minimalista puro,Cumple al 100% con la descripcion. El material es resistente y el tono verde/marron pastel es hermoso.,Daniela S.,danielas@gmail.com,2026-02-01 10:00:00,published
plantas-macetas-maceta-terracota-atelier-15,4,Calidad insuperable,El producto llego super rapido y en empaque sustentable. La calidad es increible y el color pastel combina perfecto con mi decoracion.,Maria H.,mariah@gmail.com,2026-02-01 10:00:00,published
plantas-macetas-soporte-de-planta-pastel-16,5,Calidad insuperable,El producto llego super rapido y en empaque sustentable. La calidad es increible y el color pastel combina perfecto con mi decoracion.,Maria P.,mariap@gmail.com,2026-02-01 10:00:00,published
plantas-macetas-soporte-de-planta-pastel-16,4,Elegante y funcional,Textura suave y acabados impecables. Se nota que es un producto artesanal hecho con dedicacion.,Javier V.,javierv@gmail.com,2026-02-01 10:00:00,published
plantas-macetas-regadera-de-cobre-puro-17,5,Elegante y funcional,Textura suave y acabados impecables. Se nota que es un producto artesanal hecho con dedicacion.,Javier H.,javierh@gmail.com,2026-02-01 10:00:00,published
plantas-macetas-regadera-de-cobre-puro-17,4,Me encanto el diseno,La mejor compra del mes. Le dio un aire de calma y elegancia a mi espacio. Volvere a comprar definitivamente.,Sofia B.,sofiab@gmail.com,2026-02-01 10:00:00,published
plantas-macetas-maceta-colgante-eco-18,5,Me encanto el diseno,La mejor compra del mes. Le dio un aire de calma y elegancia a mi espacio. Volvere a comprar definitivamente.,Sofia V.,sofiav@gmail.com,2026-02-01 10:00:00,published
plantas-macetas-maceta-colgante-eco-18,4,Excelente atencion y empaque,Cumple al 100% con la descripcion. El material es resistente y el tono verde/marron pastel es hermoso.,Camila T.,camilat@gmail.com,2026-02-01 10:00:00,published
plantas-macetas-pulverizador-mate-19,5,Excelente atencion y empaque,Cumple al 100% con la descripcion. El material es resistente y el tono verde/marron pastel es hermoso.,Camila B.,camilab@gmail.com,2026-02-01 10:00:00,published
plantas-macetas-pulverizador-mate-19,4,Supero mis expectativas,El producto llego super rapido y en empaque sustentable. La calidad es increible y el color pastel combina perfecto con mi decoracion.,Carlos C.,carlosc@gmail.com,2026-02-01 10:00:00,published
plantas-macetas-maceta-terracota-artesanal-20,5,Supero mis expectativas,El producto llego super rapido y en empaque sustentable. La calidad es increible y el color pastel combina perfecto con mi decoracion.,Carlos T.,carlost@gmail.com,2026-02-01 10:00:00,published
plantas-macetas-maceta-terracota-artesanal-20,4,Textura increible,Textura suave y acabados impecables. Se nota que es un producto artesanal hecho con dedicacion.,Valeria R.,valeriar@gmail.com,2026-02-01 10:00:00,published
bano-relax-sales-de-epsom-mate-1,5,Elegante y funcional,Textura suave y acabados impecables. Se nota que es un producto artesanal hecho con dedicacion.,Javier G.,javierg@gmail.com,2026-02-01 10:00:00,published
bano-relax-sales-de-epsom-mate-1,4,Me encanto el diseno,La mejor compra del mes. Le dio un aire de calma y elegancia a mi espacio. Volvere a comprar definitivamente.,Sofia M.,sofiam@gmail.com,2026-02-01 10:00:00,published
bano-relax-cepillo-seco-artesanal-2,5,Me encanto el diseno,La mejor compra del mes. Le dio un aire de calma y elegancia a mi espacio. Volvere a comprar definitivamente.,Sofia L.,sofial@gmail.com,2026-02-01 10:00:00,published
bano-relax-cepillo-seco-artesanal-2,4,Excelente atencion y empaque,Cumple al 100% con la descripcion. El material es resistente y el tono verde/marron pastel es hermoso.,Camila S.,camilas@gmail.com,2026-02-01 10:00:00,published
bano-relax-jabon-de-arcilla-organico-3,5,Excelente atencion y empaque,Cumple al 100% con la descripcion. El material es resistente y el tono verde/marron pastel es hermoso.,Camila M.,camilam@gmail.com,2026-02-01 10:00:00,published
bano-relax-jabon-de-arcilla-organico-3,4,Supero mis expectativas,El producto llego super rapido y en empaque sustentable. La calidad es increible y el color pastel combina perfecto con mi decoracion.,Carlos P.,carlosp@gmail.com,2026-02-01 10:00:00,published
bano-relax-alfombra-de-algodon-botanico-4,5,Supero mis expectativas,El producto llego super rapido y en empaque sustentable. La calidad es increible y el color pastel combina perfecto con mi decoracion.,Carlos S.,carloss@gmail.com,2026-02-01 10:00:00,published
bano-relax-alfombra-de-algodon-botanico-4,4,Textura increible,Textura suave y acabados impecables. Se nota que es un producto artesanal hecho con dedicacion.,Valeria H.,valeriah@gmail.com,2026-02-01 10:00:00,published
bano-relax-toalla-de-bambu-atelier-5,5,Textura increible,Textura suave y acabados impecables. Se nota que es un producto artesanal hecho con dedicacion.,Valeria P.,valeriap@gmail.com,2026-02-01 10:00:00,published
bano-relax-toalla-de-bambu-atelier-5,4,100% recomendado,La mejor compra del mes. Le dio un aire de calma y elegancia a mi espacio. Volvere a comprar definitivamente.,Diego V.,diegov@gmail.com,2026-02-01 10:00:00,published
bano-relax-sales-de-epsom-pastel-6,5,100% recomendado,La mejor compra del mes. Le dio un aire de calma y elegancia a mi espacio. Volvere a comprar definitivamente.,Diego H.,diegoh@gmail.com,2026-02-01 10:00:00,published
bano-relax-sales-de-epsom-pastel-6,4,Diseno minimalista puro,Cumple al 100% con la descripcion. El material es resistente y el tono verde/marron pastel es hermoso.,Lucia B.,luciab@gmail.com,2026-02-01 10:00:00,published
bano-relax-cepillo-seco-puro-7,5,Diseno minimalista puro,Cumple al 100% con la descripcion. El material es resistente y el tono verde/marron pastel es hermoso.,Lucia V.,luciav@gmail.com,2026-02-01 10:00:00,published
bano-relax-cepillo-seco-puro-7,4,Calidad insuperable,El producto llego super rapido y en empaque sustentable. La calidad es increible y el color pastel combina perfecto con mi decoracion.,Andres T.,andrest@gmail.com,2026-02-01 10:00:00,published
bano-relax-jabon-de-arcilla-eco-8,5,Calidad insuperable,El producto llego super rapido y en empaque sustentable. La calidad es increible y el color pastel combina perfecto con mi decoracion.,Andres B.,andresb@gmail.com,2026-02-01 10:00:00,published
bano-relax-jabon-de-arcilla-eco-8,4,Elegante y funcional,Textura suave y acabados impecables. Se nota que es un producto artesanal hecho con dedicacion.,Elena C.,elenac@gmail.com,2026-02-01 10:00:00,published
bano-relax-alfombra-de-algodon-mate-9,5,Elegante y funcional,Textura suave y acabados impecables. Se nota que es un producto artesanal hecho con dedicacion.,Elena T.,elenat@gmail.com,2026-02-01 10:00:00,published
bano-relax-alfombra-de-algodon-mate-9,4,Me encanto el diseno,La mejor compra del mes. Le dio un aire de calma y elegancia a mi espacio. Volvere a comprar definitivamente.,Mateo R.,mateor@gmail.com,2026-02-01 10:00:00,published
bano-relax-toalla-de-bambu-artesanal-10,5,Me encanto el diseno,La mejor compra del mes. Le dio un aire de calma y elegancia a mi espacio. Volvere a comprar definitivamente.,Mateo C.,mateoc@gmail.com,2026-02-01 10:00:00,published
bano-relax-toalla-de-bambu-artesanal-10,4,Excelente atencion y empaque,Cumple al 100% con la descripcion. El material es resistente y el tono verde/marron pastel es hermoso.,Valentina G.,valentinag@gmail.com,2026-02-01 10:00:00,published
bano-relax-sales-de-epsom-organico-11,5,Excelente atencion y empaque,Cumple al 100% con la descripcion. El material es resistente y el tono verde/marron pastel es hermoso.,Valentina R.,valentinar@gmail.com,2026-02-01 10:00:00,published
bano-relax-sales-de-epsom-organico-11,4,Supero mis expectativas,El producto llego super rapido y en empaque sustentable. La calidad es increible y el color pastel combina perfecto con mi decoracion.,Santiago L.,santiagol@gmail.com,2026-02-01 10:00:00,published
bano-relax-cepillo-seco-botanico-12,5,Supero mis expectativas,El producto llego super rapido y en empaque sustentable. La calidad es increible y el color pastel combina perfecto con mi decoracion.,Santiago G.,santiagog@gmail.com,2026-02-01 10:00:00,published
bano-relax-cepillo-seco-botanico-12,4,Textura increible,Textura suave y acabados impecables. Se nota que es un producto artesanal hecho con dedicacion.,Isabella M.,isabellam@gmail.com,2026-02-01 10:00:00,published
bano-relax-jabon-de-arcilla-atelier-13,5,Textura increible,Textura suave y acabados impecables. Se nota que es un producto artesanal hecho con dedicacion.,Isabella L.,isabellal@gmail.com,2026-02-01 10:00:00,published
bano-relax-jabon-de-arcilla-atelier-13,4,100% recomendado,La mejor compra del mes. Le dio un aire de calma y elegancia a mi espacio. Volvere a comprar definitivamente.,Gabriel S.,gabriels@gmail.com,2026-02-01 10:00:00,published
bano-relax-alfombra-de-algodon-pastel-14,5,100% recomendado,La mejor compra del mes. Le dio un aire de calma y elegancia a mi espacio. Volvere a comprar definitivamente.,Gabriel M.,gabrielm@gmail.com,2026-02-01 10:00:00,published
bano-relax-alfombra-de-algodon-pastel-14,4,Diseno minimalista puro,Cumple al 100% con la descripcion. El material es resistente y el tono verde/marron pastel es hermoso.,Daniela P.,danielap@gmail.com,2026-02-01 10:00:00,published
bano-relax-toalla-de-bambu-puro-15,5,Diseno minimalista puro,Cumple al 100% con la descripcion. El material es resistente y el tono verde/marron pastel es hermoso.,Daniela S.,danielas@gmail.com,2026-02-01 10:00:00,published
bano-relax-toalla-de-bambu-puro-15,4,Calidad insuperable,El producto llego super rapido y en empaque sustentable. La calidad es increible y el color pastel combina perfecto con mi decoracion.,Maria H.,mariah@gmail.com,2026-02-01 10:00:00,published
bano-relax-sales-de-epsom-eco-16,5,Calidad insuperable,El producto llego super rapido y en empaque sustentable. La calidad es increible y el color pastel combina perfecto con mi decoracion.,Maria P.,mariap@gmail.com,2026-02-01 10:00:00,published
bano-relax-sales-de-epsom-eco-16,4,Elegante y funcional,Textura suave y acabados impecables. Se nota que es un producto artesanal hecho con dedicacion.,Javier V.,javierv@gmail.com,2026-02-01 10:00:00,published
bano-relax-cepillo-seco-mate-17,5,Elegante y funcional,Textura suave y acabados impecables. Se nota que es un producto artesanal hecho con dedicacion.,Javier H.,javierh@gmail.com,2026-02-01 10:00:00,published
bano-relax-cepillo-seco-mate-17,4,Me encanto el diseno,La mejor compra del mes. Le dio un aire de calma y elegancia a mi espacio. Volvere a comprar definitivamente.,Sofia B.,sofiab@gmail.com,2026-02-01 10:00:00,published
bano-relax-jabon-de-arcilla-artesanal-18,5,Me encanto el diseno,La mejor compra del mes. Le dio un aire de calma y elegancia a mi espacio. Volvere a comprar definitivamente.,Sofia V.,sofiav@gmail.com,2026-02-01 10:00:00,published
bano-relax-jabon-de-arcilla-artesanal-18,4,Excelente atencion y empaque,Cumple al 100% con la descripcion. El material es resistente y el tono verde/marron pastel es hermoso.,Camila T.,camilat@gmail.com,2026-02-01 10:00:00,published
bano-relax-alfombra-de-algodon-organico-19,5,Excelente atencion y empaque,Cumple al 100% con la descripcion. El material es resistente y el tono verde/marron pastel es hermoso.,Camila B.,camilab@gmail.com,2026-02-01 10:00:00,published
bano-relax-alfombra-de-algodon-organico-19,4,Supero mis expectativas,El producto llego super rapido y en empaque sustentable. La calidad es increible y el color pastel combina perfecto con mi decoracion.,Carlos C.,carlosc@gmail.com,2026-02-01 10:00:00,published
bano-relax-toalla-de-bambu-botanico-20,5,Supero mis expectativas,El producto llego super rapido y en empaque sustentable. La calidad es increible y el color pastel combina perfecto con mi decoracion.,Carlos T.,carlost@gmail.com,2026-02-01 10:00:00,published
bano-relax-toalla-de-bambu-botanico-20,4,Textura increible,Textura suave y acabados impecables. Se nota que es un producto artesanal hecho con dedicacion.,Valeria R.,valeriar@gmail.com,2026-02-01 10:00:00,published
cocina-sustentable-envoltorio-de-cera-organico-1,5,Elegante y funcional,Textura suave y acabados impecables. Se nota que es un producto artesanal hecho con dedicacion.,Javier G.,javierg@gmail.com,2026-02-01 10:00:00,published
cocina-sustentable-envoltorio-de-cera-organico-1,4,Me encanto el diseno,La mejor compra del mes. Le dio un aire de calma y elegancia a mi espacio. Volvere a comprar definitivamente.,Sofia M.,sofiam@gmail.com,2026-02-01 10:00:00,published
cocina-sustentable-sorbetes-de-acero-botanico-2,5,Me encanto el diseno,La mejor compra del mes. Le dio un aire de calma y elegancia a mi espacio. Volvere a comprar definitivamente.,Sofia L.,sofial@gmail.com,2026-02-01 10:00:00,published
cocina-sustentable-sorbetes-de-acero-botanico-2,4,Excelente atencion y empaque,Cumple al 100% con la descripcion. El material es resistente y el tono verde/marron pastel es hermoso.,Camila S.,camilas@gmail.com,2026-02-01 10:00:00,published
cocina-sustentable-bolsa-leche-vegetal-atelier-3,5,Excelente atencion y empaque,Cumple al 100% con la descripcion. El material es resistente y el tono verde/marron pastel es hermoso.,Camila M.,camilam@gmail.com,2026-02-01 10:00:00,published
cocina-sustentable-bolsa-leche-vegetal-atelier-3,4,Supero mis expectativas,El producto llego super rapido y en empaque sustentable. La calidad es increible y el color pastel combina perfecto con mi decoracion.,Carlos P.,carlosp@gmail.com,2026-02-01 10:00:00,published
cocina-sustentable-filtro-de-cafe-pastel-4,5,Supero mis expectativas,El producto llego super rapido y en empaque sustentable. La calidad es increible y el color pastel combina perfecto con mi decoracion.,Carlos S.,carloss@gmail.com,2026-02-01 10:00:00,published
cocina-sustentable-filtro-de-cafe-pastel-4,4,Textura increible,Textura suave y acabados impecables. Se nota que es un producto artesanal hecho con dedicacion.,Valeria H.,valeriah@gmail.com,2026-02-01 10:00:00,published
cocina-sustentable-frasco-de-vidrio-puro-5,5,Textura increible,Textura suave y acabados impecables. Se nota que es un producto artesanal hecho con dedicacion.,Valeria P.,valeriap@gmail.com,2026-02-01 10:00:00,published
cocina-sustentable-frasco-de-vidrio-puro-5,4,100% recomendado,La mejor compra del mes. Le dio un aire de calma y elegancia a mi espacio. Volvere a comprar definitivamente.,Diego V.,diegov@gmail.com,2026-02-01 10:00:00,published
cocina-sustentable-envoltorio-de-cera-eco-6,5,100% recomendado,La mejor compra del mes. Le dio un aire de calma y elegancia a mi espacio. Volvere a comprar definitivamente.,Diego H.,diegoh@gmail.com,2026-02-01 10:00:00,published
cocina-sustentable-envoltorio-de-cera-eco-6,4,Diseno minimalista puro,Cumple al 100% con la descripcion. El material es resistente y el tono verde/marron pastel es hermoso.,Lucia B.,luciab@gmail.com,2026-02-01 10:00:00,published
cocina-sustentable-sorbetes-de-acero-mate-7,5,Diseno minimalista puro,Cumple al 100% con la descripcion. El material es resistente y el tono verde/marron pastel es hermoso.,Lucia V.,luciav@gmail.com,2026-02-01 10:00:00,published
cocina-sustentable-sorbetes-de-acero-mate-7,4,Calidad insuperable,El producto llego super rapido y en empaque sustentable. La calidad es increible y el color pastel combina perfecto con mi decoracion.,Andres T.,andrest@gmail.com,2026-02-01 10:00:00,published
cocina-sustentable-bolsa-leche-vegetal-artesanal-8,5,Calidad insuperable,El producto llego super rapido y en empaque sustentable. La calidad es increible y el color pastel combina perfecto con mi decoracion.,Andres B.,andresb@gmail.com,2026-02-01 10:00:00,published
cocina-sustentable-bolsa-leche-vegetal-artesanal-8,4,Elegante y funcional,Textura suave y acabados impecables. Se nota que es un producto artesanal hecho con dedicacion.,Elena C.,elenac@gmail.com,2026-02-01 10:00:00,published
cocina-sustentable-filtro-de-cafe-organico-9,5,Elegante y funcional,Textura suave y acabados impecables. Se nota que es un producto artesanal hecho con dedicacion.,Elena T.,elenat@gmail.com,2026-02-01 10:00:00,published
cocina-sustentable-filtro-de-cafe-organico-9,4,Me encanto el diseno,La mejor compra del mes. Le dio un aire de calma y elegancia a mi espacio. Volvere a comprar definitivamente.,Mateo R.,mateor@gmail.com,2026-02-01 10:00:00,published
cocina-sustentable-frasco-de-vidrio-botanico-10,5,Me encanto el diseno,La mejor compra del mes. Le dio un aire de calma y elegancia a mi espacio. Volvere a comprar definitivamente.,Mateo C.,mateoc@gmail.com,2026-02-01 10:00:00,published
cocina-sustentable-frasco-de-vidrio-botanico-10,4,Excelente atencion y empaque,Cumple al 100% con la descripcion. El material es resistente y el tono verde/marron pastel es hermoso.,Valentina G.,valentinag@gmail.com,2026-02-01 10:00:00,published
cocina-sustentable-envoltorio-de-cera-atelier-11,5,Excelente atencion y empaque,Cumple al 100% con la descripcion. El material es resistente y el tono verde/marron pastel es hermoso.,Valentina R.,valentinar@gmail.com,2026-02-01 10:00:00,published
cocina-sustentable-envoltorio-de-cera-atelier-11,4,Supero mis expectativas,El producto llego super rapido y en empaque sustentable. La calidad es increible y el color pastel combina perfecto con mi decoracion.,Santiago L.,santiagol@gmail.com,2026-02-01 10:00:00,published
cocina-sustentable-sorbetes-de-acero-pastel-12,5,Supero mis expectativas,El producto llego super rapido y en empaque sustentable. La calidad es increible y el color pastel combina perfecto con mi decoracion.,Santiago G.,santiagog@gmail.com,2026-02-01 10:00:00,published
cocina-sustentable-sorbetes-de-acero-pastel-12,4,Textura increible,Textura suave y acabados impecables. Se nota que es un producto artesanal hecho con dedicacion.,Isabella M.,isabellam@gmail.com,2026-02-01 10:00:00,published
cocina-sustentable-bolsa-leche-vegetal-puro-13,5,Textura increible,Textura suave y acabados impecables. Se nota que es un producto artesanal hecho con dedicacion.,Isabella L.,isabellal@gmail.com,2026-02-01 10:00:00,published
cocina-sustentable-bolsa-leche-vegetal-puro-13,4,100% recomendado,La mejor compra del mes. Le dio un aire de calma y elegancia a mi espacio. Volvere a comprar definitivamente.,Gabriel S.,gabriels@gmail.com,2026-02-01 10:00:00,published
cocina-sustentable-filtro-de-cafe-eco-14,5,100% recomendado,La mejor compra del mes. Le dio un aire de calma y elegancia a mi espacio. Volvere a comprar definitivamente.,Gabriel M.,gabrielm@gmail.com,2026-02-01 10:00:00,published
cocina-sustentable-filtro-de-cafe-eco-14,4,Diseno minimalista puro,Cumple al 100% con la descripcion. El material es resistente y el tono verde/marron pastel es hermoso.,Daniela P.,danielap@gmail.com,2026-02-01 10:00:00,published
cocina-sustentable-frasco-de-vidrio-mate-15,5,Diseno minimalista puro,Cumple al 100% con la descripcion. El material es resistente y el tono verde/marron pastel es hermoso.,Daniela S.,danielas@gmail.com,2026-02-01 10:00:00,published
cocina-sustentable-frasco-de-vidrio-mate-15,4,Calidad insuperable,El producto llego super rapido y en empaque sustentable. La calidad es increible y el color pastel combina perfecto con mi decoracion.,Maria H.,mariah@gmail.com,2026-02-01 10:00:00,published
cocina-sustentable-envoltorio-de-cera-artesanal-16,5,Calidad insuperable,El producto llego super rapido y en empaque sustentable. La calidad es increible y el color pastel combina perfecto con mi decoracion.,Maria P.,mariap@gmail.com,2026-02-01 10:00:00,published
cocina-sustentable-envoltorio-de-cera-artesanal-16,4,Elegante y funcional,Textura suave y acabados impecables. Se nota que es un producto artesanal hecho con dedicacion.,Javier V.,javierv@gmail.com,2026-02-01 10:00:00,published
cocina-sustentable-sorbetes-de-acero-organico-17,5,Elegante y funcional,Textura suave y acabados impecables. Se nota que es un producto artesanal hecho con dedicacion.,Javier H.,javierh@gmail.com,2026-02-01 10:00:00,published
cocina-sustentable-sorbetes-de-acero-organico-17,4,Me encanto el diseno,La mejor compra del mes. Le dio un aire de calma y elegancia a mi espacio. Volvere a comprar definitivamente.,Sofia B.,sofiab@gmail.com,2026-02-01 10:00:00,published
cocina-sustentable-bolsa-leche-vegetal-botanico-18,5,Me encanto el diseno,La mejor compra del mes. Le dio un aire de calma y elegancia a mi espacio. Volvere a comprar definitivamente.,Sofia V.,sofiav@gmail.com,2026-02-01 10:00:00,published
cocina-sustentable-bolsa-leche-vegetal-botanico-18,4,Excelente atencion y empaque,Cumple al 100% con la descripcion. El material es resistente y el tono verde/marron pastel es hermoso.,Camila T.,camilat@gmail.com,2026-02-01 10:00:00,published
cocina-sustentable-filtro-de-cafe-atelier-19,5,Excelente atencion y empaque,Cumple al 100% con la descripcion. El material es resistente y el tono verde/marron pastel es hermoso.,Camila B.,camilab@gmail.com,2026-02-01 10:00:00,published
cocina-sustentable-filtro-de-cafe-atelier-19,4,Supero mis expectativas,El producto llego super rapido y en empaque sustentable. La calidad es increible y el color pastel combina perfecto con mi decoracion.,Carlos C.,carlosc@gmail.com,2026-02-01 10:00:00,published
cocina-sustentable-frasco-de-vidrio-pastel-20,5,Supero mis expectativas,El producto llego super rapido y en empaque sustentable. La calidad es increible y el color pastel combina perfecto con mi decoracion.,Carlos T.,carlost@gmail.com,2026-02-01 10:00:00,published
cocina-sustentable-frasco-de-vidrio-pastel-20,4,Textura increible,Textura suave y acabados impecables. Se nota que es un producto artesanal hecho con dedicacion.,Valeria R.,valeriar@gmail.com,2026-02-01 10:00:00,published
movilidad-eco-bolsa-tote-atelier-1,5,Elegante y funcional,Textura suave y acabados impecables. Se nota que es un producto artesanal hecho con dedicacion.,Javier G.,javierg@gmail.com,2026-02-01 10:00:00,published
movilidad-eco-bolsa-tote-atelier-1,4,Me encanto el diseno,La mejor compra del mes. Le dio un aire de calma y elegancia a mi espacio. Volvere a comprar definitivamente.,Sofia M.,sofiam@gmail.com,2026-02-01 10:00:00,published
movilidad-eco-mochila-de-lona-pastel-2,5,Me encanto el diseno,La mejor compra del mes. Le dio un aire de calma y elegancia a mi espacio. Volvere a comprar definitivamente.,Sofia L.,sofial@gmail.com,2026-02-01 10:00:00,published
movilidad-eco-mochila-de-lona-pastel-2,4,Excelente atencion y empaque,Cumple al 100% con la descripcion. El material es resistente y el tono verde/marron pastel es hermoso.,Camila S.,camilas@gmail.com,2026-02-01 10:00:00,published
movilidad-eco-vasito-plegable-puro-3,5,Excelente atencion y empaque,Cumple al 100% con la descripcion. El material es resistente y el tono verde/marron pastel es hermoso.,Camila M.,camilam@gmail.com,2026-02-01 10:00:00,published
movilidad-eco-vasito-plegable-puro-3,4,Supero mis expectativas,El producto llego super rapido y en empaque sustentable. La calidad es increible y el color pastel combina perfecto con mi decoracion.,Carlos P.,carlosp@gmail.com,2026-02-01 10:00:00,published
movilidad-eco-funda-de-laptop-eco-4,5,Supero mis expectativas,El producto llego super rapido y en empaque sustentable. La calidad es increible y el color pastel combina perfecto con mi decoracion.,Carlos S.,carloss@gmail.com,2026-02-01 10:00:00,published
movilidad-eco-funda-de-laptop-eco-4,4,Textura increible,Textura suave y acabados impecables. Se nota que es un producto artesanal hecho con dedicacion.,Valeria H.,valeriah@gmail.com,2026-02-01 10:00:00,published
movilidad-eco-botella-termica-mate-5,5,Textura increible,Textura suave y acabados impecables. Se nota que es un producto artesanal hecho con dedicacion.,Valeria P.,valeriap@gmail.com,2026-02-01 10:00:00,published
movilidad-eco-botella-termica-mate-5,4,100% recomendado,La mejor compra del mes. Le dio un aire de calma y elegancia a mi espacio. Volvere a comprar definitivamente.,Diego V.,diegov@gmail.com,2026-02-01 10:00:00,published
movilidad-eco-bolsa-tote-artesanal-6,5,100% recomendado,La mejor compra del mes. Le dio un aire de calma y elegancia a mi espacio. Volvere a comprar definitivamente.,Diego H.,diegoh@gmail.com,2026-02-01 10:00:00,published
movilidad-eco-bolsa-tote-artesanal-6,4,Diseno minimalista puro,Cumple al 100% con la descripcion. El material es resistente y el tono verde/marron pastel es hermoso.,Lucia B.,luciab@gmail.com,2026-02-01 10:00:00,published
movilidad-eco-mochila-de-lona-organico-7,5,Diseno minimalista puro,Cumple al 100% con la descripcion. El material es resistente y el tono verde/marron pastel es hermoso.,Lucia V.,luciav@gmail.com,2026-02-01 10:00:00,published
movilidad-eco-mochila-de-lona-organico-7,4,Calidad insuperable,El producto llego super rapido y en empaque sustentable. La calidad es increible y el color pastel combina perfecto con mi decoracion.,Andres T.,andrest@gmail.com,2026-02-01 10:00:00,published
movilidad-eco-vasito-plegable-botanico-8,5,Calidad insuperable,El producto llego super rapido y en empaque sustentable. La calidad es increible y el color pastel combina perfecto con mi decoracion.,Andres B.,andresb@gmail.com,2026-02-01 10:00:00,published
movilidad-eco-vasito-plegable-botanico-8,4,Elegante y funcional,Textura suave y acabados impecables. Se nota que es un producto artesanal hecho con dedicacion.,Elena C.,elenac@gmail.com,2026-02-01 10:00:00,published
movilidad-eco-funda-de-laptop-atelier-9,5,Elegante y funcional,Textura suave y acabados impecables. Se nota que es un producto artesanal hecho con dedicacion.,Elena T.,elenat@gmail.com,2026-02-01 10:00:00,published
movilidad-eco-funda-de-laptop-atelier-9,4,Me encanto el diseno,La mejor compra del mes. Le dio un aire de calma y elegancia a mi espacio. Volvere a comprar definitivamente.,Mateo R.,mateor@gmail.com,2026-02-01 10:00:00,published
movilidad-eco-botella-termica-pastel-10,5,Me encanto el diseno,La mejor compra del mes. Le dio un aire de calma y elegancia a mi espacio. Volvere a comprar definitivamente.,Mateo C.,mateoc@gmail.com,2026-02-01 10:00:00,published
movilidad-eco-botella-termica-pastel-10,4,Excelente atencion y empaque,Cumple al 100% con la descripcion. El material es resistente y el tono verde/marron pastel es hermoso.,Valentina G.,valentinag@gmail.com,2026-02-01 10:00:00,published
movilidad-eco-bolsa-tote-puro-11,5,Excelente atencion y empaque,Cumple al 100% con la descripcion. El material es resistente y el tono verde/marron pastel es hermoso.,Valentina R.,valentinar@gmail.com,2026-02-01 10:00:00,published
movilidad-eco-bolsa-tote-puro-11,4,Supero mis expectativas,El producto llego super rapido y en empaque sustentable. La calidad es increible y el color pastel combina perfecto con mi decoracion.,Santiago L.,santiagol@gmail.com,2026-02-01 10:00:00,published
movilidad-eco-mochila-de-lona-eco-12,5,Supero mis expectativas,El producto llego super rapido y en empaque sustentable. La calidad es increible y el color pastel combina perfecto con mi decoracion.,Santiago G.,santiagog@gmail.com,2026-02-01 10:00:00,published
movilidad-eco-mochila-de-lona-eco-12,4,Textura increible,Textura suave y acabados impecables. Se nota que es un producto artesanal hecho con dedicacion.,Isabella M.,isabellam@gmail.com,2026-02-01 10:00:00,published
movilidad-eco-vasito-plegable-mate-13,5,Textura increible,Textura suave y acabados impecables. Se nota que es un producto artesanal hecho con dedicacion.,Isabella L.,isabellal@gmail.com,2026-02-01 10:00:00,published
movilidad-eco-vasito-plegable-mate-13,4,100% recomendado,La mejor compra del mes. Le dio un aire de calma y elegancia a mi espacio. Volvere a comprar definitivamente.,Gabriel S.,gabriels@gmail.com,2026-02-01 10:00:00,published
movilidad-eco-funda-de-laptop-artesanal-14,5,100% recomendado,La mejor compra del mes. Le dio un aire de calma y elegancia a mi espacio. Volvere a comprar definitivamente.,Gabriel M.,gabrielm@gmail.com,2026-02-01 10:00:00,published
movilidad-eco-funda-de-laptop-artesanal-14,4,Diseno minimalista puro,Cumple al 100% con la descripcion. El material es resistente y el tono verde/marron pastel es hermoso.,Daniela P.,danielap@gmail.com,2026-02-01 10:00:00,published
movilidad-eco-botella-termica-organico-15,5,Diseno minimalista puro,Cumple al 100% con la descripcion. El material es resistente y el tono verde/marron pastel es hermoso.,Daniela S.,danielas@gmail.com,2026-02-01 10:00:00,published
movilidad-eco-botella-termica-organico-15,4,Calidad insuperable,El producto llego super rapido y en empaque sustentable. La calidad es increible y el color pastel combina perfecto con mi decoracion.,Maria H.,mariah@gmail.com,2026-02-01 10:00:00,published
movilidad-eco-bolsa-tote-botanico-16,5,Calidad insuperable,El producto llego super rapido y en empaque sustentable. La calidad es increible y el color pastel combina perfecto con mi decoracion.,Maria P.,mariap@gmail.com,2026-02-01 10:00:00,published
movilidad-eco-bolsa-tote-botanico-16,4,Elegante y funcional,Textura suave y acabados impecables. Se nota que es un producto artesanal hecho con dedicacion.,Javier V.,javierv@gmail.com,2026-02-01 10:00:00,published
movilidad-eco-mochila-de-lona-atelier-17,5,Elegante y funcional,Textura suave y acabados impecables. Se nota que es un producto artesanal hecho con dedicacion.,Javier H.,javierh@gmail.com,2026-02-01 10:00:00,published
movilidad-eco-mochila-de-lona-atelier-17,4,Me encanto el diseno,La mejor compra del mes. Le dio un aire de calma y elegancia a mi espacio. Volvere a comprar definitivamente.,Sofia B.,sofiab@gmail.com,2026-02-01 10:00:00,published
movilidad-eco-vasito-plegable-pastel-18,5,Me encanto el diseno,La mejor compra del mes. Le dio un aire de calma y elegancia a mi espacio. Volvere a comprar definitivamente.,Sofia V.,sofiav@gmail.com,2026-02-01 10:00:00,published
movilidad-eco-vasito-plegable-pastel-18,4,Excelente atencion y empaque,Cumple al 100% con la descripcion. El material es resistente y el tono verde/marron pastel es hermoso.,Camila T.,camilat@gmail.com,2026-02-01 10:00:00,published
movilidad-eco-funda-de-laptop-puro-19,5,Excelente atencion y empaque,Cumple al 100% con la descripcion. El material es resistente y el tono verde/marron pastel es hermoso.,Camila B.,camilab@gmail.com,2026-02-01 10:00:00,published
movilidad-eco-funda-de-laptop-puro-19,4,Supero mis expectativas,El producto llego super rapido y en empaque sustentable. La calidad es increible y el color pastel combina perfecto con mi decoracion.,Carlos C.,carlosc@gmail.com,2026-02-01 10:00:00,published
movilidad-eco-botella-termica-eco-20,5,Supero mis expectativas,El producto llego super rapido y en empaque sustentable. La calidad es increible y el color pastel combina perfecto con mi decoracion.,Carlos T.,carlost@gmail.com,2026-02-01 10:00:00,published
movilidad-eco-botella-termica-eco-20,4,Textura increible,Textura suave y acabados impecables. Se nota que es un producto artesanal hecho con dedicacion.,Valeria R.,valeriar@gmail.com,2026-02-01 10:00:00,published
arte-botanico-cuadro-eucalipto-puro-1,5,Elegante y funcional,Textura suave y acabados impecables. Se nota que es un producto artesanal hecho con dedicacion.,Javier G.,javierg@gmail.com,2026-02-01 10:00:00,published
arte-botanico-cuadro-eucalipto-puro-1,4,Me encanto el diseno,La mejor compra del mes. Le dio un aire de calma y elegancia a mi espacio. Volvere a comprar definitivamente.,Sofia M.,sofiam@gmail.com,2026-02-01 10:00:00,published
arte-botanico-marco-de-roble-eco-2,5,Me encanto el diseno,La mejor compra del mes. Le dio un aire de calma y elegancia a mi espacio. Volvere a comprar definitivamente.,Sofia L.,sofial@gmail.com,2026-02-01 10:00:00,published
arte-botanico-marco-de-roble-eco-2,4,Excelente atencion y empaque,Cumple al 100% con la descripcion. El material es resistente y el tono verde/marron pastel es hermoso.,Camila S.,camilas@gmail.com,2026-02-01 10:00:00,published
arte-botanico-prensa-de-flores-mate-3,5,Excelente atencion y empaque,Cumple al 100% con la descripcion. El material es resistente y el tono verde/marron pastel es hermoso.,Camila M.,camilam@gmail.com,2026-02-01 10:00:00,published
arte-botanico-prensa-de-flores-mate-3,4,Supero mis expectativas,El producto llego super rapido y en empaque sustentable. La calidad es increible y el color pastel combina perfecto con mi decoracion.,Carlos P.,carlosp@gmail.com,2026-02-01 10:00:00,published
arte-botanico-poster-minimal-artesanal-4,5,Supero mis expectativas,El producto llego super rapido y en empaque sustentable. La calidad es increible y el color pastel combina perfecto con mi decoracion.,Carlos S.,carloss@gmail.com,2026-02-01 10:00:00,published
arte-botanico-poster-minimal-artesanal-4,4,Textura increible,Textura suave y acabados impecables. Se nota que es un producto artesanal hecho con dedicacion.,Valeria H.,valeriah@gmail.com,2026-02-01 10:00:00,published
arte-botanico-lamina-hojas-organico-5,5,Textura increible,Textura suave y acabados impecables. Se nota que es un producto artesanal hecho con dedicacion.,Valeria P.,valeriap@gmail.com,2026-02-01 10:00:00,published
arte-botanico-lamina-hojas-organico-5,4,100% recomendado,La mejor compra del mes. Le dio un aire de calma y elegancia a mi espacio. Volvere a comprar definitivamente.,Diego V.,diegov@gmail.com,2026-02-01 10:00:00,published
arte-botanico-cuadro-eucalipto-botanico-6,5,100% recomendado,La mejor compra del mes. Le dio un aire de calma y elegancia a mi espacio. Volvere a comprar definitivamente.,Diego H.,diegoh@gmail.com,2026-02-01 10:00:00,published
arte-botanico-cuadro-eucalipto-botanico-6,4,Diseno minimalista puro,Cumple al 100% con la descripcion. El material es resistente y el tono verde/marron pastel es hermoso.,Lucia B.,luciab@gmail.com,2026-02-01 10:00:00,published
arte-botanico-marco-de-roble-atelier-7,5,Diseno minimalista puro,Cumple al 100% con la descripcion. El material es resistente y el tono verde/marron pastel es hermoso.,Lucia V.,luciav@gmail.com,2026-02-01 10:00:00,published
arte-botanico-marco-de-roble-atelier-7,4,Calidad insuperable,El producto llego super rapido y en empaque sustentable. La calidad es increible y el color pastel combina perfecto con mi decoracion.,Andres T.,andrest@gmail.com,2026-02-01 10:00:00,published
arte-botanico-prensa-de-flores-pastel-8,5,Calidad insuperable,El producto llego super rapido y en empaque sustentable. La calidad es increible y el color pastel combina perfecto con mi decoracion.,Andres B.,andresb@gmail.com,2026-02-01 10:00:00,published
arte-botanico-prensa-de-flores-pastel-8,4,Elegante y funcional,Textura suave y acabados impecables. Se nota que es un producto artesanal hecho con dedicacion.,Elena C.,elenac@gmail.com,2026-02-01 10:00:00,published
arte-botanico-poster-minimal-puro-9,5,Elegante y funcional,Textura suave y acabados impecables. Se nota que es un producto artesanal hecho con dedicacion.,Elena T.,elenat@gmail.com,2026-02-01 10:00:00,published
arte-botanico-poster-minimal-puro-9,4,Me encanto el diseno,La mejor compra del mes. Le dio un aire de calma y elegancia a mi espacio. Volvere a comprar definitivamente.,Mateo R.,mateor@gmail.com,2026-02-01 10:00:00,published
arte-botanico-lamina-hojas-eco-10,5,Me encanto el diseno,La mejor compra del mes. Le dio un aire de calma y elegancia a mi espacio. Volvere a comprar definitivamente.,Mateo C.,mateoc@gmail.com,2026-02-01 10:00:00,published
arte-botanico-lamina-hojas-eco-10,4,Excelente atencion y empaque,Cumple al 100% con la descripcion. El material es resistente y el tono verde/marron pastel es hermoso.,Valentina G.,valentinag@gmail.com,2026-02-01 10:00:00,published
arte-botanico-cuadro-eucalipto-mate-11,5,Excelente atencion y empaque,Cumple al 100% con la descripcion. El material es resistente y el tono verde/marron pastel es hermoso.,Valentina R.,valentinar@gmail.com,2026-02-01 10:00:00,published
arte-botanico-cuadro-eucalipto-mate-11,4,Supero mis expectativas,El producto llego super rapido y en empaque sustentable. La calidad es increible y el color pastel combina perfecto con mi decoracion.,Santiago L.,santiagol@gmail.com,2026-02-01 10:00:00,published
arte-botanico-marco-de-roble-artesanal-12,5,Supero mis expectativas,El producto llego super rapido y en empaque sustentable. La calidad es increible y el color pastel combina perfecto con mi decoracion.,Santiago G.,santiagog@gmail.com,2026-02-01 10:00:00,published
arte-botanico-marco-de-roble-artesanal-12,4,Textura increible,Textura suave y acabados impecables. Se nota que es un producto artesanal hecho con dedicacion.,Isabella M.,isabellam@gmail.com,2026-02-01 10:00:00,published
arte-botanico-prensa-de-flores-organico-13,5,Textura increible,Textura suave y acabados impecables. Se nota que es un producto artesanal hecho con dedicacion.,Isabella L.,isabellal@gmail.com,2026-02-01 10:00:00,published
arte-botanico-prensa-de-flores-organico-13,4,100% recomendado,La mejor compra del mes. Le dio un aire de calma y elegancia a mi espacio. Volvere a comprar definitivamente.,Gabriel S.,gabriels@gmail.com,2026-02-01 10:00:00,published
arte-botanico-poster-minimal-botanico-14,5,100% recomendado,La mejor compra del mes. Le dio un aire de calma y elegancia a mi espacio. Volvere a comprar definitivamente.,Gabriel M.,gabrielm@gmail.com,2026-02-01 10:00:00,published
arte-botanico-poster-minimal-botanico-14,4,Diseno minimalista puro,Cumple al 100% con la descripcion. El material es resistente y el tono verde/marron pastel es hermoso.,Daniela P.,danielap@gmail.com,2026-02-01 10:00:00,published
arte-botanico-lamina-hojas-atelier-15,5,Diseno minimalista puro,Cumple al 100% con la descripcion. El material es resistente y el tono verde/marron pastel es hermoso.,Daniela S.,danielas@gmail.com,2026-02-01 10:00:00,published
arte-botanico-lamina-hojas-atelier-15,4,Calidad insuperable,El producto llego super rapido y en empaque sustentable. La calidad es increible y el color pastel combina perfecto con mi decoracion.,Maria H.,mariah@gmail.com,2026-02-01 10:00:00,published
arte-botanico-cuadro-eucalipto-pastel-16,5,Calidad insuperable,El producto llego super rapido y en empaque sustentable. La calidad es increible y el color pastel combina perfecto con mi decoracion.,Maria P.,mariap@gmail.com,2026-02-01 10:00:00,published
arte-botanico-cuadro-eucalipto-pastel-16,4,Elegante y funcional,Textura suave y acabados impecables. Se nota que es un producto artesanal hecho con dedicacion.,Javier V.,javierv@gmail.com,2026-02-01 10:00:00,published
arte-botanico-marco-de-roble-puro-17,5,Elegante y funcional,Textura suave y acabados impecables. Se nota que es un producto artesanal hecho con dedicacion.,Javier H.,javierh@gmail.com,2026-02-01 10:00:00,published
arte-botanico-marco-de-roble-puro-17,4,Me encanto el diseno,La mejor compra del mes. Le dio un aire de calma y elegancia a mi espacio. Volvere a comprar definitivamente.,Sofia B.,sofiab@gmail.com,2026-02-01 10:00:00,published
arte-botanico-prensa-de-flores-eco-18,5,Me encanto el diseno,La mejor compra del mes. Le dio un aire de calma y elegancia a mi espacio. Volvere a comprar definitivamente.,Sofia V.,sofiav@gmail.com,2026-02-01 10:00:00,published
arte-botanico-prensa-de-flores-eco-18,4,Excelente atencion y empaque,Cumple al 100% con la descripcion. El material es resistente y el tono verde/marron pastel es hermoso.,Camila T.,camilat@gmail.com,2026-02-01 10:00:00,published
arte-botanico-poster-minimal-mate-19,5,Excelente atencion y empaque,Cumple al 100% con la descripcion. El material es resistente y el tono verde/marron pastel es hermoso.,Camila B.,camilab@gmail.com,2026-02-01 10:00:00,published
arte-botanico-poster-minimal-mate-19,4,Supero mis expectativas,El producto llego super rapido y en empaque sustentable. La calidad es increible y el color pastel combina perfecto con mi decoracion.,Carlos C.,carlosc@gmail.com,2026-02-01 10:00:00,published
arte-botanico-lamina-hojas-artesanal-20,5,Supero mis expectativas,El producto llego super rapido y en empaque sustentable. La calidad es increible y el color pastel combina perfecto con mi decoracion.,Carlos T.,carlost@gmail.com,2026-02-01 10:00:00,published
arte-botanico-lamina-hojas-artesanal-20,4,Textura increible,Textura suave y acabados impecables. Se nota que es un producto artesanal hecho con dedicacion.,Valeria R.,valeriar@gmail.com,2026-02-01 10:00:00,published
muebles-auxiliares-taburete-bajo-mate-1,5,Elegante y funcional,Textura suave y acabados impecables. Se nota que es un producto artesanal hecho con dedicacion.,Javier G.,javierg@gmail.com,2026-02-01 10:00:00,published
muebles-auxiliares-taburete-bajo-mate-1,4,Me encanto el diseno,La mejor compra del mes. Le dio un aire de calma y elegancia a mi espacio. Volvere a comprar definitivamente.,Sofia M.,sofiam@gmail.com,2026-02-01 10:00:00,published
muebles-auxiliares-perchero-pie-artesanal-2,5,Me encanto el diseno,La mejor compra del mes. Le dio un aire de calma y elegancia a mi espacio. Volvere a comprar definitivamente.,Sofia L.,sofial@gmail.com,2026-02-01 10:00:00,published
muebles-auxiliares-perchero-pie-artesanal-2,4,Excelente atencion y empaque,Cumple al 100% con la descripcion. El material es resistente y el tono verde/marron pastel es hermoso.,Camila S.,camilas@gmail.com,2026-02-01 10:00:00,published
muebles-auxiliares-revistero-madera-organico-3,5,Excelente atencion y empaque,Cumple al 100% con la descripcion. El material es resistente y el tono verde/marron pastel es hermoso.,Camila M.,camilam@gmail.com,2026-02-01 10:00:00,published
muebles-auxiliares-revistero-madera-organico-3,4,Supero mis expectativas,El producto llego super rapido y en empaque sustentable. La calidad es increible y el color pastel combina perfecto con mi decoracion.,Carlos P.,carlosp@gmail.com,2026-02-01 10:00:00,published
muebles-auxiliares-banca-entrada-botanico-4,5,Supero mis expectativas,El producto llego super rapido y en empaque sustentable. La calidad es increible y el color pastel combina perfecto con mi decoracion.,Carlos S.,carloss@gmail.com,2026-02-01 10:00:00,published
muebles-auxiliares-banca-entrada-botanico-4,4,Textura increible,Textura suave y acabados impecables. Se nota que es un producto artesanal hecho con dedicacion.,Valeria H.,valeriah@gmail.com,2026-02-01 10:00:00,published
muebles-auxiliares-mesita-lateral-atelier-5,5,Textura increible,Textura suave y acabados impecables. Se nota que es un producto artesanal hecho con dedicacion.,Valeria P.,valeriap@gmail.com,2026-02-01 10:00:00,published
muebles-auxiliares-mesita-lateral-atelier-5,4,100% recomendado,La mejor compra del mes. Le dio un aire de calma y elegancia a mi espacio. Volvere a comprar definitivamente.,Diego V.,diegov@gmail.com,2026-02-01 10:00:00,published
muebles-auxiliares-taburete-bajo-pastel-6,5,100% recomendado,La mejor compra del mes. Le dio un aire de calma y elegancia a mi espacio. Volvere a comprar definitivamente.,Diego H.,diegoh@gmail.com,2026-02-01 10:00:00,published
muebles-auxiliares-taburete-bajo-pastel-6,4,Diseno minimalista puro,Cumple al 100% con la descripcion. El material es resistente y el tono verde/marron pastel es hermoso.,Lucia B.,luciab@gmail.com,2026-02-01 10:00:00,published
muebles-auxiliares-perchero-pie-puro-7,5,Diseno minimalista puro,Cumple al 100% con la descripcion. El material es resistente y el tono verde/marron pastel es hermoso.,Lucia V.,luciav@gmail.com,2026-02-01 10:00:00,published
muebles-auxiliares-perchero-pie-puro-7,4,Calidad insuperable,El producto llego super rapido y en empaque sustentable. La calidad es increible y el color pastel combina perfecto con mi decoracion.,Andres T.,andrest@gmail.com,2026-02-01 10:00:00,published
muebles-auxiliares-revistero-madera-eco-8,5,Calidad insuperable,El producto llego super rapido y en empaque sustentable. La calidad es increible y el color pastel combina perfecto con mi decoracion.,Andres B.,andresb@gmail.com,2026-02-01 10:00:00,published
muebles-auxiliares-revistero-madera-eco-8,4,Elegante y funcional,Textura suave y acabados impecables. Se nota que es un producto artesanal hecho con dedicacion.,Elena C.,elenac@gmail.com,2026-02-01 10:00:00,published
muebles-auxiliares-banca-entrada-mate-9,5,Elegante y funcional,Textura suave y acabados impecables. Se nota que es un producto artesanal hecho con dedicacion.,Elena T.,elenat@gmail.com,2026-02-01 10:00:00,published
muebles-auxiliares-banca-entrada-mate-9,4,Me encanto el diseno,La mejor compra del mes. Le dio un aire de calma y elegancia a mi espacio. Volvere a comprar definitivamente.,Mateo R.,mateor@gmail.com,2026-02-01 10:00:00,published
muebles-auxiliares-mesita-lateral-artesanal-10,5,Me encanto el diseno,La mejor compra del mes. Le dio un aire de calma y elegancia a mi espacio. Volvere a comprar definitivamente.,Mateo C.,mateoc@gmail.com,2026-02-01 10:00:00,published
muebles-auxiliares-mesita-lateral-artesanal-10,4,Excelente atencion y empaque,Cumple al 100% con la descripcion. El material es resistente y el tono verde/marron pastel es hermoso.,Valentina G.,valentinag@gmail.com,2026-02-01 10:00:00,published
muebles-auxiliares-taburete-bajo-organico-11,5,Excelente atencion y empaque,Cumple al 100% con la descripcion. El material es resistente y el tono verde/marron pastel es hermoso.,Valentina R.,valentinar@gmail.com,2026-02-01 10:00:00,published
muebles-auxiliares-taburete-bajo-organico-11,4,Supero mis expectativas,El producto llego super rapido y en empaque sustentable. La calidad es increible y el color pastel combina perfecto con mi decoracion.,Santiago L.,santiagol@gmail.com,2026-02-01 10:00:00,published
muebles-auxiliares-perchero-pie-botanico-12,5,Supero mis expectativas,El producto llego super rapido y en empaque sustentable. La calidad es increible y el color pastel combina perfecto con mi decoracion.,Santiago G.,santiagog@gmail.com,2026-02-01 10:00:00,published
muebles-auxiliares-perchero-pie-botanico-12,4,Textura increible,Textura suave y acabados impecables. Se nota que es un producto artesanal hecho con dedicacion.,Isabella M.,isabellam@gmail.com,2026-02-01 10:00:00,published
muebles-auxiliares-revistero-madera-atelier-13,5,Textura increible,Textura suave y acabados impecables. Se nota que es un producto artesanal hecho con dedicacion.,Isabella L.,isabellal@gmail.com,2026-02-01 10:00:00,published
muebles-auxiliares-revistero-madera-atelier-13,4,100% recomendado,La mejor compra del mes. Le dio un aire de calma y elegancia a mi espacio. Volvere a comprar definitivamente.,Gabriel S.,gabriels@gmail.com,2026-02-01 10:00:00,published
muebles-auxiliares-banca-entrada-pastel-14,5,100% recomendado,La mejor compra del mes. Le dio un aire de calma y elegancia a mi espacio. Volvere a comprar definitivamente.,Gabriel M.,gabrielm@gmail.com,2026-02-01 10:00:00,published
muebles-auxiliares-banca-entrada-pastel-14,4,Diseno minimalista puro,Cumple al 100% con la descripcion. El material es resistente y el tono verde/marron pastel es hermoso.,Daniela P.,danielap@gmail.com,2026-02-01 10:00:00,published
muebles-auxiliares-mesita-lateral-puro-15,5,Diseno minimalista puro,Cumple al 100% con la descripcion. El material es resistente y el tono verde/marron pastel es hermoso.,Daniela S.,danielas@gmail.com,2026-02-01 10:00:00,published
muebles-auxiliares-mesita-lateral-puro-15,4,Calidad insuperable,El producto llego super rapido y en empaque sustentable. La calidad es increible y el color pastel combina perfecto con mi decoracion.,Maria H.,mariah@gmail.com,2026-02-01 10:00:00,published
muebles-auxiliares-taburete-bajo-eco-16,5,Calidad insuperable,El producto llego super rapido y en empaque sustentable. La calidad es increible y el color pastel combina perfecto con mi decoracion.,Maria P.,mariap@gmail.com,2026-02-01 10:00:00,published
muebles-auxiliares-taburete-bajo-eco-16,4,Elegante y funcional,Textura suave y acabados impecables. Se nota que es un producto artesanal hecho con dedicacion.,Javier V.,javierv@gmail.com,2026-02-01 10:00:00,published
muebles-auxiliares-perchero-pie-mate-17,5,Elegante y funcional,Textura suave y acabados impecables. Se nota que es un producto artesanal hecho con dedicacion.,Javier H.,javierh@gmail.com,2026-02-01 10:00:00,published
muebles-auxiliares-perchero-pie-mate-17,4,Me encanto el diseno,La mejor compra del mes. Le dio un aire de calma y elegancia a mi espacio. Volvere a comprar definitivamente.,Sofia B.,sofiab@gmail.com,2026-02-01 10:00:00,published
muebles-auxiliares-revistero-madera-artesanal-18,5,Me encanto el diseno,La mejor compra del mes. Le dio un aire de calma y elegancia a mi espacio. Volvere a comprar definitivamente.,Sofia V.,sofiav@gmail.com,2026-02-01 10:00:00,published
muebles-auxiliares-revistero-madera-artesanal-18,4,Excelente atencion y empaque,Cumple al 100% con la descripcion. El material es resistente y el tono verde/marron pastel es hermoso.,Camila T.,camilat@gmail.com,2026-02-01 10:00:00,published
muebles-auxiliares-banca-entrada-organico-19,5,Excelente atencion y empaque,Cumple al 100% con la descripcion. El material es resistente y el tono verde/marron pastel es hermoso.,Camila B.,camilab@gmail.com,2026-02-01 10:00:00,published
muebles-auxiliares-banca-entrada-organico-19,4,Supero mis expectativas,El producto llego super rapido y en empaque sustentable. La calidad es increible y el color pastel combina perfecto con mi decoracion.,Carlos C.,carlosc@gmail.com,2026-02-01 10:00:00,published
muebles-auxiliares-mesita-lateral-botanico-20,5,Supero mis expectativas,El producto llego super rapido y en empaque sustentable. La calidad es increible y el color pastel combina perfecto con mi decoracion.,Carlos T.,carlost@gmail.com,2026-02-01 10:00:00,published
muebles-auxiliares-mesita-lateral-botanico-20,4,Textura increible,Textura suave y acabados impecables. Se nota que es un producto artesanal hecho con dedicacion.,Valeria R.,valeriar@gmail.com,2026-02-01 10:00:00,published
calzado-casa-zapatillas-corcho-organico-1,5,Elegante y funcional,Textura suave y acabados impecables. Se nota que es un producto artesanal hecho con dedicacion.,Javier G.,javierg@gmail.com,2026-02-01 10:00:00,published
calzado-casa-zapatillas-corcho-organico-1,4,Me encanto el diseno,La mejor compra del mes. Le dio un aire de calma y elegancia a mi espacio. Volvere a comprar definitivamente.,Sofia M.,sofiam@gmail.com,2026-02-01 10:00:00,published
calzado-casa-calcetines-lana-botanico-2,5,Me encanto el diseno,La mejor compra del mes. Le dio un aire de calma y elegancia a mi espacio. Volvere a comprar definitivamente.,Sofia L.,sofial@gmail.com,2026-02-01 10:00:00,published
calzado-casa-calcetines-lana-botanico-2,4,Excelente atencion y empaque,Cumple al 100% con la descripcion. El material es resistente y el tono verde/marron pastel es hermoso.,Camila S.,camilas@gmail.com,2026-02-01 10:00:00,published
calzado-casa-sandalias-casa-atelier-3,5,Excelente atencion y empaque,Cumple al 100% con la descripcion. El material es resistente y el tono verde/marron pastel es hermoso.,Camila M.,camilam@gmail.com,2026-02-01 10:00:00,published
calzado-casa-sandalias-casa-atelier-3,4,Supero mis expectativas,El producto llego super rapido y en empaque sustentable. La calidad es increible y el color pastel combina perfecto con mi decoracion.,Carlos P.,carlosp@gmail.com,2026-02-01 10:00:00,published
calzado-casa-plantillas-algodon-pastel-4,5,Supero mis expectativas,El producto llego super rapido y en empaque sustentable. La calidad es increible y el color pastel combina perfecto con mi decoracion.,Carlos S.,carloss@gmail.com,2026-02-01 10:00:00,published
calzado-casa-plantillas-algodon-pastel-4,4,Textura increible,Textura suave y acabados impecables. Se nota que es un producto artesanal hecho con dedicacion.,Valeria H.,valeriah@gmail.com,2026-02-01 10:00:00,published
calzado-casa-pantuflas-lino-puro-5,5,Textura increible,Textura suave y acabados impecables. Se nota que es un producto artesanal hecho con dedicacion.,Valeria P.,valeriap@gmail.com,2026-02-01 10:00:00,published
calzado-casa-pantuflas-lino-puro-5,4,100% recomendado,La mejor compra del mes. Le dio un aire de calma y elegancia a mi espacio. Volvere a comprar definitivamente.,Diego V.,diegov@gmail.com,2026-02-01 10:00:00,published
calzado-casa-zapatillas-corcho-eco-6,5,100% recomendado,La mejor compra del mes. Le dio un aire de calma y elegancia a mi espacio. Volvere a comprar definitivamente.,Diego H.,diegoh@gmail.com,2026-02-01 10:00:00,published
calzado-casa-zapatillas-corcho-eco-6,4,Diseno minimalista puro,Cumple al 100% con la descripcion. El material es resistente y el tono verde/marron pastel es hermoso.,Lucia B.,luciab@gmail.com,2026-02-01 10:00:00,published
calzado-casa-calcetines-lana-mate-7,5,Diseno minimalista puro,Cumple al 100% con la descripcion. El material es resistente y el tono verde/marron pastel es hermoso.,Lucia V.,luciav@gmail.com,2026-02-01 10:00:00,published
calzado-casa-calcetines-lana-mate-7,4,Calidad insuperable,El producto llego super rapido y en empaque sustentable. La calidad es increible y el color pastel combina perfecto con mi decoracion.,Andres T.,andrest@gmail.com,2026-02-01 10:00:00,published
calzado-casa-sandalias-casa-artesanal-8,5,Calidad insuperable,El producto llego super rapido y en empaque sustentable. La calidad es increible y el color pastel combina perfecto con mi decoracion.,Andres B.,andresb@gmail.com,2026-02-01 10:00:00,published
calzado-casa-sandalias-casa-artesanal-8,4,Elegante y funcional,Textura suave y acabados impecables. Se nota que es un producto artesanal hecho con dedicacion.,Elena C.,elenac@gmail.com,2026-02-01 10:00:00,published
calzado-casa-plantillas-algodon-organico-9,5,Elegante y funcional,Textura suave y acabados impecables. Se nota que es un producto artesanal hecho con dedicacion.,Elena T.,elenat@gmail.com,2026-02-01 10:00:00,published
calzado-casa-plantillas-algodon-organico-9,4,Me encanto el diseno,La mejor compra del mes. Le dio un aire de calma y elegancia a mi espacio. Volvere a comprar definitivamente.,Mateo R.,mateor@gmail.com,2026-02-01 10:00:00,published
calzado-casa-pantuflas-lino-botanico-10,5,Me encanto el diseno,La mejor compra del mes. Le dio un aire de calma y elegancia a mi espacio. Volvere a comprar definitivamente.,Mateo C.,mateoc@gmail.com,2026-02-01 10:00:00,published
calzado-casa-pantuflas-lino-botanico-10,4,Excelente atencion y empaque,Cumple al 100% con la descripcion. El material es resistente y el tono verde/marron pastel es hermoso.,Valentina G.,valentinag@gmail.com,2026-02-01 10:00:00,published
calzado-casa-zapatillas-corcho-atelier-11,5,Excelente atencion y empaque,Cumple al 100% con la descripcion. El material es resistente y el tono verde/marron pastel es hermoso.,Valentina R.,valentinar@gmail.com,2026-02-01 10:00:00,published
calzado-casa-zapatillas-corcho-atelier-11,4,Supero mis expectativas,El producto llego super rapido y en empaque sustentable. La calidad es increible y el color pastel combina perfecto con mi decoracion.,Santiago L.,santiagol@gmail.com,2026-02-01 10:00:00,published
calzado-casa-calcetines-lana-pastel-12,5,Supero mis expectativas,El producto llego super rapido y en empaque sustentable. La calidad es increible y el color pastel combina perfecto con mi decoracion.,Santiago G.,santiagog@gmail.com,2026-02-01 10:00:00,published
calzado-casa-calcetines-lana-pastel-12,4,Textura increible,Textura suave y acabados impecables. Se nota que es un producto artesanal hecho con dedicacion.,Isabella M.,isabellam@gmail.com,2026-02-01 10:00:00,published
calzado-casa-sandalias-casa-puro-13,5,Textura increible,Textura suave y acabados impecables. Se nota que es un producto artesanal hecho con dedicacion.,Isabella L.,isabellal@gmail.com,2026-02-01 10:00:00,published
calzado-casa-sandalias-casa-puro-13,4,100% recomendado,La mejor compra del mes. Le dio un aire de calma y elegancia a mi espacio. Volvere a comprar definitivamente.,Gabriel S.,gabriels@gmail.com,2026-02-01 10:00:00,published
calzado-casa-plantillas-algodon-eco-14,5,100% recomendado,La mejor compra del mes. Le dio un aire de calma y elegancia a mi espacio. Volvere a comprar definitivamente.,Gabriel M.,gabrielm@gmail.com,2026-02-01 10:00:00,published
calzado-casa-plantillas-algodon-eco-14,4,Diseno minimalista puro,Cumple al 100% con la descripcion. El material es resistente y el tono verde/marron pastel es hermoso.,Daniela P.,danielap@gmail.com,2026-02-01 10:00:00,published
calzado-casa-pantuflas-lino-mate-15,5,Diseno minimalista puro,Cumple al 100% con la descripcion. El material es resistente y el tono verde/marron pastel es hermoso.,Daniela S.,danielas@gmail.com,2026-02-01 10:00:00,published
calzado-casa-pantuflas-lino-mate-15,4,Calidad insuperable,El producto llego super rapido y en empaque sustentable. La calidad es increible y el color pastel combina perfecto con mi decoracion.,Maria H.,mariah@gmail.com,2026-02-01 10:00:00,published
calzado-casa-zapatillas-corcho-artesanal-16,5,Calidad insuperable,El producto llego super rapido y en empaque sustentable. La calidad es increible y el color pastel combina perfecto con mi decoracion.,Maria P.,mariap@gmail.com,2026-02-01 10:00:00,published
calzado-casa-zapatillas-corcho-artesanal-16,4,Elegante y funcional,Textura suave y acabados impecables. Se nota que es un producto artesanal hecho con dedicacion.,Javier V.,javierv@gmail.com,2026-02-01 10:00:00,published
calzado-casa-calcetines-lana-organico-17,5,Elegante y funcional,Textura suave y acabados impecables. Se nota que es un producto artesanal hecho con dedicacion.,Javier H.,javierh@gmail.com,2026-02-01 10:00:00,published
calzado-casa-calcetines-lana-organico-17,4,Me encanto el diseno,La mejor compra del mes. Le dio un aire de calma y elegancia a mi espacio. Volvere a comprar definitivamente.,Sofia B.,sofiab@gmail.com,2026-02-01 10:00:00,published
calzado-casa-sandalias-casa-botanico-18,5,Me encanto el diseno,La mejor compra del mes. Le dio un aire de calma y elegancia a mi espacio. Volvere a comprar definitivamente.,Sofia V.,sofiav@gmail.com,2026-02-01 10:00:00,published
calzado-casa-sandalias-casa-botanico-18,4,Excelente atencion y empaque,Cumple al 100% con la descripcion. El material es resistente y el tono verde/marron pastel es hermoso.,Camila T.,camilat@gmail.com,2026-02-01 10:00:00,published
calzado-casa-plantillas-algodon-atelier-19,5,Excelente atencion y empaque,Cumple al 100% con la descripcion. El material es resistente y el tono verde/marron pastel es hermoso.,Camila B.,camilab@gmail.com,2026-02-01 10:00:00,published
calzado-casa-plantillas-algodon-atelier-19,4,Supero mis expectativas,El producto llego super rapido y en empaque sustentable. La calidad es increible y el color pastel combina perfecto con mi decoracion.,Carlos C.,carlosc@gmail.com,2026-02-01 10:00:00,published
calzado-casa-pantuflas-lino-pastel-20,5,Supero mis expectativas,El producto llego super rapido y en empaque sustentable. La calidad es increible y el color pastel combina perfecto con mi decoracion.,Carlos T.,carlost@gmail.com,2026-02-01 10:00:00,published
calzado-casa-pantuflas-lino-pastel-20,4,Textura increible,Textura suave y acabados impecables. Se nota que es un producto artesanal hecho con dedicacion.,Valeria R.,valeriar@gmail.com,2026-02-01 10:00:00,published
infusiones-te-infusion-manzanilla-atelier-1,5,Elegante y funcional,Textura suave y acabados impecables. Se nota que es un producto artesanal hecho con dedicacion.,Javier G.,javierg@gmail.com,2026-02-01 10:00:00,published
infusiones-te-infusion-manzanilla-atelier-1,4,Me encanto el diseno,La mejor compra del mes. Le dio un aire de calma y elegancia a mi espacio. Volvere a comprar definitivamente.,Sofia M.,sofiam@gmail.com,2026-02-01 10:00:00,published
infusiones-te-infusor-de-acero-pastel-2,5,Me encanto el diseno,La mejor compra del mes. Le dio un aire de calma y elegancia a mi espacio. Volvere a comprar definitivamente.,Sofia L.,sofial@gmail.com,2026-02-01 10:00:00,published
infusiones-te-infusor-de-acero-pastel-2,4,Excelente atencion y empaque,Cumple al 100% con la descripcion. El material es resistente y el tono verde/marron pastel es hermoso.,Camila S.,camilas@gmail.com,2026-02-01 10:00:00,published
infusiones-te-taza-ceremonial-puro-3,5,Excelente atencion y empaque,Cumple al 100% con la descripcion. El material es resistente y el tono verde/marron pastel es hermoso.,Camila M.,camilam@gmail.com,2026-02-01 10:00:00,published
infusiones-te-taza-ceremonial-puro-3,4,Supero mis expectativas,El producto llego super rapido y en empaque sustentable. La calidad es increible y el color pastel combina perfecto con mi decoracion.,Carlos P.,carlosp@gmail.com,2026-02-01 10:00:00,published
infusiones-te-matcha-organico-eco-4,5,Supero mis expectativas,El producto llego super rapido y en empaque sustentable. La calidad es increible y el color pastel combina perfecto con mi decoracion.,Carlos S.,carloss@gmail.com,2026-02-01 10:00:00,published
infusiones-te-matcha-organico-eco-4,4,Textura increible,Textura suave y acabados impecables. Se nota que es un producto artesanal hecho con dedicacion.,Valeria H.,valeriah@gmail.com,2026-02-01 10:00:00,published
infusiones-te-te-verde-sencha-mate-5,5,Textura increible,Textura suave y acabados impecables. Se nota que es un producto artesanal hecho con dedicacion.,Valeria P.,valeriap@gmail.com,2026-02-01 10:00:00,published
infusiones-te-te-verde-sencha-mate-5,4,100% recomendado,La mejor compra del mes. Le dio un aire de calma y elegancia a mi espacio. Volvere a comprar definitivamente.,Diego V.,diegov@gmail.com,2026-02-01 10:00:00,published
infusiones-te-infusion-manzanilla-artesanal-6,5,100% recomendado,La mejor compra del mes. Le dio un aire de calma y elegancia a mi espacio. Volvere a comprar definitivamente.,Diego H.,diegoh@gmail.com,2026-02-01 10:00:00,published
infusiones-te-infusion-manzanilla-artesanal-6,4,Diseno minimalista puro,Cumple al 100% con la descripcion. El material es resistente y el tono verde/marron pastel es hermoso.,Lucia B.,luciab@gmail.com,2026-02-01 10:00:00,published
infusiones-te-infusor-de-acero-organico-7,5,Diseno minimalista puro,Cumple al 100% con la descripcion. El material es resistente y el tono verde/marron pastel es hermoso.,Lucia V.,luciav@gmail.com,2026-02-01 10:00:00,published
infusiones-te-infusor-de-acero-organico-7,4,Calidad insuperable,El producto llego super rapido y en empaque sustentable. La calidad es increible y el color pastel combina perfecto con mi decoracion.,Andres T.,andrest@gmail.com,2026-02-01 10:00:00,published
infusiones-te-taza-ceremonial-botanico-8,5,Calidad insuperable,El producto llego super rapido y en empaque sustentable. La calidad es increible y el color pastel combina perfecto con mi decoracion.,Andres B.,andresb@gmail.com,2026-02-01 10:00:00,published
infusiones-te-taza-ceremonial-botanico-8,4,Elegante y funcional,Textura suave y acabados impecables. Se nota que es un producto artesanal hecho con dedicacion.,Elena C.,elenac@gmail.com,2026-02-01 10:00:00,published
infusiones-te-matcha-organico-atelier-9,5,Elegante y funcional,Textura suave y acabados impecables. Se nota que es un producto artesanal hecho con dedicacion.,Elena T.,elenat@gmail.com,2026-02-01 10:00:00,published
infusiones-te-matcha-organico-atelier-9,4,Me encanto el diseno,La mejor compra del mes. Le dio un aire de calma y elegancia a mi espacio. Volvere a comprar definitivamente.,Mateo R.,mateor@gmail.com,2026-02-01 10:00:00,published
infusiones-te-te-verde-sencha-pastel-10,5,Me encanto el diseno,La mejor compra del mes. Le dio un aire de calma y elegancia a mi espacio. Volvere a comprar definitivamente.,Mateo C.,mateoc@gmail.com,2026-02-01 10:00:00,published
infusiones-te-te-verde-sencha-pastel-10,4,Excelente atencion y empaque,Cumple al 100% con la descripcion. El material es resistente y el tono verde/marron pastel es hermoso.,Valentina G.,valentinag@gmail.com,2026-02-01 10:00:00,published
infusiones-te-infusion-manzanilla-puro-11,5,Excelente atencion y empaque,Cumple al 100% con la descripcion. El material es resistente y el tono verde/marron pastel es hermoso.,Valentina R.,valentinar@gmail.com,2026-02-01 10:00:00,published
infusiones-te-infusion-manzanilla-puro-11,4,Supero mis expectativas,El producto llego super rapido y en empaque sustentable. La calidad es increible y el color pastel combina perfecto con mi decoracion.,Santiago L.,santiagol@gmail.com,2026-02-01 10:00:00,published
infusiones-te-infusor-de-acero-eco-12,5,Supero mis expectativas,El producto llego super rapido y en empaque sustentable. La calidad es increible y el color pastel combina perfecto con mi decoracion.,Santiago G.,santiagog@gmail.com,2026-02-01 10:00:00,published
infusiones-te-infusor-de-acero-eco-12,4,Textura increible,Textura suave y acabados impecables. Se nota que es un producto artesanal hecho con dedicacion.,Isabella M.,isabellam@gmail.com,2026-02-01 10:00:00,published
infusiones-te-taza-ceremonial-mate-13,5,Textura increible,Textura suave y acabados impecables. Se nota que es un producto artesanal hecho con dedicacion.,Isabella L.,isabellal@gmail.com,2026-02-01 10:00:00,published
infusiones-te-taza-ceremonial-mate-13,4,100% recomendado,La mejor compra del mes. Le dio un aire de calma y elegancia a mi espacio. Volvere a comprar definitivamente.,Gabriel S.,gabriels@gmail.com,2026-02-01 10:00:00,published
infusiones-te-matcha-organico-artesanal-14,5,100% recomendado,La mejor compra del mes. Le dio un aire de calma y elegancia a mi espacio. Volvere a comprar definitivamente.,Gabriel M.,gabrielm@gmail.com,2026-02-01 10:00:00,published
infusiones-te-matcha-organico-artesanal-14,4,Diseno minimalista puro,Cumple al 100% con la descripcion. El material es resistente y el tono verde/marron pastel es hermoso.,Daniela P.,danielap@gmail.com,2026-02-01 10:00:00,published
infusiones-te-te-verde-sencha-organico-15,5,Diseno minimalista puro,Cumple al 100% con la descripcion. El material es resistente y el tono verde/marron pastel es hermoso.,Daniela S.,danielas@gmail.com,2026-02-01 10:00:00,published
infusiones-te-te-verde-sencha-organico-15,4,Calidad insuperable,El producto llego super rapido y en empaque sustentable. La calidad es increible y el color pastel combina perfecto con mi decoracion.,Maria H.,mariah@gmail.com,2026-02-01 10:00:00,published
infusiones-te-infusion-manzanilla-botanico-16,5,Calidad insuperable,El producto llego super rapido y en empaque sustentable. La calidad es increible y el color pastel combina perfecto con mi decoracion.,Maria P.,mariap@gmail.com,2026-02-01 10:00:00,published
infusiones-te-infusion-manzanilla-botanico-16,4,Elegante y funcional,Textura suave y acabados impecables. Se nota que es un producto artesanal hecho con dedicacion.,Javier V.,javierv@gmail.com,2026-02-01 10:00:00,published
infusiones-te-infusor-de-acero-atelier-17,5,Elegante y funcional,Textura suave y acabados impecables. Se nota que es un producto artesanal hecho con dedicacion.,Javier H.,javierh@gmail.com,2026-02-01 10:00:00,published
infusiones-te-infusor-de-acero-atelier-17,4,Me encanto el diseno,La mejor compra del mes. Le dio un aire de calma y elegancia a mi espacio. Volvere a comprar definitivamente.,Sofia B.,sofiab@gmail.com,2026-02-01 10:00:00,published
infusiones-te-taza-ceremonial-pastel-18,5,Me encanto el diseno,La mejor compra del mes. Le dio un aire de calma y elegancia a mi espacio. Volvere a comprar definitivamente.,Sofia V.,sofiav@gmail.com,2026-02-01 10:00:00,published
infusiones-te-taza-ceremonial-pastel-18,4,Excelente atencion y empaque,Cumple al 100% con la descripcion. El material es resistente y el tono verde/marron pastel es hermoso.,Camila T.,camilat@gmail.com,2026-02-01 10:00:00,published
infusiones-te-matcha-organico-puro-19,5,Excelente atencion y empaque,Cumple al 100% con la descripcion. El material es resistente y el tono verde/marron pastel es hermoso.,Camila B.,camilab@gmail.com,2026-02-01 10:00:00,published
infusiones-te-matcha-organico-puro-19,4,Supero mis expectativas,El producto llego super rapido y en empaque sustentable. La calidad es increible y el color pastel combina perfecto con mi decoracion.,Carlos C.,carlosc@gmail.com,2026-02-01 10:00:00,published
infusiones-te-te-verde-sencha-eco-20,5,Supero mis expectativas,El producto llego super rapido y en empaque sustentable. La calidad es increible y el color pastel combina perfecto con mi decoracion.,Carlos T.,carlost@gmail.com,2026-02-01 10:00:00,published
infusiones-te-te-verde-sencha-eco-20,4,Textura increible,Textura suave y acabados impecables. Se nota que es un producto artesanal hecho con dedicacion.,Valeria R.,valeriar@gmail.com,2026-02-01 10:00:00,published
mascotas-eco-cuenco-ceramica-puro-1,5,Elegante y funcional,Textura suave y acabados impecables. Se nota que es un producto artesanal hecho con dedicacion.,Javier G.,javierg@gmail.com,2026-02-01 10:00:00,published
mascotas-eco-cuenco-ceramica-puro-1,4,Me encanto el diseno,La mejor compra del mes. Le dio un aire de calma y elegancia a mi espacio. Volvere a comprar definitivamente.,Sofia M.,sofiam@gmail.com,2026-02-01 10:00:00,published
mascotas-eco-juguete-cuerda-eco-2,5,Me encanto el diseno,La mejor compra del mes. Le dio un aire de calma y elegancia a mi espacio. Volvere a comprar definitivamente.,Sofia L.,sofial@gmail.com,2026-02-01 10:00:00,published
mascotas-eco-juguete-cuerda-eco-2,4,Excelente atencion y empaque,Cumple al 100% con la descripcion. El material es resistente y el tono verde/marron pastel es hermoso.,Camila S.,camilas@gmail.com,2026-02-01 10:00:00,published
mascotas-eco-manta-mascota-mate-3,5,Excelente atencion y empaque,Cumple al 100% con la descripcion. El material es resistente y el tono verde/marron pastel es hermoso.,Camila M.,camilam@gmail.com,2026-02-01 10:00:00,published
mascotas-eco-manta-mascota-mate-3,4,Supero mis expectativas,El producto llego super rapido y en empaque sustentable. La calidad es increible y el color pastel combina perfecto con mi decoracion.,Carlos P.,carlosp@gmail.com,2026-02-01 10:00:00,published
mascotas-eco-collar-cuero-vegano-artesanal-4,5,Supero mis expectativas,El producto llego super rapido y en empaque sustentable. La calidad es increible y el color pastel combina perfecto con mi decoracion.,Carlos S.,carloss@gmail.com,2026-02-01 10:00:00,published
mascotas-eco-collar-cuero-vegano-artesanal-4,4,Textura increible,Textura suave y acabados impecables. Se nota que es un producto artesanal hecho con dedicacion.,Valeria H.,valeriah@gmail.com,2026-02-01 10:00:00,published
mascotas-eco-cama-de-canamo-organico-5,5,Textura increible,Textura suave y acabados impecables. Se nota que es un producto artesanal hecho con dedicacion.,Valeria P.,valeriap@gmail.com,2026-02-01 10:00:00,published
mascotas-eco-cama-de-canamo-organico-5,4,100% recomendado,La mejor compra del mes. Le dio un aire de calma y elegancia a mi espacio. Volvere a comprar definitivamente.,Diego V.,diegov@gmail.com,2026-02-01 10:00:00,published
mascotas-eco-cuenco-ceramica-botanico-6,5,100% recomendado,La mejor compra del mes. Le dio un aire de calma y elegancia a mi espacio. Volvere a comprar definitivamente.,Diego H.,diegoh@gmail.com,2026-02-01 10:00:00,published
mascotas-eco-cuenco-ceramica-botanico-6,4,Diseno minimalista puro,Cumple al 100% con la descripcion. El material es resistente y el tono verde/marron pastel es hermoso.,Lucia B.,luciab@gmail.com,2026-02-01 10:00:00,published
mascotas-eco-juguete-cuerda-atelier-7,5,Diseno minimalista puro,Cumple al 100% con la descripcion. El material es resistente y el tono verde/marron pastel es hermoso.,Lucia V.,luciav@gmail.com,2026-02-01 10:00:00,published
mascotas-eco-juguete-cuerda-atelier-7,4,Calidad insuperable,El producto llego super rapido y en empaque sustentable. La calidad es increible y el color pastel combina perfecto con mi decoracion.,Andres T.,andrest@gmail.com,2026-02-01 10:00:00,published
mascotas-eco-manta-mascota-pastel-8,5,Calidad insuperable,El producto llego super rapido y en empaque sustentable. La calidad es increible y el color pastel combina perfecto con mi decoracion.,Andres B.,andresb@gmail.com,2026-02-01 10:00:00,published
mascotas-eco-manta-mascota-pastel-8,4,Elegante y funcional,Textura suave y acabados impecables. Se nota que es un producto artesanal hecho con dedicacion.,Elena C.,elenac@gmail.com,2026-02-01 10:00:00,published
mascotas-eco-collar-cuero-vegano-puro-9,5,Elegante y funcional,Textura suave y acabados impecables. Se nota que es un producto artesanal hecho con dedicacion.,Elena T.,elenat@gmail.com,2026-02-01 10:00:00,published
mascotas-eco-collar-cuero-vegano-puro-9,4,Me encanto el diseno,La mejor compra del mes. Le dio un aire de calma y elegancia a mi espacio. Volvere a comprar definitivamente.,Mateo R.,mateor@gmail.com,2026-02-01 10:00:00,published
mascotas-eco-cama-de-canamo-eco-10,5,Me encanto el diseno,La mejor compra del mes. Le dio un aire de calma y elegancia a mi espacio. Volvere a comprar definitivamente.,Mateo C.,mateoc@gmail.com,2026-02-01 10:00:00,published
mascotas-eco-cama-de-canamo-eco-10,4,Excelente atencion y empaque,Cumple al 100% con la descripcion. El material es resistente y el tono verde/marron pastel es hermoso.,Valentina G.,valentinag@gmail.com,2026-02-01 10:00:00,published
mascotas-eco-cuenco-ceramica-mate-11,5,Excelente atencion y empaque,Cumple al 100% con la descripcion. El material es resistente y el tono verde/marron pastel es hermoso.,Valentina R.,valentinar@gmail.com,2026-02-01 10:00:00,published
mascotas-eco-cuenco-ceramica-mate-11,4,Supero mis expectativas,El producto llego super rapido y en empaque sustentable. La calidad es increible y el color pastel combina perfecto con mi decoracion.,Santiago L.,santiagol@gmail.com,2026-02-01 10:00:00,published
mascotas-eco-juguete-cuerda-artesanal-12,5,Supero mis expectativas,El producto llego super rapido y en empaque sustentable. La calidad es increible y el color pastel combina perfecto con mi decoracion.,Santiago G.,santiagog@gmail.com,2026-02-01 10:00:00,published
mascotas-eco-juguete-cuerda-artesanal-12,4,Textura increible,Textura suave y acabados impecables. Se nota que es un producto artesanal hecho con dedicacion.,Isabella M.,isabellam@gmail.com,2026-02-01 10:00:00,published
mascotas-eco-manta-mascota-organico-13,5,Textura increible,Textura suave y acabados impecables. Se nota que es un producto artesanal hecho con dedicacion.,Isabella L.,isabellal@gmail.com,2026-02-01 10:00:00,published
mascotas-eco-manta-mascota-organico-13,4,100% recomendado,La mejor compra del mes. Le dio un aire de calma y elegancia a mi espacio. Volvere a comprar definitivamente.,Gabriel S.,gabriels@gmail.com,2026-02-01 10:00:00,published
mascotas-eco-collar-cuero-vegano-botanico-14,5,100% recomendado,La mejor compra del mes. Le dio un aire de calma y elegancia a mi espacio. Volvere a comprar definitivamente.,Gabriel M.,gabrielm@gmail.com,2026-02-01 10:00:00,published
mascotas-eco-collar-cuero-vegano-botanico-14,4,Diseno minimalista puro,Cumple al 100% con la descripcion. El material es resistente y el tono verde/marron pastel es hermoso.,Daniela P.,danielap@gmail.com,2026-02-01 10:00:00,published
mascotas-eco-cama-de-canamo-atelier-15,5,Diseno minimalista puro,Cumple al 100% con la descripcion. El material es resistente y el tono verde/marron pastel es hermoso.,Daniela S.,danielas@gmail.com,2026-02-01 10:00:00,published
mascotas-eco-cama-de-canamo-atelier-15,4,Calidad insuperable,El producto llego super rapido y en empaque sustentable. La calidad es increible y el color pastel combina perfecto con mi decoracion.,Maria H.,mariah@gmail.com,2026-02-01 10:00:00,published
mascotas-eco-cuenco-ceramica-pastel-16,5,Calidad insuperable,El producto llego super rapido y en empaque sustentable. La calidad es increible y el color pastel combina perfecto con mi decoracion.,Maria P.,mariap@gmail.com,2026-02-01 10:00:00,published
mascotas-eco-cuenco-ceramica-pastel-16,4,Elegante y funcional,Textura suave y acabados impecables. Se nota que es un producto artesanal hecho con dedicacion.,Javier V.,javierv@gmail.com,2026-02-01 10:00:00,published
mascotas-eco-juguete-cuerda-puro-17,5,Elegante y funcional,Textura suave y acabados impecables. Se nota que es un producto artesanal hecho con dedicacion.,Javier H.,javierh@gmail.com,2026-02-01 10:00:00,published
mascotas-eco-juguete-cuerda-puro-17,4,Me encanto el diseno,La mejor compra del mes. Le dio un aire de calma y elegancia a mi espacio. Volvere a comprar definitivamente.,Sofia B.,sofiab@gmail.com,2026-02-01 10:00:00,published
mascotas-eco-manta-mascota-eco-18,5,Me encanto el diseno,La mejor compra del mes. Le dio un aire de calma y elegancia a mi espacio. Volvere a comprar definitivamente.,Sofia V.,sofiav@gmail.com,2026-02-01 10:00:00,published
mascotas-eco-manta-mascota-eco-18,4,Excelente atencion y empaque,Cumple al 100% con la descripcion. El material es resistente y el tono verde/marron pastel es hermoso.,Camila T.,camilat@gmail.com,2026-02-01 10:00:00,published
mascotas-eco-collar-cuero-vegano-mate-19,5,Excelente atencion y empaque,Cumple al 100% con la descripcion. El material es resistente y el tono verde/marron pastel es hermoso.,Camila B.,camilab@gmail.com,2026-02-01 10:00:00,published
mascotas-eco-collar-cuero-vegano-mate-19,4,Supero mis expectativas,El producto llego super rapido y en empaque sustentable. La calidad es increible y el color pastel combina perfecto con mi decoracion.,Carlos C.,carlosc@gmail.com,2026-02-01 10:00:00,published
mascotas-eco-cama-de-canamo-artesanal-20,5,Supero mis expectativas,El producto llego super rapido y en empaque sustentable. La calidad es increible y el color pastel combina perfecto con mi decoracion.,Carlos T.,carlost@gmail.com,2026-02-01 10:00:00,published
mascotas-eco-cama-de-canamo-artesanal-20,4,Textura increible,Textura suave y acabados impecables. Se nota que es un producto artesanal hecho con dedicacion.,Valeria R.,valeriar@gmail.com,2026-02-01 10:00:00,published
ninos-juguetes-sonajero-bambu-mate-1,5,Elegante y funcional,Textura suave y acabados impecables. Se nota que es un producto artesanal hecho con dedicacion.,Javier G.,javierg@gmail.com,2026-02-01 10:00:00,published
ninos-juguetes-sonajero-bambu-mate-1,4,Me encanto el diseno,La mejor compra del mes. Le dio un aire de calma y elegancia a mi espacio. Volvere a comprar definitivamente.,Sofia M.,sofiam@gmail.com,2026-02-01 10:00:00,published
ninos-juguetes-puzzle-geometrico-artesanal-2,5,Me encanto el diseno,La mejor compra del mes. Le dio un aire de calma y elegancia a mi espacio. Volvere a comprar definitivamente.,Sofia L.,sofial@gmail.com,2026-02-01 10:00:00,published
ninos-juguetes-puzzle-geometrico-artesanal-2,4,Excelente atencion y empaque,Cumple al 100% con la descripcion. El material es resistente y el tono verde/marron pastel es hermoso.,Camila S.,camilas@gmail.com,2026-02-01 10:00:00,published
ninos-juguetes-cochecito-madera-organico-3,5,Excelente atencion y empaque,Cumple al 100% con la descripcion. El material es resistente y el tono verde/marron pastel es hermoso.,Camila M.,camilam@gmail.com,2026-02-01 10:00:00,published
ninos-juguetes-cochecito-madera-organico-3,4,Supero mis expectativas,El producto llego super rapido y en empaque sustentable. La calidad es increible y el color pastel combina perfecto con mi decoracion.,Carlos P.,carlosp@gmail.com,2026-02-01 10:00:00,published
ninos-juguetes-figuras-animales-botanico-4,5,Supero mis expectativas,El producto llego super rapido y en empaque sustentable. La calidad es increible y el color pastel combina perfecto con mi decoracion.,Carlos S.,carloss@gmail.com,2026-02-01 10:00:00,published
ninos-juguetes-figuras-animales-botanico-4,4,Textura increible,Textura suave y acabados impecables. Se nota que es un producto artesanal hecho con dedicacion.,Valeria H.,valeriah@gmail.com,2026-02-01 10:00:00,published
ninos-juguetes-bloques-madera-atelier-5,5,Textura increible,Textura suave y acabados impecables. Se nota que es un producto artesanal hecho con dedicacion.,Valeria P.,valeriap@gmail.com,2026-02-01 10:00:00,published
ninos-juguetes-bloques-madera-atelier-5,4,100% recomendado,La mejor compra del mes. Le dio un aire de calma y elegancia a mi espacio. Volvere a comprar definitivamente.,Diego V.,diegov@gmail.com,2026-02-01 10:00:00,published
ninos-juguetes-sonajero-bambu-pastel-6,5,100% recomendado,La mejor compra del mes. Le dio un aire de calma y elegancia a mi espacio. Volvere a comprar definitivamente.,Diego H.,diegoh@gmail.com,2026-02-01 10:00:00,published
ninos-juguetes-sonajero-bambu-pastel-6,4,Diseno minimalista puro,Cumple al 100% con la descripcion. El material es resistente y el tono verde/marron pastel es hermoso.,Lucia B.,luciab@gmail.com,2026-02-01 10:00:00,published
ninos-juguetes-puzzle-geometrico-puro-7,5,Diseno minimalista puro,Cumple al 100% con la descripcion. El material es resistente y el tono verde/marron pastel es hermoso.,Lucia V.,luciav@gmail.com,2026-02-01 10:00:00,published
ninos-juguetes-puzzle-geometrico-puro-7,4,Calidad insuperable,El producto llego super rapido y en empaque sustentable. La calidad es increible y el color pastel combina perfecto con mi decoracion.,Andres T.,andrest@gmail.com,2026-02-01 10:00:00,published
ninos-juguetes-cochecito-madera-eco-8,5,Calidad insuperable,El producto llego super rapido y en empaque sustentable. La calidad es increible y el color pastel combina perfecto con mi decoracion.,Andres B.,andresb@gmail.com,2026-02-01 10:00:00,published
ninos-juguetes-cochecito-madera-eco-8,4,Elegante y funcional,Textura suave y acabados impecables. Se nota que es un producto artesanal hecho con dedicacion.,Elena C.,elenac@gmail.com,2026-02-01 10:00:00,published
ninos-juguetes-figuras-animales-mate-9,5,Elegante y funcional,Textura suave y acabados impecables. Se nota que es un producto artesanal hecho con dedicacion.,Elena T.,elenat@gmail.com,2026-02-01 10:00:00,published
ninos-juguetes-figuras-animales-mate-9,4,Me encanto el diseno,La mejor compra del mes. Le dio un aire de calma y elegancia a mi espacio. Volvere a comprar definitivamente.,Mateo R.,mateor@gmail.com,2026-02-01 10:00:00,published
ninos-juguetes-bloques-madera-artesanal-10,5,Me encanto el diseno,La mejor compra del mes. Le dio un aire de calma y elegancia a mi espacio. Volvere a comprar definitivamente.,Mateo C.,mateoc@gmail.com,2026-02-01 10:00:00,published
ninos-juguetes-bloques-madera-artesanal-10,4,Excelente atencion y empaque,Cumple al 100% con la descripcion. El material es resistente y el tono verde/marron pastel es hermoso.,Valentina G.,valentinag@gmail.com,2026-02-01 10:00:00,published
ninos-juguetes-sonajero-bambu-organico-11,5,Excelente atencion y empaque,Cumple al 100% con la descripcion. El material es resistente y el tono verde/marron pastel es hermoso.,Valentina R.,valentinar@gmail.com,2026-02-01 10:00:00,published
ninos-juguetes-sonajero-bambu-organico-11,4,Supero mis expectativas,El producto llego super rapido y en empaque sustentable. La calidad es increible y el color pastel combina perfecto con mi decoracion.,Santiago L.,santiagol@gmail.com,2026-02-01 10:00:00,published
ninos-juguetes-puzzle-geometrico-botanico-12,5,Supero mis expectativas,El producto llego super rapido y en empaque sustentable. La calidad es increible y el color pastel combina perfecto con mi decoracion.,Santiago G.,santiagog@gmail.com,2026-02-01 10:00:00,published
ninos-juguetes-puzzle-geometrico-botanico-12,4,Textura increible,Textura suave y acabados impecables. Se nota que es un producto artesanal hecho con dedicacion.,Isabella M.,isabellam@gmail.com,2026-02-01 10:00:00,published
ninos-juguetes-cochecito-madera-atelier-13,5,Textura increible,Textura suave y acabados impecables. Se nota que es un producto artesanal hecho con dedicacion.,Isabella L.,isabellal@gmail.com,2026-02-01 10:00:00,published
ninos-juguetes-cochecito-madera-atelier-13,4,100% recomendado,La mejor compra del mes. Le dio un aire de calma y elegancia a mi espacio. Volvere a comprar definitivamente.,Gabriel S.,gabriels@gmail.com,2026-02-01 10:00:00,published
ninos-juguetes-figuras-animales-pastel-14,5,100% recomendado,La mejor compra del mes. Le dio un aire de calma y elegancia a mi espacio. Volvere a comprar definitivamente.,Gabriel M.,gabrielm@gmail.com,2026-02-01 10:00:00,published
ninos-juguetes-figuras-animales-pastel-14,4,Diseno minimalista puro,Cumple al 100% con la descripcion. El material es resistente y el tono verde/marron pastel es hermoso.,Daniela P.,danielap@gmail.com,2026-02-01 10:00:00,published
ninos-juguetes-bloques-madera-puro-15,5,Diseno minimalista puro,Cumple al 100% con la descripcion. El material es resistente y el tono verde/marron pastel es hermoso.,Daniela S.,danielas@gmail.com,2026-02-01 10:00:00,published
ninos-juguetes-bloques-madera-puro-15,4,Calidad insuperable,El producto llego super rapido y en empaque sustentable. La calidad es increible y el color pastel combina perfecto con mi decoracion.,Maria H.,mariah@gmail.com,2026-02-01 10:00:00,published
ninos-juguetes-sonajero-bambu-eco-16,5,Calidad insuperable,El producto llego super rapido y en empaque sustentable. La calidad es increible y el color pastel combina perfecto con mi decoracion.,Maria P.,mariap@gmail.com,2026-02-01 10:00:00,published
ninos-juguetes-sonajero-bambu-eco-16,4,Elegante y funcional,Textura suave y acabados impecables. Se nota que es un producto artesanal hecho con dedicacion.,Javier V.,javierv@gmail.com,2026-02-01 10:00:00,published
ninos-juguetes-puzzle-geometrico-mate-17,5,Elegante y funcional,Textura suave y acabados impecables. Se nota que es un producto artesanal hecho con dedicacion.,Javier H.,javierh@gmail.com,2026-02-01 10:00:00,published
ninos-juguetes-puzzle-geometrico-mate-17,4,Me encanto el diseno,La mejor compra del mes. Le dio un aire de calma y elegancia a mi espacio. Volvere a comprar definitivamente.,Sofia B.,sofiab@gmail.com,2026-02-01 10:00:00,published
ninos-juguetes-cochecito-madera-artesanal-18,5,Me encanto el diseno,La mejor compra del mes. Le dio un aire de calma y elegancia a mi espacio. Volvere a comprar definitivamente.,Sofia V.,sofiav@gmail.com,2026-02-01 10:00:00,published
ninos-juguetes-cochecito-madera-artesanal-18,4,Excelente atencion y empaque,Cumple al 100% con la descripcion. El material es resistente y el tono verde/marron pastel es hermoso.,Camila T.,camilat@gmail.com,2026-02-01 10:00:00,published
ninos-juguetes-figuras-animales-organico-19,5,Excelente atencion y empaque,Cumple al 100% con la descripcion. El material es resistente y el tono verde/marron pastel es hermoso.,Camila B.,camilab@gmail.com,2026-02-01 10:00:00,published
ninos-juguetes-figuras-animales-organico-19,4,Supero mis expectativas,El producto llego super rapido y en empaque sustentable. La calidad es increible y el color pastel combina perfecto con mi decoracion.,Carlos C.,carlosc@gmail.com,2026-02-01 10:00:00,published
ninos-juguetes-bloques-madera-botanico-20,5,Supero mis expectativas,El producto llego super rapido y en empaque sustentable. La calidad es increible y el color pastel combina perfecto con mi decoracion.,Carlos T.,carlost@gmail.com,2026-02-01 10:00:00,published
ninos-juguetes-bloques-madera-botanico-20,4,Textura increible,Textura suave y acabados impecables. Se nota que es un producto artesanal hecho con dedicacion.,Valeria R.,valeriar@gmail.com,2026-02-01 10:00:00,published
cuidado-ropa-detergente-ecologico-organico-1,5,Elegante y funcional,Textura suave y acabados impecables. Se nota que es un producto artesanal hecho con dedicacion.,Javier G.,javierg@gmail.com,2026-02-01 10:00:00,published
cuidado-ropa-detergente-ecologico-organico-1,4,Me encanto el diseno,La mejor compra del mes. Le dio un aire de calma y elegancia a mi espacio. Volvere a comprar definitivamente.,Sofia M.,sofiam@gmail.com,2026-02-01 10:00:00,published
cuidado-ropa-jabon-de-lavanda-botanico-2,5,Me encanto el diseno,La mejor compra del mes. Le dio un aire de calma y elegancia a mi espacio. Volvere a comprar definitivamente.,Sofia L.,sofial@gmail.com,2026-02-01 10:00:00,published
cuidado-ropa-jabon-de-lavanda-botanico-2,4,Excelente atencion y empaque,Cumple al 100% con la descripcion. El material es resistente y el tono verde/marron pastel es hermoso.,Camila S.,camilas@gmail.com,2026-02-01 10:00:00,published
cuidado-ropa-bolsa-lavado-delicado-atelier-3,5,Excelente atencion y empaque,Cumple al 100% con la descripcion. El material es resistente y el tono verde/marron pastel es hermoso.,Camila M.,camilam@gmail.com,2026-02-01 10:00:00,published
cuidado-ropa-bolsa-lavado-delicado-atelier-3,4,Supero mis expectativas,El producto llego super rapido y en empaque sustentable. La calidad es increible y el color pastel combina perfecto con mi decoracion.,Carlos P.,carlosp@gmail.com,2026-02-01 10:00:00,published
cuidado-ropa-cepillo-quita-pelusa-pastel-4,5,Supero mis expectativas,El producto llego super rapido y en empaque sustentable. La calidad es increible y el color pastel combina perfecto con mi decoracion.,Carlos S.,carloss@gmail.com,2026-02-01 10:00:00,published
cuidado-ropa-cepillo-quita-pelusa-pastel-4,4,Textura increible,Textura suave y acabados impecables. Se nota que es un producto artesanal hecho con dedicacion.,Valeria H.,valeriah@gmail.com,2026-02-01 10:00:00,published
cuidado-ropa-esferas-secadora-puro-5,5,Textura increible,Textura suave y acabados impecables. Se nota que es un producto artesanal hecho con dedicacion.,Valeria P.,valeriap@gmail.com,2026-02-01 10:00:00,published
cuidado-ropa-esferas-secadora-puro-5,4,100% recomendado,La mejor compra del mes. Le dio un aire de calma y elegancia a mi espacio. Volvere a comprar definitivamente.,Diego V.,diegov@gmail.com,2026-02-01 10:00:00,published
cuidado-ropa-detergente-ecologico-eco-6,5,100% recomendado,La mejor compra del mes. Le dio un aire de calma y elegancia a mi espacio. Volvere a comprar definitivamente.,Diego H.,diegoh@gmail.com,2026-02-01 10:00:00,published
cuidado-ropa-detergente-ecologico-eco-6,4,Diseno minimalista puro,Cumple al 100% con la descripcion. El material es resistente y el tono verde/marron pastel es hermoso.,Lucia B.,luciab@gmail.com,2026-02-01 10:00:00,published
cuidado-ropa-jabon-de-lavanda-mate-7,5,Diseno minimalista puro,Cumple al 100% con la descripcion. El material es resistente y el tono verde/marron pastel es hermoso.,Lucia V.,luciav@gmail.com,2026-02-01 10:00:00,published
cuidado-ropa-jabon-de-lavanda-mate-7,4,Calidad insuperable,El producto llego super rapido y en empaque sustentable. La calidad es increible y el color pastel combina perfecto con mi decoracion.,Andres T.,andrest@gmail.com,2026-02-01 10:00:00,published
cuidado-ropa-bolsa-lavado-delicado-artesanal-8,5,Calidad insuperable,El producto llego super rapido y en empaque sustentable. La calidad es increible y el color pastel combina perfecto con mi decoracion.,Andres B.,andresb@gmail.com,2026-02-01 10:00:00,published
cuidado-ropa-bolsa-lavado-delicado-artesanal-8,4,Elegante y funcional,Textura suave y acabados impecables. Se nota que es un producto artesanal hecho con dedicacion.,Elena C.,elenac@gmail.com,2026-02-01 10:00:00,published
cuidado-ropa-cepillo-quita-pelusa-organico-9,5,Elegante y funcional,Textura suave y acabados impecables. Se nota que es un producto artesanal hecho con dedicacion.,Elena T.,elenat@gmail.com,2026-02-01 10:00:00,published
cuidado-ropa-cepillo-quita-pelusa-organico-9,4,Me encanto el diseno,La mejor compra del mes. Le dio un aire de calma y elegancia a mi espacio. Volvere a comprar definitivamente.,Mateo R.,mateor@gmail.com,2026-02-01 10:00:00,published
cuidado-ropa-esferas-secadora-botanico-10,5,Me encanto el diseno,La mejor compra del mes. Le dio un aire de calma y elegancia a mi espacio. Volvere a comprar definitivamente.,Mateo C.,mateoc@gmail.com,2026-02-01 10:00:00,published
cuidado-ropa-esferas-secadora-botanico-10,4,Excelente atencion y empaque,Cumple al 100% con la descripcion. El material es resistente y el tono verde/marron pastel es hermoso.,Valentina G.,valentinag@gmail.com,2026-02-01 10:00:00,published
cuidado-ropa-detergente-ecologico-atelier-11,5,Excelente atencion y empaque,Cumple al 100% con la descripcion. El material es resistente y el tono verde/marron pastel es hermoso.,Valentina R.,valentinar@gmail.com,2026-02-01 10:00:00,published
cuidado-ropa-detergente-ecologico-atelier-11,4,Supero mis expectativas,El producto llego super rapido y en empaque sustentable. La calidad es increible y el color pastel combina perfecto con mi decoracion.,Santiago L.,santiagol@gmail.com,2026-02-01 10:00:00,published
cuidado-ropa-jabon-de-lavanda-pastel-12,5,Supero mis expectativas,El producto llego super rapido y en empaque sustentable. La calidad es increible y el color pastel combina perfecto con mi decoracion.,Santiago G.,santiagog@gmail.com,2026-02-01 10:00:00,published
cuidado-ropa-jabon-de-lavanda-pastel-12,4,Textura increible,Textura suave y acabados impecables. Se nota que es un producto artesanal hecho con dedicacion.,Isabella M.,isabellam@gmail.com,2026-02-01 10:00:00,published
cuidado-ropa-bolsa-lavado-delicado-puro-13,5,Textura increible,Textura suave y acabados impecables. Se nota que es un producto artesanal hecho con dedicacion.,Isabella L.,isabellal@gmail.com,2026-02-01 10:00:00,published
cuidado-ropa-bolsa-lavado-delicado-puro-13,4,100% recomendado,La mejor compra del mes. Le dio un aire de calma y elegancia a mi espacio. Volvere a comprar definitivamente.,Gabriel S.,gabriels@gmail.com,2026-02-01 10:00:00,published
cuidado-ropa-cepillo-quita-pelusa-eco-14,5,100% recomendado,La mejor compra del mes. Le dio un aire de calma y elegancia a mi espacio. Volvere a comprar definitivamente.,Gabriel M.,gabrielm@gmail.com,2026-02-01 10:00:00,published
cuidado-ropa-cepillo-quita-pelusa-eco-14,4,Diseno minimalista puro,Cumple al 100% con la descripcion. El material es resistente y el tono verde/marron pastel es hermoso.,Daniela P.,danielap@gmail.com,2026-02-01 10:00:00,published
cuidado-ropa-esferas-secadora-mate-15,5,Diseno minimalista puro,Cumple al 100% con la descripcion. El material es resistente y el tono verde/marron pastel es hermoso.,Daniela S.,danielas@gmail.com,2026-02-01 10:00:00,published
cuidado-ropa-esferas-secadora-mate-15,4,Calidad insuperable,El producto llego super rapido y en empaque sustentable. La calidad es increible y el color pastel combina perfecto con mi decoracion.,Maria H.,mariah@gmail.com,2026-02-01 10:00:00,published
cuidado-ropa-detergente-ecologico-artesanal-16,5,Calidad insuperable,El producto llego super rapido y en empaque sustentable. La calidad es increible y el color pastel combina perfecto con mi decoracion.,Maria P.,mariap@gmail.com,2026-02-01 10:00:00,published
cuidado-ropa-detergente-ecologico-artesanal-16,4,Elegante y funcional,Textura suave y acabados impecables. Se nota que es un producto artesanal hecho con dedicacion.,Javier V.,javierv@gmail.com,2026-02-01 10:00:00,published
cuidado-ropa-jabon-de-lavanda-organico-17,5,Elegante y funcional,Textura suave y acabados impecables. Se nota que es un producto artesanal hecho con dedicacion.,Javier H.,javierh@gmail.com,2026-02-01 10:00:00,published
cuidado-ropa-jabon-de-lavanda-organico-17,4,Me encanto el diseno,La mejor compra del mes. Le dio un aire de calma y elegancia a mi espacio. Volvere a comprar definitivamente.,Sofia B.,sofiab@gmail.com,2026-02-01 10:00:00,published
cuidado-ropa-bolsa-lavado-delicado-botanico-18,5,Me encanto el diseno,La mejor compra del mes. Le dio un aire de calma y elegancia a mi espacio. Volvere a comprar definitivamente.,Sofia V.,sofiav@gmail.com,2026-02-01 10:00:00,published
cuidado-ropa-bolsa-lavado-delicado-botanico-18,4,Excelente atencion y empaque,Cumple al 100% con la descripcion. El material es resistente y el tono verde/marron pastel es hermoso.,Camila T.,camilat@gmail.com,2026-02-01 10:00:00,published
cuidado-ropa-cepillo-quita-pelusa-atelier-19,5,Excelente atencion y empaque,Cumple al 100% con la descripcion. El material es resistente y el tono verde/marron pastel es hermoso.,Camila B.,camilab@gmail.com,2026-02-01 10:00:00,published
cuidado-ropa-cepillo-quita-pelusa-atelier-19,4,Supero mis expectativas,El producto llego super rapido y en empaque sustentable. La calidad es increible y el color pastel combina perfecto con mi decoracion.,Carlos C.,carlosc@gmail.com,2026-02-01 10:00:00,published
cuidado-ropa-esferas-secadora-pastel-20,5,Supero mis expectativas,El producto llego super rapido y en empaque sustentable. La calidad es increible y el color pastel combina perfecto con mi decoracion.,Carlos T.,carlost@gmail.com,2026-02-01 10:00:00,published
cuidado-ropa-esferas-secadora-pastel-20,4,Textura increible,Textura suave y acabados impecables. Se nota que es un producto artesanal hecho con dedicacion.,Valeria R.,valeriar@gmail.com,2026-02-01 10:00:00,published
