Handle,Title,Body (HTML),Vendor,Type,Tags,Published,Option1 Name,Option1 Value,Variant SKU,Variant Grams,Variant Inventory Tracker,Variant Inventory Qty,Variant Inventory Policy,Variant Fulfillment Service,Variant Price,Variant Compare At Price,Variant Requires Shipping,Variant Taxable,Variant Barcode,Gift Card,SEO Title,SEO Description,Status
hogar-decoracion-florero-atelier-1,Florero Atelier Atelier N1,<p>Exquisito florero elaborado artesanalmente. Tonos pastel suaves en verde y marron natural para la armonia de tu espacio.</p>,Atelier Store,Decoracion y Hogar,"Decoracion y Hogar, Minimalist, Eco, Atelier",TRUE,Tono / Acabado,Verde Soft Natural,ATL-HOG-101-V,450,shopify,50,deny,manual,22.5,,TRUE,TRUE,,FALSE,Florero Atelier Atelier N1,Comprar Florero Atelier Atelier N1 en Atelier Minimal Store.,active
hogar-decoracion-florero-atelier-1,,,,,,,Tono / Acabado,Marron Tierra Pastel,ATL-HOG-101-M,450,shopify,50,deny,manual,26.0,,TRUE,TRUE,,,,,
hogar-decoracion-escultura-pastel-2,Escultura Pastel Atelier N2,<p>Exquisito escultura elaborado artesanalmente. Tonos pastel suaves en verde y marron natural para la armonia de tu espacio.</p>,Atelier Store,Decoracion y Hogar,"Decoracion y Hogar, Minimalist, Eco, Atelier",TRUE,Tono / Acabado,Verde Soft Natural,ATL-HOG-102-V,450,shopify,50,deny,manual,27.0,,TRUE,TRUE,,FALSE,Escultura Pastel Atelier N2,Comprar Escultura Pastel Atelier N2 en Atelier Minimal Store.,active
hogar-decoracion-escultura-pastel-2,,,,,,,Tono / Acabado,Marron Tierra Pastel,ATL-HOG-102-M,450,shopify,50,deny,manual,30.5,,TRUE,TRUE,,,,,
hogar-decoracion-cuenco-decorativo-puro-3,Cuenco Decorativo Puro Atelier N3,<p>Exquisito cuenco decorativo elaborado artesanalmente. Tonos pastel suaves en verde y marron natural para la armonia de tu espacio.</p>,Atelier Store,Decoracion y Hogar,"Decoracion y Hogar, Minimalist, Eco, Atelier",TRUE,Tono / Acabado,Verde Soft Natural,ATL-HOG-103-V,450,shopify,50,deny,manual,31.5,,TRUE,TRUE,,FALSE,Cuenco Decorativo Puro Atelier N3,Comprar Cuenco Decorativo Puro Atelier N3 en Atelier Minimal Store.,active
hogar-decoracion-cuenco-decorativo-puro-3,,,,,,,Tono / Acabado,Marron Tierra Pastel,ATL-HOG-103-M,450,shopify,50,deny,manual,35.0,,TRUE,TRUE,,,,,
hogar-decoracion-bandeja-eco-4,Bandeja Eco Atelier N4,<p>Exquisito bandeja elaborado artesanalmente. Tonos pastel suaves en verde y marron natural para la armonia de tu espacio.</p>,Atelier Store,Decoracion y Hogar,"Decoracion y Hogar, Minimalist, Eco, Atelier",TRUE,Tono / Acabado,Verde Soft Natural,ATL-HOG-104-V,450,shopify,50,deny,manual,36.0,,TRUE,TRUE,,FALSE,Bandeja Eco Atelier N4,Comprar Bandeja Eco Atelier N4 en Atelier Minimal Store.,active
hogar-decoracion-bandeja-eco-4,,,,,,,Tono / Acabado,Marron Tierra Pastel,ATL-HOG-104-M,450,shopify,50,deny,manual,39.5,,TRUE,TRUE,,,,,
hogar-decoracion-jarron-mate-5,Jarron Mate Atelier N5,<p>Exquisito jarron elaborado artesanalmente. Tonos pastel suaves en verde y marron natural para la armonia de tu espacio.</p>,Atelier Store,Decoracion y Hogar,"Decoracion y Hogar, Minimalist, Eco, Atelier",TRUE,Tono / Acabado,Verde Soft Natural,ATL-HOG-105-V,450,shopify,50,deny,manual,40.5,,TRUE,TRUE,,FALSE,Jarron Mate Atelier N5,Comprar Jarron Mate Atelier N5 en Atelier Minimal Store.,active
hogar-decoracion-jarron-mate-5,,,,,,,Tono / Acabado,Marron Tierra Pastel,ATL-HOG-105-M,450,shopify,50,deny,manual,44.0,,TRUE,TRUE,,,,,
hogar-decoracion-florero-artesanal-6,Florero Artesanal Atelier N6,<p>Exquisito florero elaborado artesanalmente. Tonos pastel suaves en verde y marron natural para la armonia de tu espacio.</p>,Atelier Store,Decoracion y Hogar,"Decoracion y Hogar, Minimalist, Eco, Atelier",TRUE,Tono / Acabado,Verde Soft Natural,ATL-HOG-106-V,450,shopify,50,deny,manual,45.0,,TRUE,TRUE,,FALSE,Florero Artesanal Atelier N6,Comprar Florero Artesanal Atelier N6 en Atelier Minimal Store.,active
hogar-decoracion-florero-artesanal-6,,,,,,,Tono / Acabado,Marron Tierra Pastel,ATL-HOG-106-M,450,shopify,50,deny,manual,48.5,,TRUE,TRUE,,,,,
hogar-decoracion-escultura-organico-7,Escultura Organico Atelier N7,<p>Exquisito escultura elaborado artesanalmente. Tonos pastel suaves en verde y marron natural para la armonia de tu espacio.</p>,Atelier Store,Decoracion y Hogar,"Decoracion y Hogar, Minimalist, Eco, Atelier",TRUE,Tono / Acabado,Verde Soft Natural,ATL-HOG-107-V,450,shopify,50,deny,manual,49.5,,TRUE,TRUE,,FALSE,Escultura Organico Atelier N7,Comprar Escultura Organico Atelier N7 en Atelier Minimal Store.,active
hogar-decoracion-escultura-organico-7,,,,,,,Tono / Acabado,Marron Tierra Pastel,ATL-HOG-107-M,450,shopify,50,deny,manual,53.0,,TRUE,TRUE,,,,,
hogar-decoracion-cuenco-decorativo-botanico-8,Cuenco Decorativo Botanico Atelier N8,<p>Exquisito cuenco decorativo elaborado artesanalmente. Tonos pastel suaves en verde y marron natural para la armonia de tu espacio.</p>,Atelier Store,Decoracion y Hogar,"Decoracion y Hogar, Minimalist, Eco, Atelier",TRUE,Tono / Acabado,Verde Soft Natural,ATL-HOG-108-V,450,shopify,50,deny,manual,54.0,,TRUE,TRUE,,FALSE,Cuenco Decorativo Botanico Atelier N8,Comprar Cuenco Decorativo Botanico Atelier N8 en Atelier Minimal Store.,active
hogar-decoracion-cuenco-decorativo-botanico-8,,,,,,,Tono / Acabado,Marron Tierra Pastel,ATL-HOG-108-M,450,shopify,50,deny,manual,57.5,,TRUE,TRUE,,,,,
hogar-decoracion-bandeja-atelier-9,Bandeja Atelier Atelier N9,<p>Exquisito bandeja elaborado artesanalmente. Tonos pastel suaves en verde y marron natural para la armonia de tu espacio.</p>,Atelier Store,Decoracion y Hogar,"Decoracion y Hogar, Minimalist, Eco, Atelier",TRUE,Tono / Acabado,Verde Soft Natural,ATL-HOG-109-V,450,shopify,50,deny,manual,58.5,,TRUE,TRUE,,FALSE,Bandeja Atelier Atelier N9,Comprar Bandeja Atelier Atelier N9 en Atelier Minimal Store.,active
hogar-decoracion-bandeja-atelier-9,,,,,,,Tono / Acabado,Marron Tierra Pastel,ATL-HOG-109-M,450,shopify,50,deny,manual,62.0,,TRUE,TRUE,,,,,
hogar-decoracion-jarron-pastel-10,Jarron Pastel Atelier N10,<p>Exquisito jarron elaborado artesanalmente. Tonos pastel suaves en verde y marron natural para la armonia de tu espacio.</p>,Atelier Store,Decoracion y Hogar,"Decoracion y Hogar, Minimalist, Eco, Atelier",TRUE,Tono / Acabado,Verde Soft Natural,ATL-HOG-110-V,450,shopify,50,deny,manual,63.0,,TRUE,TRUE,,FALSE,Jarron Pastel Atelier N10,Comprar Jarron Pastel Atelier N10 en Atelier Minimal Store.,active
hogar-decoracion-jarron-pastel-10,,,,,,,Tono / Acabado,Marron Tierra Pastel,ATL-HOG-110-M,450,shopify,50,deny,manual,66.5,,TRUE,TRUE,,,,,
hogar-decoracion-florero-puro-11,Florero Puro Atelier N11,<p>Exquisito florero elaborado artesanalmente. Tonos pastel suaves en verde y marron natural para la armonia de tu espacio.</p>,Atelier Store,Decoracion y Hogar,"Decoracion y Hogar, Minimalist, Eco, Atelier",TRUE,Tono / Acabado,Verde Soft Natural,ATL-HOG-111-V,450,shopify,50,deny,manual,67.5,,TRUE,TRUE,,FALSE,Florero Puro Atelier N11,Comprar Florero Puro Atelier N11 en Atelier Minimal Store.,active
hogar-decoracion-florero-puro-11,,,,,,,Tono / Acabado,Marron Tierra Pastel,ATL-HOG-111-M,450,shopify,50,deny,manual,71.0,,TRUE,TRUE,,,,,
hogar-decoracion-escultura-eco-12,Escultura Eco Atelier N12,<p>Exquisito escultura elaborado artesanalmente. Tonos pastel suaves en verde y marron natural para la armonia de tu espacio.</p>,Atelier Store,Decoracion y Hogar,"Decoracion y Hogar, Minimalist, Eco, Atelier",TRUE,Tono / Acabado,Verde Soft Natural,ATL-HOG-112-V,450,shopify,50,deny,manual,72.0,,TRUE,TRUE,,FALSE,Escultura Eco Atelier N12,Comprar Escultura Eco Atelier N12 en Atelier Minimal Store.,active
hogar-decoracion-escultura-eco-12,,,,,,,Tono / Acabado,Marron Tierra Pastel,ATL-HOG-112-M,450,shopify,50,deny,manual,75.5,,TRUE,TRUE,,,,,
hogar-decoracion-cuenco-decorativo-mate-13,Cuenco Decorativo Mate Atelier N13,<p>Exquisito cuenco decorativo elaborado artesanalmente. Tonos pastel suaves en verde y marron natural para la armonia de tu espacio.</p>,Atelier Store,Decoracion y Hogar,"Decoracion y Hogar, Minimalist, Eco, Atelier",TRUE,Tono / Acabado,Verde Soft Natural,ATL-HOG-113-V,450,shopify,50,deny,manual,76.5,,TRUE,TRUE,,FALSE,Cuenco Decorativo Mate Atelier N13,Comprar Cuenco Decorativo Mate Atelier N13 en Atelier Minimal Store.,active
hogar-decoracion-cuenco-decorativo-mate-13,,,,,,,Tono / Acabado,Marron Tierra Pastel,ATL-HOG-113-M,450,shopify,50,deny,manual,80.0,,TRUE,TRUE,,,,,
hogar-decoracion-bandeja-artesanal-14,Bandeja Artesanal Atelier N14,<p>Exquisito bandeja elaborado artesanalmente. Tonos pastel suaves en verde y marron natural para la armonia de tu espacio.</p>,Atelier Store,Decoracion y Hogar,"Decoracion y Hogar, Minimalist, Eco, Atelier",TRUE,Tono / Acabado,Verde Soft Natural,ATL-HOG-114-V,450,shopify,50,deny,manual,81.0,,TRUE,TRUE,,FALSE,Bandeja Artesanal Atelier N14,Comprar Bandeja Artesanal Atelier N14 en Atelier Minimal Store.,active
hogar-decoracion-bandeja-artesanal-14,,,,,,,Tono / Acabado,Marron Tierra Pastel,ATL-HOG-114-M,450,shopify,50,deny,manual,84.5,,TRUE,TRUE,,,,,
hogar-decoracion-jarron-organico-15,Jarron Organico Atelier N15,<p>Exquisito jarron elaborado artesanalmente. Tonos pastel suaves en verde y marron natural para la armonia de tu espacio.</p>,Atelier Store,Decoracion y Hogar,"Decoracion y Hogar, Minimalist, Eco, Atelier",TRUE,Tono / Acabado,Verde Soft Natural,ATL-HOG-115-V,450,shopify,50,deny,manual,85.5,,TRUE,TRUE,,FALSE,Jarron Organico Atelier N15,Comprar Jarron Organico Atelier N15 en Atelier Minimal Store.,active
hogar-decoracion-jarron-organico-15,,,,,,,Tono / Acabado,Marron Tierra Pastel,ATL-HOG-115-M,450,shopify,50,deny,manual,89.0,,TRUE,TRUE,,,,,
hogar-decoracion-florero-botanico-16,Florero Botanico Atelier N16,<p>Exquisito florero elaborado artesanalmente. Tonos pastel suaves en verde y marron natural para la armonia de tu espacio.</p>,Atelier Store,Decoracion y Hogar,"Decoracion y Hogar, Minimalist, Eco, Atelier",TRUE,Tono / Acabado,Verde Soft Natural,ATL-HOG-116-V,450,shopify,50,deny,manual,90.0,,TRUE,TRUE,,FALSE,Florero Botanico Atelier N16,Comprar Florero Botanico Atelier N16 en Atelier Minimal Store.,active
hogar-decoracion-florero-botanico-16,,,,,,,Tono / Acabado,Marron Tierra Pastel,ATL-HOG-116-M,450,shopify,50,deny,manual,93.5,,TRUE,TRUE,,,,,
hogar-decoracion-escultura-atelier-17,Escultura Atelier Atelier N17,<p>Exquisito escultura elaborado artesanalmente. Tonos pastel suaves en verde y marron natural para la armonia de tu espacio.</p>,Atelier Store,Decoracion y Hogar,"Decoracion y Hogar, Minimalist, Eco, Atelier",TRUE,Tono / Acabado,Verde Soft Natural,ATL-HOG-117-V,450,shopify,50,deny,manual,94.5,,TRUE,TRUE,,FALSE,Escultura Atelier Atelier N17,Comprar Escultura Atelier Atelier N17 en Atelier Minimal Store.,active
hogar-decoracion-escultura-atelier-17,,,,,,,Tono / Acabado,Marron Tierra Pastel,ATL-HOG-117-M,450,shopify,50,deny,manual,98.0,,TRUE,TRUE,,,,,
hogar-decoracion-cuenco-decorativo-pastel-18,Cuenco Decorativo Pastel Atelier N18,<p>Exquisito cuenco decorativo elaborado artesanalmente. Tonos pastel suaves en verde y marron natural para la armonia de tu espacio.</p>,Atelier Store,Decoracion y Hogar,"Decoracion y Hogar, Minimalist, Eco, Atelier",TRUE,Tono / Acabado,Verde Soft Natural,ATL-HOG-118-V,450,shopify,50,deny,manual,99.0,,TRUE,TRUE,,FALSE,Cuenco Decorativo Pastel Atelier N18,Comprar Cuenco Decorativo Pastel Atelier N18 en Atelier Minimal Store.,active
hogar-decoracion-cuenco-decorativo-pastel-18,,,,,,,Tono / Acabado,Marron Tierra Pastel,ATL-HOG-118-M,450,shopify,50,deny,manual,102.5,,TRUE,TRUE,,,,,
hogar-decoracion-bandeja-puro-19,Bandeja Puro Atelier N19,<p>Exquisito bandeja elaborado artesanalmente. Tonos pastel suaves en verde y marron natural para la armonia de tu espacio.</p>,Atelier Store,Decoracion y Hogar,"Decoracion y Hogar, Minimalist, Eco, Atelier",TRUE,Tono / Acabado,Verde Soft Natural,ATL-HOG-119-V,450,shopify,50,deny,manual,103.5,,TRUE,TRUE,,FALSE,Bandeja Puro Atelier N19,Comprar Bandeja Puro Atelier N19 en Atelier Minimal Store.,active
hogar-decoracion-bandeja-puro-19,,,,,,,Tono / Acabado,Marron Tierra Pastel,ATL-HOG-119-M,450,shopify,50,deny,manual,107.0,,TRUE,TRUE,,,,,
hogar-decoracion-jarron-eco-20,Jarron Eco Atelier N20,<p>Exquisito jarron elaborado artesanalmente. Tonos pastel suaves en verde y marron natural para la armonia de tu espacio.</p>,Atelier Store,Decoracion y Hogar,"Decoracion y Hogar, Minimalist, Eco, Atelier",TRUE,Tono / Acabado,Verde Soft Natural,ATL-HOG-120-V,450,shopify,50,deny,manual,108.0,,TRUE,TRUE,,FALSE,Jarron Eco Atelier N20,Comprar Jarron Eco Atelier N20 en Atelier Minimal Store.,active
hogar-decoracion-jarron-eco-20,,,,,,,Tono / Acabado,Marron Tierra Pastel,ATL-HOG-120-M,450,shopify,50,deny,manual,111.5,,TRUE,TRUE,,,,,
textiles-organicos-funda-de-cojin-puro-1,Funda de Cojin Puro Atelier N1,<p>Exquisito funda de cojin elaborado artesanalmente. Tonos pastel suaves en verde y marron natural para la armonia de tu espacio.</p>,Atelier Store,Textiles Organicos,"Textiles Organicos, Minimalist, Eco, Atelier",TRUE,Tono / Acabado,Verde Soft Natural,ATL-TEX-121-V,450,shopify,50,deny,manual,42.5,,TRUE,TRUE,,FALSE,Funda de Cojin Puro Atelier N1,Comprar Funda de Cojin Puro Atelier N1 en Atelier Minimal Store.,active
textiles-organicos-funda-de-cojin-puro-1,,,,,,,Tono / Acabado,Marron Tierra Pastel,ATL-TEX-121-M,450,shopify,50,deny,manual,46.0,,TRUE,TRUE,,,,,
textiles-organicos-sabana-eco-2,Sabana Eco Atelier N2,<p>Exquisito sabana elaborado artesanalmente. Tonos pastel suaves en verde y marron natural para la armonia de tu espacio.</p>,Atelier Store,Textiles Organicos,"Textiles Organicos, Minimalist, Eco, Atelier",TRUE,Tono / Acabado,Verde Soft Natural,ATL-TEX-122-V,450,shopify,50,deny,manual,47.0,,TRUE,TRUE,,FALSE,Sabana Eco Atelier N2,Comprar Sabana Eco Atelier N2 en Atelier Minimal Store.,active
textiles-organicos-sabana-eco-2,,,,,,,Tono / Acabado,Marron Tierra Pastel,ATL-TEX-122-M,450,shopify,50,deny,manual,50.5,,TRUE,TRUE,,,,,
textiles-organicos-edredon-mate-3,Edredon Mate Atelier N3,<p>Exquisito edredon elaborado artesanalmente. Tonos pastel suaves en verde y marron natural para la armonia de tu espacio.</p>,Atelier Store,Textiles Organicos,"Textiles Organicos, Minimalist, Eco, Atelier",TRUE,Tono / Acabado,Verde Soft Natural,ATL-TEX-123-V,450,shopify,50,deny,manual,51.5,,TRUE,TRUE,,FALSE,Edredon Mate Atelier N3,Comprar Edredon Mate Atelier N3 en Atelier Minimal Store.,active
textiles-organicos-edredon-mate-3,,,,,,,Tono / Acabado,Marron Tierra Pastel,ATL-TEX-123-M,450,shopify,50,deny,manual,55.0,,TRUE,TRUE,,,,,
textiles-organicos-camino-de-mesa-artesanal-4,Camino de Mesa Artesanal Atelier N4,<p>Exquisito camino de mesa elaborado artesanalmente. Tonos pastel suaves en verde y marron natural para la armonia de tu espacio.</p>,Atelier Store,Textiles Organicos,"Textiles Organicos, Minimalist, Eco, Atelier",TRUE,Tono / Acabado,Verde Soft Natural,ATL-TEX-124-V,450,shopify,50,deny,manual,56.0,,TRUE,TRUE,,FALSE,Camino de Mesa Artesanal Atelier N4,Comprar Camino de Mesa Artesanal Atelier N4 en Atelier Minimal Store.,active
textiles-organicos-camino-de-mesa-artesanal-4,,,,,,,Tono / Acabado,Marron Tierra Pastel,ATL-TEX-124-M,450,shopify,50,deny,manual,59.5,,TRUE,TRUE,,,,,
textiles-organicos-manta-organico-5,Manta Organico Atelier N5,<p>Exquisito manta elaborado artesanalmente. Tonos pastel suaves en verde y marron natural para la armonia de tu espacio.</p>,Atelier Store,Textiles Organicos,"Textiles Organicos, Minimalist, Eco, Atelier",TRUE,Tono / Acabado,Verde Soft Natural,ATL-TEX-125-V,450,shopify,50,deny,manual,35.5,,TRUE,TRUE,,FALSE,Manta Organico Atelier N5,Comprar Manta Organico Atelier N5 en Atelier Minimal Store.,active
textiles-organicos-manta-organico-5,,,,,,,Tono / Acabado,Marron Tierra Pastel,ATL-TEX-125-M,450,shopify,50,deny,manual,39.0,,TRUE,TRUE,,,,,
textiles-organicos-funda-de-cojin-botanico-6,Funda de Cojin Botanico Atelier N6,<p>Exquisito funda de cojin elaborado artesanalmente. Tonos pastel suaves en verde y marron natural para la armonia de tu espacio.</p>,Atelier Store,Textiles Organicos,"Textiles Organicos, Minimalist, Eco, Atelier",TRUE,Tono / Acabado,Verde Soft Natural,ATL-TEX-126-V,450,shopify,50,deny,manual,40.0,,TRUE,TRUE,,FALSE,Funda de Cojin Botanico Atelier N6,Comprar Funda de Cojin Botanico Atelier N6 en Atelier Minimal Store.,active
textiles-organicos-funda-de-cojin-botanico-6,,,,,,,Tono / Acabado,Marron Tierra Pastel,ATL-TEX-126-M,450,shopify,50,deny,manual,43.5,,TRUE,TRUE,,,,,
textiles-organicos-sabana-atelier-7,Sabana Atelier Atelier N7,<p>Exquisito sabana elaborado artesanalmente. Tonos pastel suaves en verde y marron natural para la armonia de tu espacio.</p>,Atelier Store,Textiles Organicos,"Textiles Organicos, Minimalist, Eco, Atelier",TRUE,Tono / Acabado,Verde Soft Natural,ATL-TEX-127-V,450,shopify,50,deny,manual,44.5,,TRUE,TRUE,,FALSE,Sabana Atelier Atelier N7,Comprar Sabana Atelier Atelier N7 en Atelier Minimal Store.,active
textiles-organicos-sabana-atelier-7,,,,,,,Tono / Acabado,Marron Tierra Pastel,ATL-TEX-127-M,450,shopify,50,deny,manual,48.0,,TRUE,TRUE,,,,,
textiles-organicos-edredon-pastel-8,Edredon Pastel Atelier N8,<p>Exquisito edredon elaborado artesanalmente. Tonos pastel suaves en verde y marron natural para la armonia de tu espacio.</p>,Atelier Store,Textiles Organicos,"Textiles Organicos, Minimalist, Eco, Atelier",TRUE,Tono / Acabado,Verde Soft Natural,ATL-TEX-128-V,450,shopify,50,deny,manual,49.0,,TRUE,TRUE,,FALSE,Edredon Pastel Atelier N8,Comprar Edredon Pastel Atelier N8 en Atelier Minimal Store.,active
textiles-organicos-edredon-pastel-8,,,,,,,Tono / Acabado,Marron Tierra Pastel,ATL-TEX-128-M,450,shopify,50,deny,manual,52.5,,TRUE,TRUE,,,,,
textiles-organicos-camino-de-mesa-puro-9,Camino de Mesa Puro Atelier N9,<p>Exquisito camino de mesa elaborado artesanalmente. Tonos pastel suaves en verde y marron natural para la armonia de tu espacio.</p>,Atelier Store,Textiles Organicos,"Textiles Organicos, Minimalist, Eco, Atelier",TRUE,Tono / Acabado,Verde Soft Natural,ATL-TEX-129-V,450,shopify,50,deny,manual,53.5,,TRUE,TRUE,,FALSE,Camino de Mesa Puro Atelier N9,Comprar Camino de Mesa Puro Atelier N9 en Atelier Minimal Store.,active
textiles-organicos-camino-de-mesa-puro-9,,,,,,,Tono / Acabado,Marron Tierra Pastel,ATL-TEX-129-M,450,shopify,50,deny,manual,57.0,,TRUE,TRUE,,,,,
textiles-organicos-manta-eco-10,Manta Eco Atelier N10,<p>Exquisito manta elaborado artesanalmente. Tonos pastel suaves en verde y marron natural para la armonia de tu espacio.</p>,Atelier Store,Textiles Organicos,"Textiles Organicos, Minimalist, Eco, Atelier",TRUE,Tono / Acabado,Verde Soft Natural,ATL-TEX-130-V,450,shopify,50,deny,manual,58.0,,TRUE,TRUE,,FALSE,Manta Eco Atelier N10,Comprar Manta Eco Atelier N10 en Atelier Minimal Store.,active
textiles-organicos-manta-eco-10,,,,,,,Tono / Acabado,Marron Tierra Pastel,ATL-TEX-130-M,450,shopify,50,deny,manual,61.5,,TRUE,TRUE,,,,,
textiles-organicos-funda-de-cojin-mate-11,Funda de Cojin Mate Atelier N11,<p>Exquisito funda de cojin elaborado artesanalmente. Tonos pastel suaves en verde y marron natural para la armonia de tu espacio.</p>,Atelier Store,Textiles Organicos,"Textiles Organicos, Minimalist, Eco, Atelier",TRUE,Tono / Acabado,Verde Soft Natural,ATL-TEX-131-V,450,shopify,50,deny,manual,62.5,,TRUE,TRUE,,FALSE,Funda de Cojin Mate Atelier N11,Comprar Funda de Cojin Mate Atelier N11 en Atelier Minimal Store.,active
textiles-organicos-funda-de-cojin-mate-11,,,,,,,Tono / Acabado,Marron Tierra Pastel,ATL-TEX-131-M,450,shopify,50,deny,manual,66.0,,TRUE,TRUE,,,,,
textiles-organicos-sabana-artesanal-12,Sabana Artesanal Atelier N12,<p>Exquisito sabana elaborado artesanalmente. Tonos pastel suaves en verde y marron natural para la armonia de tu espacio.</p>,Atelier Store,Textiles Organicos,"Textiles Organicos, Minimalist, Eco, Atelier",TRUE,Tono / Acabado,Verde Soft Natural,ATL-TEX-132-V,450,shopify,50,deny,manual,67.0,,TRUE,TRUE,,FALSE,Sabana Artesanal Atelier N12,Comprar Sabana Artesanal Atelier N12 en Atelier Minimal Store.,active
textiles-organicos-sabana-artesanal-12,,,,,,,Tono / Acabado,Marron Tierra Pastel,ATL-TEX-132-M,450,shopify,50,deny,manual,70.5,,TRUE,TRUE,,,,,
textiles-organicos-edredon-organico-13,Edredon Organico Atelier N13,<p>Exquisito edredon elaborado artesanalmente. Tonos pastel suaves en verde y marron natural para la armonia de tu espacio.</p>,Atelier Store,Textiles Organicos,"Textiles Organicos, Minimalist, Eco, Atelier",TRUE,Tono / Acabado,Verde Soft Natural,ATL-TEX-133-V,450,shopify,50,deny,manual,71.5,,TRUE,TRUE,,FALSE,Edredon Organico Atelier N13,Comprar Edredon Organico Atelier N13 en Atelier Minimal Store.,active
textiles-organicos-edredon-organico-13,,,,,,,Tono / Acabado,Marron Tierra Pastel,ATL-TEX-133-M,450,shopify,50,deny,manual,75.0,,TRUE,TRUE,,,,,
textiles-organicos-camino-de-mesa-botanico-14,Camino de Mesa Botanico Atelier N14,<p>Exquisito camino de mesa elaborado artesanalmente. Tonos pastel suaves en verde y marron natural para la armonia de tu espacio.</p>,Atelier Store,Textiles Organicos,"Textiles Organicos, Minimalist, Eco, Atelier",TRUE,Tono / Acabado,Verde Soft Natural,ATL-TEX-134-V,450,shopify,50,deny,manual,76.0,,TRUE,TRUE,,FALSE,Camino de Mesa Botanico Atelier N14,Comprar Camino de Mesa Botanico Atelier N14 en Atelier Minimal Store.,active
textiles-organicos-camino-de-mesa-botanico-14,,,,,,,Tono / Acabado,Marron Tierra Pastel,ATL-TEX-134-M,450,shopify,50,deny,manual,79.5,,TRUE,TRUE,,,,,
textiles-organicos-manta-atelier-15,Manta Atelier Atelier N15,<p>Exquisito manta elaborado artesanalmente. Tonos pastel suaves en verde y marron natural para la armonia de tu espacio.</p>,Atelier Store,Textiles Organicos,"Textiles Organicos, Minimalist, Eco, Atelier",TRUE,Tono / Acabado,Verde Soft Natural,ATL-TEX-135-V,450,shopify,50,deny,manual,80.5,,TRUE,TRUE,,FALSE,Manta Atelier Atelier N15,Comprar Manta Atelier Atelier N15 en Atelier Minimal Store.,active
textiles-organicos-manta-atelier-15,,,,,,,Tono / Acabado,Marron Tierra Pastel,ATL-TEX-135-M,450,shopify,50,deny,manual,84.0,,TRUE,TRUE,,,,,
textiles-organicos-funda-de-cojin-pastel-16,Funda de Cojin Pastel Atelier N16,<p>Exquisito funda de cojin elaborado artesanalmente. Tonos pastel suaves en verde y marron natural para la armonia de tu espacio.</p>,Atelier Store,Textiles Organicos,"Textiles Organicos, Minimalist, Eco, Atelier",TRUE,Tono / Acabado,Verde Soft Natural,ATL-TEX-136-V,450,shopify,50,deny,manual,85.0,,TRUE,TRUE,,FALSE,Funda de Cojin Pastel Atelier N16,Comprar Funda de Cojin Pastel Atelier N16 en Atelier Minimal Store.,active
textiles-organicos-funda-de-cojin-pastel-16,,,,,,,Tono / Acabado,Marron Tierra Pastel,ATL-TEX-136-M,450,shopify,50,deny,manual,88.5,,TRUE,TRUE,,,,,
textiles-organicos-sabana-puro-17,Sabana Puro Atelier N17,<p>Exquisito sabana elaborado artesanalmente. Tonos pastel suaves en verde y marron natural para la armonia de tu espacio.</p>,Atelier Store,Textiles Organicos,"Textiles Organicos, Minimalist, Eco, Atelier",TRUE,Tono / Acabado,Verde Soft Natural,ATL-TEX-137-V,450,shopify,50,deny,manual,89.5,,TRUE,TRUE,,FALSE,Sabana Puro Atelier N17,Comprar Sabana Puro Atelier N17 en Atelier Minimal Store.,active
textiles-organicos-sabana-puro-17,,,,,,,Tono / Acabado,Marron Tierra Pastel,ATL-TEX-137-M,450,shopify,50,deny,manual,93.0,,TRUE,TRUE,,,,,
textiles-organicos-edredon-eco-18,Edredon Eco Atelier N18,<p>Exquisito edredon elaborado artesanalmente. Tonos pastel suaves en verde y marron natural para la armonia de tu espacio.</p>,Atelier Store,Textiles Organicos,"Textiles Organicos, Minimalist, Eco, Atelier",TRUE,Tono / Acabado,Verde Soft Natural,ATL-TEX-138-V,450,shopify,50,deny,manual,94.0,,TRUE,TRUE,,FALSE,Edredon Eco Atelier N18,Comprar Edredon Eco Atelier N18 en Atelier Minimal Store.,active
textiles-organicos-edredon-eco-18,,,,,,,Tono / Acabado,Marron Tierra Pastel,ATL-TEX-138-M,450,shopify,50,deny,manual,97.5,,TRUE,TRUE,,,,,
textiles-organicos-camino-de-mesa-mate-19,Camino de Mesa Mate Atelier N19,<p>Exquisito camino de mesa elaborado artesanalmente. Tonos pastel suaves en verde y marron natural para la armonia de tu espacio.</p>,Atelier Store,Textiles Organicos,"Textiles Organicos, Minimalist, Eco, Atelier",TRUE,Tono / Acabado,Verde Soft Natural,ATL-TEX-139-V,450,shopify,50,deny,manual,98.5,,TRUE,TRUE,,FALSE,Camino de Mesa Mate Atelier N19,Comprar Camino de Mesa Mate Atelier N19 en Atelier Minimal Store.,active
textiles-organicos-camino-de-mesa-mate-19,,,,,,,Tono / Acabado,Marron Tierra Pastel,ATL-TEX-139-M,450,shopify,50,deny,manual,102.0,,TRUE,TRUE,,,,,
textiles-organicos-manta-artesanal-20,Manta Artesanal Atelier N20,<p>Exquisito manta elaborado artesanalmente. Tonos pastel suaves en verde y marron natural para la armonia de tu espacio.</p>,Atelier Store,Textiles Organicos,"Textiles Organicos, Minimalist, Eco, Atelier",TRUE,Tono / Acabado,Verde Soft Natural,ATL-TEX-140-V,450,shopify,50,deny,manual,103.0,,TRUE,TRUE,,FALSE,Manta Artesanal Atelier N20,Comprar Manta Artesanal Atelier N20 en Atelier Minimal Store.,active
textiles-organicos-manta-artesanal-20,,,,,,,Tono / Acabado,Marron Tierra Pastel,ATL-TEX-140-M,450,shopify,50,deny,manual,106.5,,TRUE,TRUE,,,,,
cuidado-personal-crema-hidratante-mate-1,Crema Hidratante Mate Atelier N1,<p>Exquisito crema hidratante elaborado artesanalmente. Tonos pastel suaves en verde y marron natural para la armonia de tu espacio.</p>,Atelier Store,Cuidado Personal,"Cuidado Personal, Minimalist, Eco, Atelier",TRUE,Tono / Acabado,Verde Soft Natural,ATL-CUI-141-V,450,shopify,50,deny,manual,37.5,,TRUE,TRUE,,FALSE,Crema Hidratante Mate Atelier N1,Comprar Crema Hidratante Mate Atelier N1 en Atelier Minimal Store.,active
cuidado-personal-crema-hidratante-mate-1,,,,,,,Tono / Acabado,Marron Tierra Pastel,ATL-CUI-141-M,450,shopify,50,deny,manual,41.0,,TRUE,TRUE,,,,,
cuidado-personal-jabon-botanico-artesanal-2,Jabon Botanico Artesanal Atelier N2,<p>Exquisito jabon botanico elaborado artesanalmente. Tonos pastel suaves en verde y marron natural para la armonia de tu espacio.</p>,Atelier Store,Cuidado Personal,"Cuidado Personal, Minimalist, Eco, Atelier",TRUE,Tono / Acabado,Verde Soft Natural,ATL-CUI-142-V,450,shopify,50,deny,manual,42.0,,TRUE,TRUE,,FALSE,Jabon Botanico Artesanal Atelier N2,Comprar Jabon Botanico Artesanal Atelier N2 en Atelier Minimal Store.,active
cuidado-personal-jabon-botanico-artesanal-2,,,,,,,Tono / Acabado,Marron Tierra Pastel,ATL-CUI-142-M,450,shopify,50,deny,manual,45.5,,TRUE,TRUE,,,,,
cuidado-personal-aceite-corporal-organico-3,Aceite Corporal Organico Atelier N3,<p>Exquisito aceite corporal elaborado artesanalmente. Tonos pastel suaves en verde y marron natural para la armonia de tu espacio.</p>,Atelier Store,Cuidado Personal,"Cuidado Personal, Minimalist, Eco, Atelier",TRUE,Tono / Acabado,Verde Soft Natural,ATL-CUI-143-V,450,shopify,50,deny,manual,46.5,,TRUE,TRUE,,FALSE,Aceite Corporal Organico Atelier N3,Comprar Aceite Corporal Organico Atelier N3 en Atelier Minimal Store.,active
cuidado-personal-aceite-corporal-organico-3,,,,,,,Tono / Acabado,Marron Tierra Pastel,ATL-CUI-143-M,450,shopify,50,deny,manual,50.0,,TRUE,TRUE,,,,,
cuidado-personal-balsamo-labial-botanico-4,Balsamo Labial Botanico Atelier N4,<p>Exquisito balsamo labial elaborado artesanalmente. Tonos pastel suaves en verde y marron natural para la armonia de tu espacio.</p>,Atelier Store,Cuidado Personal,"Cuidado Personal, Minimalist, Eco, Atelier",TRUE,Tono / Acabado,Verde Soft Natural,ATL-CUI-144-V,450,shopify,50,deny,manual,51.0,,TRUE,TRUE,,FALSE,Balsamo Labial Botanico Atelier N4,Comprar Balsamo Labial Botanico Atelier N4 en Atelier Minimal Store.,active
cuidado-personal-balsamo-labial-botanico-4,,,,,,,Tono / Acabado,Marron Tierra Pastel,ATL-CUI-144-M,450,shopify,50,deny,manual,54.5,,TRUE,TRUE,,,,,
cuidado-personal-serum-facial-atelier-5,Serum Facial Atelier Atelier N5,<p>Exquisito serum facial elaborado artesanalmente. Tonos pastel suaves en verde y marron natural para la armonia de tu espacio.</p>,Atelier Store,Cuidado Personal,"Cuidado Personal, Minimalist, Eco, Atelier",TRUE,Tono / Acabado,Verde Soft Natural,ATL-CUI-145-V,450,shopify,50,deny,manual,55.5,,TRUE,TRUE,,FALSE,Serum Facial Atelier Atelier N5,Comprar Serum Facial Atelier Atelier N5 en Atelier Minimal Store.,active
cuidado-personal-serum-facial-atelier-5,,,,,,,Tono / Acabado,Marron Tierra Pastel,ATL-CUI-145-M,450,shopify,50,deny,manual,59.0,,TRUE,TRUE,,,,,
cuidado-personal-crema-hidratante-pastel-6,Crema Hidratante Pastel Atelier N6,<p>Exquisito crema hidratante elaborado artesanalmente. Tonos pastel suaves en verde y marron natural para la armonia de tu espacio.</p>,Atelier Store,Cuidado Personal,"Cuidado Personal, Minimalist, Eco, Atelier",TRUE,Tono / Acabado,Verde Soft Natural,ATL-CUI-146-V,450,shopify,50,deny,manual,60.0,,TRUE,TRUE,,FALSE,Crema Hidratante Pastel Atelier N6,Comprar Crema Hidratante Pastel Atelier N6 en Atelier Minimal Store.,active
cuidado-personal-crema-hidratante-pastel-6,,,,,,,Tono / Acabado,Marron Tierra Pastel,ATL-CUI-146-M,450,shopify,50,deny,manual,63.5,,TRUE,TRUE,,,,,
cuidado-personal-jabon-botanico-puro-7,Jabon Botanico Puro Atelier N7,<p>Exquisito jabon botanico elaborado artesanalmente. Tonos pastel suaves en verde y marron natural para la armonia de tu espacio.</p>,Atelier Store,Cuidado Personal,"Cuidado Personal, Minimalist, Eco, Atelier",TRUE,Tono / Acabado,Verde Soft Natural,ATL-CUI-147-V,450,shopify,50,deny,manual,64.5,,TRUE,TRUE,,FALSE,Jabon Botanico Puro Atelier N7,Comprar Jabon Botanico Puro Atelier N7 en Atelier Minimal Store.,active
cuidado-personal-jabon-botanico-puro-7,,,,,,,Tono / Acabado,Marron Tierra Pastel,ATL-CUI-147-M,450,shopify,50,deny,manual,68.0,,TRUE,TRUE,,,,,
cuidado-personal-aceite-corporal-eco-8,Aceite Corporal Eco Atelier N8,<p>Exquisito aceite corporal elaborado artesanalmente. Tonos pastel suaves en verde y marron natural para la armonia de tu espacio.</p>,Atelier Store,Cuidado Personal,"Cuidado Personal, Minimalist, Eco, Atelier",TRUE,Tono / Acabado,Verde Soft Natural,ATL-CUI-148-V,450,shopify,50,deny,manual,69.0,,TRUE,TRUE,,FALSE,Aceite Corporal Eco Atelier N8,Comprar Aceite Corporal Eco Atelier N8 en Atelier Minimal Store.,active
cuidado-personal-aceite-corporal-eco-8,,,,,,,Tono / Acabado,Marron Tierra Pastel,ATL-CUI-148-M,450,shopify,50,deny,manual,72.5,,TRUE,TRUE,,,,,
cuidado-personal-balsamo-labial-mate-9,Balsamo Labial Mate Atelier N9,<p>Exquisito balsamo labial elaborado artesanalmente. Tonos pastel suaves en verde y marron natural para la armonia de tu espacio.</p>,Atelier Store,Cuidado Personal,"Cuidado Personal, Minimalist, Eco, Atelier",TRUE,Tono / Acabado,Verde Soft Natural,ATL-CUI-149-V,450,shopify,50,deny,manual,73.5,,TRUE,TRUE,,FALSE,Balsamo Labial Mate Atelier N9,Comprar Balsamo Labial Mate Atelier N9 en Atelier Minimal Store.,active
cuidado-personal-balsamo-labial-mate-9,,,,,,,Tono / Acabado,Marron Tierra Pastel,ATL-CUI-149-M,450,shopify,50,deny,manual,77.0,,TRUE,TRUE,,,,,
cuidado-personal-serum-facial-artesanal-10,Serum Facial Artesanal Atelier N10,<p>Exquisito serum facial elaborado artesanalmente. Tonos pastel suaves en verde y marron natural para la armonia de tu espacio.</p>,Atelier Store,Cuidado Personal,"Cuidado Personal, Minimalist, Eco, Atelier",TRUE,Tono / Acabado,Verde Soft Natural,ATL-CUI-150-V,450,shopify,50,deny,manual,53.0,,TRUE,TRUE,,FALSE,Serum Facial Artesanal Atelier N10,Comprar Serum Facial Artesanal Atelier N10 en Atelier Minimal Store.,active
cuidado-personal-serum-facial-artesanal-10,,,,,,,Tono / Acabado,Marron Tierra Pastel,ATL-CUI-150-M,450,shopify,50,deny,manual,56.5,,TRUE,TRUE,,,,,
cuidado-personal-crema-hidratante-organico-11,Crema Hidratante Organico Atelier N11,<p>Exquisito crema hidratante elaborado artesanalmente. Tonos pastel suaves en verde y marron natural para la armonia de tu espacio.</p>,Atelier Store,Cuidado Personal,"Cuidado Personal, Minimalist, Eco, Atelier",TRUE,Tono / Acabado,Verde Soft Natural,ATL-CUI-151-V,450,shopify,50,deny,manual,57.5,,TRUE,TRUE,,FALSE,Crema Hidratante Organico Atelier N11,Comprar Crema Hidratante Organico Atelier N11 en Atelier Minimal Store.,active
cuidado-personal-crema-hidratante-organico-11,,,,,,,Tono / Acabado,Marron Tierra Pastel,ATL-CUI-151-M,450,shopify,50,deny,manual,61.0,,TRUE,TRUE,,,,,
cuidado-personal-jabon-botanico-botanico-12,Jabon Botanico Botanico Atelier N12,<p>Exquisito jabon botanico elaborado artesanalmente. Tonos pastel suaves en verde y marron natural para la armonia de tu espacio.</p>,Atelier Store,Cuidado Personal,"Cuidado Personal, Minimalist, Eco, Atelier",TRUE,Tono / Acabado,Verde Soft Natural,ATL-CUI-152-V,450,shopify,50,deny,manual,62.0,,TRUE,TRUE,,FALSE,Jabon Botanico Botanico Atelier N12,Comprar Jabon Botanico Botanico Atelier N12 en Atelier Minimal Store.,active
cuidado-personal-jabon-botanico-botanico-12,,,,,,,Tono / Acabado,Marron Tierra Pastel,ATL-CUI-152-M,450,shopify,50,deny,manual,65.5,,TRUE,TRUE,,,,,
cuidado-personal-aceite-corporal-atelier-13,Aceite Corporal Atelier Atelier N13,<p>Exquisito aceite corporal elaborado artesanalmente. Tonos pastel suaves en verde y marron natural para la armonia de tu espacio.</p>,Atelier Store,Cuidado Personal,"Cuidado Personal, Minimalist, Eco, Atelier",TRUE,Tono / Acabado,Verde Soft Natural,ATL-CUI-153-V,450,shopify,50,deny,manual,66.5,,TRUE,TRUE,,FALSE,Aceite Corporal Atelier Atelier N13,Comprar Aceite Corporal Atelier Atelier N13 en Atelier Minimal Store.,active
cuidado-personal-aceite-corporal-atelier-13,,,,,,,Tono / Acabado,Marron Tierra Pastel,ATL-CUI-153-M,450,shopify,50,deny,manual,70.0,,TRUE,TRUE,,,,,
cuidado-personal-balsamo-labial-pastel-14,Balsamo Labial Pastel Atelier N14,<p>Exquisito balsamo labial elaborado artesanalmente. Tonos pastel suaves en verde y marron natural para la armonia de tu espacio.</p>,Atelier Store,Cuidado Personal,"Cuidado Personal, Minimalist, Eco, Atelier",TRUE,Tono / Acabado,Verde Soft Natural,ATL-CUI-154-V,450,shopify,50,deny,manual,71.0,,TRUE,TRUE,,FALSE,Balsamo Labial Pastel Atelier N14,Comprar Balsamo Labial Pastel Atelier N14 en Atelier Minimal Store.,active
cuidado-personal-balsamo-labial-pastel-14,,,,,,,Tono / Acabado,Marron Tierra Pastel,ATL-CUI-154-M,450,shopify,50,deny,manual,74.5,,TRUE,TRUE,,,,,
cuidado-personal-serum-facial-puro-15,Serum Facial Puro Atelier N15,<p>Exquisito serum facial elaborado artesanalmente. Tonos pastel suaves en verde y marron natural para la armonia de tu espacio.</p>,Atelier Store,Cuidado Personal,"Cuidado Personal, Minimalist, Eco, Atelier",TRUE,Tono / Acabado,Verde Soft Natural,ATL-CUI-155-V,450,shopify,50,deny,manual,75.5,,TRUE,TRUE,,FALSE,Serum Facial Puro Atelier N15,Comprar Serum Facial Puro Atelier N15 en Atelier Minimal Store.,active
cuidado-personal-serum-facial-puro-15,,,,,,,Tono / Acabado,Marron Tierra Pastel,ATL-CUI-155-M,450,shopify,50,deny,manual,79.0,,TRUE,TRUE,,,,,
cuidado-personal-crema-hidratante-eco-16,Crema Hidratante Eco Atelier N16,<p>Exquisito crema hidratante elaborado artesanalmente. Tonos pastel suaves en verde y marron natural para la armonia de tu espacio.</p>,Atelier Store,Cuidado Personal,"Cuidado Personal, Minimalist, Eco, Atelier",TRUE,Tono / Acabado,Verde Soft Natural,ATL-CUI-156-V,450,shopify,50,deny,manual,80.0,,TRUE,TRUE,,FALSE,Crema Hidratante Eco Atelier N16,Comprar Crema Hidratante Eco Atelier N16 en Atelier Minimal Store.,active
cuidado-personal-crema-hidratante-eco-16,,,,,,,Tono / Acabado,Marron Tierra Pastel,ATL-CUI-156-M,450,shopify,50,deny,manual,83.5,,TRUE,TRUE,,,,,
cuidado-personal-jabon-botanico-mate-17,Jabon Botanico Mate Atelier N17,<p>Exquisito jabon botanico elaborado artesanalmente. Tonos pastel suaves en verde y marron natural para la armonia de tu espacio.</p>,Atelier Store,Cuidado Personal,"Cuidado Personal, Minimalist, Eco, Atelier",TRUE,Tono / Acabado,Verde Soft Natural,ATL-CUI-157-V,450,shopify,50,deny,manual,84.5,,TRUE,TRUE,,FALSE,Jabon Botanico Mate Atelier N17,Comprar Jabon Botanico Mate Atelier N17 en Atelier Minimal Store.,active
cuidado-personal-jabon-botanico-mate-17,,,,,,,Tono / Acabado,Marron Tierra Pastel,ATL-CUI-157-M,450,shopify,50,deny,manual,88.0,,TRUE,TRUE,,,,,
cuidado-personal-aceite-corporal-artesanal-18,Aceite Corporal Artesanal Atelier N18,<p>Exquisito aceite corporal elaborado artesanalmente. Tonos pastel suaves en verde y marron natural para la armonia de tu espacio.</p>,Atelier Store,Cuidado Personal,"Cuidado Personal, Minimalist, Eco, Atelier",TRUE,Tono / Acabado,Verde Soft Natural,ATL-CUI-158-V,450,shopify,50,deny,manual,89.0,,TRUE,TRUE,,FALSE,Aceite Corporal Artesanal Atelier N18,Comprar Aceite Corporal Artesanal Atelier N18 en Atelier Minimal Store.,active
cuidado-personal-aceite-corporal-artesanal-18,,,,,,,Tono / Acabado,Marron Tierra Pastel,ATL-CUI-158-M,450,shopify,50,deny,manual,92.5,,TRUE,TRUE,,,,,
cuidado-personal-balsamo-labial-organico-19,Balsamo Labial Organico Atelier N19,<p>Exquisito balsamo labial elaborado artesanalmente. Tonos pastel suaves en verde y marron natural para la armonia de tu espacio.</p>,Atelier Store,Cuidado Personal,"Cuidado Personal, Minimalist, Eco, Atelier",TRUE,Tono / Acabado,Verde Soft Natural,ATL-CUI-159-V,450,shopify,50,deny,manual,93.5,,TRUE,TRUE,,FALSE,Balsamo Labial Organico Atelier N19,Comprar Balsamo Labial Organico Atelier N19 en Atelier Minimal Store.,active
cuidado-personal-balsamo-labial-organico-19,,,,,,,Tono / Acabado,Marron Tierra Pastel,ATL-CUI-159-M,450,shopify,50,deny,manual,97.0,,TRUE,TRUE,,,,,
cuidado-personal-serum-facial-botanico-20,Serum Facial Botanico Atelier N20,<p>Exquisito serum facial elaborado artesanalmente. Tonos pastel suaves en verde y marron natural para la armonia de tu espacio.</p>,Atelier Store,Cuidado Personal,"Cuidado Personal, Minimalist, Eco, Atelier",TRUE,Tono / Acabado,Verde Soft Natural,ATL-CUI-160-V,450,shopify,50,deny,manual,98.0,,TRUE,TRUE,,FALSE,Serum Facial Botanico Atelier N20,Comprar Serum Facial Botanico Atelier N20 en Atelier Minimal Store.,active
cuidado-personal-serum-facial-botanico-20,,,,,,,Tono / Acabado,Marron Tierra Pastel,ATL-CUI-160-M,450,shopify,50,deny,manual,101.5,,TRUE,TRUE,,,,,
velas-aromas-difusor-de-varillas-organico-1,Difusor de Varillas Organico Atelier N1,<p>Exquisito difusor de varillas elaborado artesanalmente. Tonos pastel suaves en verde y marron natural para la armonia de tu espacio.</p>,Atelier Store,Velas y Aromaterapia,"Velas y Aromaterapia, Minimalist, Eco, Atelier",TRUE,Tono / Acabado,Verde Soft Natural,ATL-VEL-161-V,450,shopify,50,deny,manual,32.5,,TRUE,TRUE,,FALSE,Difusor de Varillas Organico Atelier N1,Comprar Difusor de Varillas Organico Atelier N1 en Atelier Minimal Store.,active
velas-aromas-difusor-de-varillas-organico-1,,,,,,,Tono / Acabado,Marron Tierra Pastel,ATL-VEL-161-M,450,shopify,50,deny,manual,36.0,,TRUE,TRUE,,,,,
velas-aromas-incienso-natural-botanico-2,Incienso Natural Botanico Atelier N2,<p>Exquisito incienso natural elaborado artesanalmente. Tonos pastel suaves en verde y marron natural para la armonia de tu espacio.</p>,Atelier Store,Velas y Aromaterapia,"Velas y Aromaterapia, Minimalist, Eco, Atelier",TRUE,Tono / Acabado,Verde Soft Natural,ATL-VEL-162-V,450,shopify,50,deny,manual,37.0,,TRUE,TRUE,,FALSE,Incienso Natural Botanico Atelier N2,Comprar Incienso Natural Botanico Atelier N2 en Atelier Minimal Store.,active
velas-aromas-incienso-natural-botanico-2,,,,,,,Tono / Acabado,Marron Tierra Pastel,ATL-VEL-162-M,450,shopify,50,deny,manual,40.5,,TRUE,TRUE,,,,,
velas-aromas-spray-de-almohada-atelier-3,Spray de Almohada Atelier Atelier N3,<p>Exquisito spray de almohada elaborado artesanalmente. Tonos pastel suaves en verde y marron natural para la armonia de tu espacio.</p>,Atelier Store,Velas y Aromaterapia,"Velas y Aromaterapia, Minimalist, Eco, Atelier",TRUE,Tono / Acabado,Verde Soft Natural,ATL-VEL-163-V,450,shopify,50,deny,manual,41.5,,TRUE,TRUE,,FALSE,Spray de Almohada Atelier Atelier N3,Comprar Spray de Almohada Atelier Atelier N3 en Atelier Minimal Store.,active
velas-aromas-spray-de-almohada-atelier-3,,,,,,,Tono / Acabado,Marron Tierra Pastel,ATL-VEL-163-M,450,shopify,50,deny,manual,45.0,,TRUE,TRUE,,,,,
velas-aromas-cera-aromatica-pastel-4,Cera Aromatica Pastel Atelier N4,<p>Exquisito cera aromatica elaborado artesanalmente. Tonos pastel suaves en verde y marron natural para la armonia de tu espacio.</p>,Atelier Store,Velas y Aromaterapia,"Velas y Aromaterapia, Minimalist, Eco, Atelier",TRUE,Tono / Acabado,Verde Soft Natural,ATL-VEL-164-V,450,shopify,50,deny,manual,46.0,,TRUE,TRUE,,FALSE,Cera Aromatica Pastel Atelier N4,Comprar Cera Aromatica Pastel Atelier N4 en Atelier Minimal Store.,active
velas-aromas-cera-aromatica-pastel-4,,,,,,,Tono / Acabado,Marron Tierra Pastel,ATL-VEL-164-M,450,shopify,50,deny,manual,49.5,,TRUE,TRUE,,,,,
velas-aromas-vela-de-soja-puro-5,Vela de Soja Puro Atelier N5,<p>Exquisito vela de soja elaborado artesanalmente. Tonos pastel suaves en verde y marron natural para la armonia de tu espacio.</p>,Atelier Store,Velas y Aromaterapia,"Velas y Aromaterapia, Minimalist, Eco, Atelier",TRUE,Tono / Acabado,Verde Soft Natural,ATL-VEL-165-V,450,shopify,50,deny,manual,50.5,,TRUE,TRUE,,FALSE,Vela de Soja Puro Atelier N5,Comprar Vela de Soja Puro Atelier N5 en Atelier Minimal Store.,active
velas-aromas-vela-de-soja-puro-5,,,,,,,Tono / Acabado,Marron Tierra Pastel,ATL-VEL-165-M,450,shopify,50,deny,manual,54.0,,TRUE,TRUE,,,,,
velas-aromas-difusor-de-varillas-eco-6,Difusor de Varillas Eco Atelier N6,<p>Exquisito difusor de varillas elaborado artesanalmente. Tonos pastel suaves en verde y marron natural para la armonia de tu espacio.</p>,Atelier Store,Velas y Aromaterapia,"Velas y Aromaterapia, Minimalist, Eco, Atelier",TRUE,Tono / Acabado,Verde Soft Natural,ATL-VEL-166-V,450,shopify,50,deny,manual,55.0,,TRUE,TRUE,,FALSE,Difusor de Varillas Eco Atelier N6,Comprar Difusor de Varillas Eco Atelier N6 en Atelier Minimal Store.,active
velas-aromas-difusor-de-varillas-eco-6,,,,,,,Tono / Acabado,Marron Tierra Pastel,ATL-VEL-166-M,450,shopify,50,deny,manual,58.5,,TRUE,TRUE,,,,,
velas-aromas-incienso-natural-mate-7,Incienso Natural Mate Atelier N7,<p>Exquisito incienso natural elaborado artesanalmente. Tonos pastel suaves en verde y marron natural para la armonia de tu espacio.</p>,Atelier Store,Velas y Aromaterapia,"Velas y Aromaterapia, Minimalist, Eco, Atelier",TRUE,Tono / Acabado,Verde Soft Natural,ATL-VEL-167-V,450,shopify,50,deny,manual,59.5,,TRUE,TRUE,,FALSE,Incienso Natural Mate Atelier N7,Comprar Incienso Natural Mate Atelier N7 en Atelier Minimal Store.,active
velas-aromas-incienso-natural-mate-7,,,,,,,Tono / Acabado,Marron Tierra Pastel,ATL-VEL-167-M,450,shopify,50,deny,manual,63.0,,TRUE,TRUE,,,,,
velas-aromas-spray-de-almohada-artesanal-8,Spray de Almohada Artesanal Atelier N8,<p>Exquisito spray de almohada elaborado artesanalmente. Tonos pastel suaves en verde y marron natural para la armonia de tu espacio.</p>,Atelier Store,Velas y Aromaterapia,"Velas y Aromaterapia, Minimalist, Eco, Atelier",TRUE,Tono / Acabado,Verde Soft Natural,ATL-VEL-168-V,450,shopify,50,deny,manual,64.0,,TRUE,TRUE,,FALSE,Spray de Almohada Artesanal Atelier N8,Comprar Spray de Almohada Artesanal Atelier N8 en Atelier Minimal Store.,active
velas-aromas-spray-de-almohada-artesanal-8,,,,,,,Tono / Acabado,Marron Tierra Pastel,ATL-VEL-168-M,450,shopify,50,deny,manual,67.5,,TRUE,TRUE,,,,,
velas-aromas-cera-aromatica-organico-9,Cera Aromatica Organico Atelier N9,<p>Exquisito cera aromatica elaborado artesanalmente. Tonos pastel suaves en verde y marron natural para la armonia de tu espacio.</p>,Atelier Store,Velas y Aromaterapia,"Velas y Aromaterapia, Minimalist, Eco, Atelier",TRUE,Tono / Acabado,Verde Soft Natural,ATL-VEL-169-V,450,shopify,50,deny,manual,68.5,,TRUE,TRUE,,FALSE,Cera Aromatica Organico Atelier N9,Comprar Cera Aromatica Organico Atelier N9 en Atelier Minimal Store.,active
velas-aromas-cera-aromatica-organico-9,,,,,,,Tono / Acabado,Marron Tierra Pastel,ATL-VEL-169-M,450,shopify,50,deny,manual,72.0,,TRUE,TRUE,,,,,
velas-aromas-vela-de-soja-botanico-10,Vela de Soja Botanico Atelier N10,<p>Exquisito vela de soja elaborado artesanalmente. Tonos pastel suaves en verde y marron natural para la armonia de tu espacio.</p>,Atelier Store,Velas y Aromaterapia,"Velas y Aromaterapia, Minimalist, Eco, Atelier",TRUE,Tono / Acabado,Verde Soft Natural,ATL-VEL-170-V,450,shopify,50,deny,manual,73.0,,TRUE,TRUE,,FALSE,Vela de Soja Botanico Atelier N10,Comprar Vela de Soja Botanico Atelier N10 en Atelier Minimal Store.,active
velas-aromas-vela-de-soja-botanico-10,,,,,,,Tono / Acabado,Marron Tierra Pastel,ATL-VEL-170-M,450,shopify,50,deny,manual,76.5,,TRUE,TRUE,,,,,
velas-aromas-difusor-de-varillas-atelier-11,Difusor de Varillas Atelier Atelier N11,<p>Exquisito difusor de varillas elaborado artesanalmente. Tonos pastel suaves en verde y marron natural para la armonia de tu espacio.</p>,Atelier Store,Velas y Aromaterapia,"Velas y Aromaterapia, Minimalist, Eco, Atelier",TRUE,Tono / Acabado,Verde Soft Natural,ATL-VEL-171-V,450,shopify,50,deny,manual,77.5,,TRUE,TRUE,,FALSE,Difusor de Varillas Atelier Atelier N11,Comprar Difusor de Varillas Atelier Atelier N11 en Atelier Minimal Store.,active
velas-aromas-difusor-de-varillas-atelier-11,,,,,,,Tono / Acabado,Marron Tierra Pastel,ATL-VEL-171-M,450,shopify,50,deny,manual,81.0,,TRUE,TRUE,,,,,
velas-aromas-incienso-natural-pastel-12,Incienso Natural Pastel Atelier N12,<p>Exquisito incienso natural elaborado artesanalmente. Tonos pastel suaves en verde y marron natural para la armonia de tu espacio.</p>,Atelier Store,Velas y Aromaterapia,"Velas y Aromaterapia, Minimalist, Eco, Atelier",TRUE,Tono / Acabado,Verde Soft Natural,ATL-VEL-172-V,450,shopify,50,deny,manual,82.0,,TRUE,TRUE,,FALSE,Incienso Natural Pastel Atelier N12,Comprar Incienso Natural Pastel Atelier N12 en Atelier Minimal Store.,active
velas-aromas-incienso-natural-pastel-12,,,,,,,Tono / Acabado,Marron Tierra Pastel,ATL-VEL-172-M,450,shopify,50,deny,manual,85.5,,TRUE,TRUE,,,,,
velas-aromas-spray-de-almohada-puro-13,Spray de Almohada Puro Atelier N13,<p>Exquisito spray de almohada elaborado artesanalmente. Tonos pastel suaves en verde y marron natural para la armonia de tu espacio.</p>,Atelier Store,Velas y Aromaterapia,"Velas y Aromaterapia, Minimalist, Eco, Atelier",TRUE,Tono / Acabado,Verde Soft Natural,ATL-VEL-173-V,450,shopify,50,deny,manual,86.5,,TRUE,TRUE,,FALSE,Spray de Almohada Puro Atelier N13,Comprar Spray de Almohada Puro Atelier N13 en Atelier Minimal Store.,active
velas-aromas-spray-de-almohada-puro-13,,,,,,,Tono / Acabado,Marron Tierra Pastel,ATL-VEL-173-M,450,shopify,50,deny,manual,90.0,,TRUE,TRUE,,,,,
velas-aromas-cera-aromatica-eco-14,Cera Aromatica Eco Atelier N14,<p>Exquisito cera aromatica elaborado artesanalmente. Tonos pastel suaves en verde y marron natural para la armonia de tu espacio.</p>,Atelier Store,Velas y Aromaterapia,"Velas y Aromaterapia, Minimalist, Eco, Atelier",TRUE,Tono / Acabado,Verde Soft Natural,ATL-VEL-174-V,450,shopify,50,deny,manual,91.0,,TRUE,TRUE,,FALSE,Cera Aromatica Eco Atelier N14,Comprar Cera Aromatica Eco Atelier N14 en Atelier Minimal Store.,active
velas-aromas-cera-aromatica-eco-14,,,,,,,Tono / Acabado,Marron Tierra Pastel,ATL-VEL-174-M,450,shopify,50,deny,manual,94.5,,TRUE,TRUE,,,,,
velas-aromas-vela-de-soja-mate-15,Vela de Soja Mate Atelier N15,<p>Exquisito vela de soja elaborado artesanalmente. Tonos pastel suaves en verde y marron natural para la armonia de tu espacio.</p>,Atelier Store,Velas y Aromaterapia,"Velas y Aromaterapia, Minimalist, Eco, Atelier",TRUE,Tono / Acabado,Verde Soft Natural,ATL-VEL-175-V,450,shopify,50,deny,manual,70.5,,TRUE,TRUE,,FALSE,Vela de Soja Mate Atelier N15,Comprar Vela de Soja Mate Atelier N15 en Atelier Minimal Store.,active
velas-aromas-vela-de-soja-mate-15,,,,,,,Tono / Acabado,Marron Tierra Pastel,ATL-VEL-175-M,450,shopify,50,deny,manual,74.0,,TRUE,TRUE,,,,,
velas-aromas-difusor-de-varillas-artesanal-16,Difusor de Varillas Artesanal Atelier N16,<p>Exquisito difusor de varillas elaborado artesanalmente. Tonos pastel suaves en verde y marron natural para la armonia de tu espacio.</p>,Atelier Store,Velas y Aromaterapia,"Velas y Aromaterapia, Minimalist, Eco, Atelier",TRUE,Tono / Acabado,Verde Soft Natural,ATL-VEL-176-V,450,shopify,50,deny,manual,75.0,,TRUE,TRUE,,FALSE,Difusor de Varillas Artesanal Atelier N16,Comprar Difusor de Varillas Artesanal Atelier N16 en Atelier Minimal Store.,active
velas-aromas-difusor-de-varillas-artesanal-16,,,,,,,Tono / Acabado,Marron Tierra Pastel,ATL-VEL-176-M,450,shopify,50,deny,manual,78.5,,TRUE,TRUE,,,,,
velas-aromas-incienso-natural-organico-17,Incienso Natural Organico Atelier N17,<p>Exquisito incienso natural elaborado artesanalmente. Tonos pastel suaves en verde y marron natural para la armonia de tu espacio.</p>,Atelier Store,Velas y Aromaterapia,"Velas y Aromaterapia, Minimalist, Eco, Atelier",TRUE,Tono / Acabado,Verde Soft Natural,ATL-VEL-177-V,450,shopify,50,deny,manual,79.5,,TRUE,TRUE,,FALSE,Incienso Natural Organico Atelier N17,Comprar Incienso Natural Organico Atelier N17 en Atelier Minimal Store.,active
velas-aromas-incienso-natural-organico-17,,,,,,,Tono / Acabado,Marron Tierra Pastel,ATL-VEL-177-M,450,shopify,50,deny,manual,83.0,,TRUE,TRUE,,,,,
velas-aromas-spray-de-almohada-botanico-18,Spray de Almohada Botanico Atelier N18,<p>Exquisito spray de almohada elaborado artesanalmente. Tonos pastel suaves en verde y marron natural para la armonia de tu espacio.</p>,Atelier Store,Velas y Aromaterapia,"Velas y Aromaterapia, Minimalist, Eco, Atelier",TRUE,Tono / Acabado,Verde Soft Natural,ATL-VEL-178-V,450,shopify,50,deny,manual,84.0,,TRUE,TRUE,,FALSE,Spray de Almohada Botanico Atelier N18,Comprar Spray de Almohada Botanico Atelier N18 en Atelier Minimal Store.,active
velas-aromas-spray-de-almohada-botanico-18,,,,,,,Tono / Acabado,Marron Tierra Pastel,ATL-VEL-178-M,450,shopify,50,deny,manual,87.5,,TRUE,TRUE,,,,,
velas-aromas-cera-aromatica-atelier-19,Cera Aromatica Atelier Atelier N19,<p>Exquisito cera aromatica elaborado artesanalmente. Tonos pastel suaves en verde y marron natural para la armonia de tu espacio.</p>,Atelier Store,Velas y Aromaterapia,"Velas y Aromaterapia, Minimalist, Eco, Atelier",TRUE,Tono / Acabado,Verde Soft Natural,ATL-VEL-179-V,450,shopify,50,deny,manual,88.5,,TRUE,TRUE,,FALSE,Cera Aromatica Atelier Atelier N19,Comprar Cera Aromatica Atelier Atelier N19 en Atelier Minimal Store.,active
velas-aromas-cera-aromatica-atelier-19,,,,,,,Tono / Acabado,Marron Tierra Pastel,ATL-VEL-179-M,450,shopify,50,deny,manual,92.0,,TRUE,TRUE,,,,,
velas-aromas-vela-de-soja-pastel-20,Vela de Soja Pastel Atelier N20,<p>Exquisito vela de soja elaborado artesanalmente. Tonos pastel suaves en verde y marron natural para la armonia de tu espacio.</p>,Atelier Store,Velas y Aromaterapia,"Velas y Aromaterapia, Minimalist, Eco, Atelier",TRUE,Tono / Acabado,Verde Soft Natural,ATL-VEL-180-V,450,shopify,50,deny,manual,93.0,,TRUE,TRUE,,FALSE,Vela de Soja Pastel Atelier N20,Comprar Vela de Soja Pastel Atelier N20 en Atelier Minimal Store.,active
velas-aromas-vela-de-soja-pastel-20,,,,,,,Tono / Acabado,Marron Tierra Pastel,ATL-VEL-180-M,450,shopify,50,deny,manual,96.5,,TRUE,TRUE,,,,,
accesorios-bambu-set-de-cubiertos-atelier-1,Set de Cubiertos Atelier Atelier N1,<p>Exquisito set de cubiertos elaborado artesanalmente. Tonos pastel suaves en verde y marron natural para la armonia de tu espacio.</p>,Atelier Store,Accesorios de Bambu,"Accesorios de Bambu, Minimalist, Eco, Atelier",TRUE,Tono / Acabado,Verde Soft Natural,ATL-ACC-181-V,450,shopify,50,deny,manual,27.5,,TRUE,TRUE,,FALSE,Set de Cubiertos Atelier Atelier N1,Comprar Set de Cubiertos Atelier Atelier N1 en Atelier Minimal Store.,active
accesorios-bambu-set-de-cubiertos-atelier-1,,,,,,,Tono / Acabado,Marron Tierra Pastel,ATL-ACC-181-M,450,shopify,50,deny,manual,31.0,,TRUE,TRUE,,,,,
accesorios-bambu-tabla-de-cortar-pastel-2,Tabla de Cortar Pastel Atelier N2,<p>Exquisito tabla de cortar elaborado artesanalmente. Tonos pastel suaves en verde y marron natural para la armonia de tu espacio.</p>,Atelier Store,Accesorios de Bambu,"Accesorios de Bambu, Minimalist, Eco, Atelier",TRUE,Tono / Acabado,Verde Soft Natural,ATL-ACC-182-V,450,shopify,50,deny,manual,32.0,,TRUE,TRUE,,FALSE,Tabla de Cortar Pastel Atelier N2,Comprar Tabla de Cortar Pastel Atelier N2 en Atelier Minimal Store.,active
accesorios-bambu-tabla-de-cortar-pastel-2,,,,,,,Tono / Acabado,Marron Tierra Pastel,ATL-ACC-182-M,450,shopify,50,deny,manual,35.5,,TRUE,TRUE,,,,,
accesorios-bambu-organizador-puro-3,Organizador Puro Atelier N3,<p>Exquisito organizador elaborado artesanalmente. Tonos pastel suaves en verde y marron natural para la armonia de tu espacio.</p>,Atelier Store,Accesorios de Bambu,"Accesorios de Bambu, Minimalist, Eco, Atelier",TRUE,Tono / Acabado,Verde Soft Natural,ATL-ACC-183-V,450,shopify,50,deny,manual,36.5,,TRUE,TRUE,,FALSE,Organizador Puro Atelier N3,Comprar Organizador Puro Atelier N3 en Atelier Minimal Store.,active
accesorios-bambu-organizador-puro-3,,,,,,,Tono / Acabado,Marron Tierra Pastel,ATL-ACC-183-M,450,shopify,50,deny,manual,40.0,,TRUE,TRUE,,,,,
accesorios-bambu-especiero-eco-4,Especiero Eco Atelier N4,<p>Exquisito especiero elaborado artesanalmente. Tonos pastel suaves en verde y marron natural para la armonia de tu espacio.</p>,Atelier Store,Accesorios de Bambu,"Accesorios de Bambu, Minimalist, Eco, Atelier",TRUE,Tono / Acabado,Verde Soft Natural,ATL-ACC-184-V,450,shopify,50,deny,manual,41.0,,TRUE,TRUE,,FALSE,Especiero Eco Atelier N4,Comprar Especiero Eco Atelier N4 en Atelier Minimal Store.,active
accesorios-bambu-especiero-eco-4,,,,,,,Tono / Acabado,Marron Tierra Pastel,ATL-ACC-184-M,450,shopify,50,deny,manual,44.5,,TRUE,TRUE,,,,,
accesorios-bambu-cepillo-mate-5,Cepillo Mate Atelier N5,<p>Exquisito cepillo elaborado artesanalmente. Tonos pastel suaves en verde y marron natural para la armonia de tu espacio.</p>,Atelier Store,Accesorios de Bambu,"Accesorios de Bambu, Minimalist, Eco, Atelier",TRUE,Tono / Acabado,Verde Soft Natural,ATL-ACC-185-V,450,shopify,50,deny,manual,45.5,,TRUE,TRUE,,FALSE,Cepillo Mate Atelier N5,Comprar Cepillo Mate Atelier N5 en Atelier Minimal Store.,active
accesorios-bambu-cepillo-mate-5,,,,,,,Tono / Acabado,Marron Tierra Pastel,ATL-ACC-185-M,450,shopify,50,deny,manual,49.0,,TRUE,TRUE,,,,,
accesorios-bambu-set-de-cubiertos-artesanal-6,Set de Cubiertos Artesanal Atelier N6,<p>Exquisito set de cubiertos elaborado artesanalmente. Tonos pastel suaves en verde y marron natural para la armonia de tu espacio.</p>,Atelier Store,Accesorios de Bambu,"Accesorios de Bambu, Minimalist, Eco, Atelier",TRUE,Tono / Acabado,Verde Soft Natural,ATL-ACC-186-V,450,shopify,50,deny,manual,50.0,,TRUE,TRUE,,FALSE,Set de Cubiertos Artesanal Atelier N6,Comprar Set de Cubiertos Artesanal Atelier N6 en Atelier Minimal Store.,active
accesorios-bambu-set-de-cubiertos-artesanal-6,,,,,,,Tono / Acabado,Marron Tierra Pastel,ATL-ACC-186-M,450,shopify,50,deny,manual,53.5,,TRUE,TRUE,,,,,
accesorios-bambu-tabla-de-cortar-organico-7,Tabla de Cortar Organico Atelier N7,<p>Exquisito tabla de cortar elaborado artesanalmente. Tonos pastel suaves en verde y marron natural para la armonia de tu espacio.</p>,Atelier Store,Accesorios de Bambu,"Accesorios de Bambu, Minimalist, Eco, Atelier",TRUE,Tono / Acabado,Verde Soft Natural,ATL-ACC-187-V,450,shopify,50,deny,manual,54.5,,TRUE,TRUE,,FALSE,Tabla de Cortar Organico Atelier N7,Comprar Tabla de Cortar Organico Atelier N7 en Atelier Minimal Store.,active
accesorios-bambu-tabla-de-cortar-organico-7,,,,,,,Tono / Acabado,Marron Tierra Pastel,ATL-ACC-187-M,450,shopify,50,deny,manual,58.0,,TRUE,TRUE,,,,,
accesorios-bambu-organizador-botanico-8,Organizador Botanico Atelier N8,<p>Exquisito organizador elaborado artesanalmente. Tonos pastel suaves en verde y marron natural para la armonia de tu espacio.</p>,Atelier Store,Accesorios de Bambu,"Accesorios de Bambu, Minimalist, Eco, Atelier",TRUE,Tono / Acabado,Verde Soft Natural,ATL-ACC-188-V,450,shopify,50,deny,manual,59.0,,TRUE,TRUE,,FALSE,Organizador Botanico Atelier N8,Comprar Organizador Botanico Atelier N8 en Atelier Minimal Store.,active
accesorios-bambu-organizador-botanico-8,,,,,,,Tono / Acabado,Marron Tierra Pastel,ATL-ACC-188-M,450,shopify,50,deny,manual,62.5,,TRUE,TRUE,,,,,
accesorios-bambu-especiero-atelier-9,Especiero Atelier Atelier N9,<p>Exquisito especiero elaborado artesanalmente. Tonos pastel suaves en verde y marron natural para la armonia de tu espacio.</p>,Atelier Store,Accesorios de Bambu,"Accesorios de Bambu, Minimalist, Eco, Atelier",TRUE,Tono / Acabado,Verde Soft Natural,ATL-ACC-189-V,450,shopify,50,deny,manual,63.5,,TRUE,TRUE,,FALSE,Especiero Atelier Atelier N9,Comprar Especiero Atelier Atelier N9 en Atelier Minimal Store.,active
accesorios-bambu-especiero-atelier-9,,,,,,,Tono / Acabado,Marron Tierra Pastel,ATL-ACC-189-M,450,shopify,50,deny,manual,67.0,,TRUE,TRUE,,,,,
accesorios-bambu-cepillo-pastel-10,Cepillo Pastel Atelier N10,<p>Exquisito cepillo elaborado artesanalmente. Tonos pastel suaves en verde y marron natural para la armonia de tu espacio.</p>,Atelier Store,Accesorios de Bambu,"Accesorios de Bambu, Minimalist, Eco, Atelier",TRUE,Tono / Acabado,Verde Soft Natural,ATL-ACC-190-V,450,shopify,50,deny,manual,68.0,,TRUE,TRUE,,FALSE,Cepillo Pastel Atelier N10,Comprar Cepillo Pastel Atelier N10 en Atelier Minimal Store.,active
accesorios-bambu-cepillo-pastel-10,,,,,,,Tono / Acabado,Marron Tierra Pastel,ATL-ACC-190-M,450,shopify,50,deny,manual,71.5,,TRUE,TRUE,,,,,
accesorios-bambu-set-de-cubiertos-puro-11,Set de Cubiertos Puro Atelier N11,<p>Exquisito set de cubiertos elaborado artesanalmente. Tonos pastel suaves en verde y marron natural para la armonia de tu espacio.</p>,Atelier Store,Accesorios de Bambu,"Accesorios de Bambu, Minimalist, Eco, Atelier",TRUE,Tono / Acabado,Verde Soft Natural,ATL-ACC-191-V,450,shopify,50,deny,manual,72.5,,TRUE,TRUE,,FALSE,Set de Cubiertos Puro Atelier N11,Comprar Set de Cubiertos Puro Atelier N11 en Atelier Minimal Store.,active
accesorios-bambu-set-de-cubiertos-puro-11,,,,,,,Tono / Acabado,Marron Tierra Pastel,ATL-ACC-191-M,450,shopify,50,deny,manual,76.0,,TRUE,TRUE,,,,,
accesorios-bambu-tabla-de-cortar-eco-12,Tabla de Cortar Eco Atelier N12,<p>Exquisito tabla de cortar elaborado artesanalmente. Tonos pastel suaves en verde y marron natural para la armonia de tu espacio.</p>,Atelier Store,Accesorios de Bambu,"Accesorios de Bambu, Minimalist, Eco, Atelier",TRUE,Tono / Acabado,Verde Soft Natural,ATL-ACC-192-V,450,shopify,50,deny,manual,77.0,,TRUE,TRUE,,FALSE,Tabla de Cortar Eco Atelier N12,Comprar Tabla de Cortar Eco Atelier N12 en Atelier Minimal Store.,active
accesorios-bambu-tabla-de-cortar-eco-12,,,,,,,Tono / Acabado,Marron Tierra Pastel,ATL-ACC-192-M,450,shopify,50,deny,manual,80.5,,TRUE,TRUE,,,,,
accesorios-bambu-organizador-mate-13,Organizador Mate Atelier N13,<p>Exquisito organizador elaborado artesanalmente. Tonos pastel suaves en verde y marron natural para la armonia de tu espacio.</p>,Atelier Store,Accesorios de Bambu,"Accesorios de Bambu, Minimalist, Eco, Atelier",TRUE,Tono / Acabado,Verde Soft Natural,ATL-ACC-193-V,450,shopify,50,deny,manual,81.5,,TRUE,TRUE,,FALSE,Organizador Mate Atelier N13,Comprar Organizador Mate Atelier N13 en Atelier Minimal Store.,active
accesorios-bambu-organizador-mate-13,,,,,,,Tono / Acabado,Marron Tierra Pastel,ATL-ACC-193-M,450,shopify,50,deny,manual,85.0,,TRUE,TRUE,,,,,
accesorios-bambu-especiero-artesanal-14,Especiero Artesanal Atelier N14,<p>Exquisito especiero elaborado artesanalmente. Tonos pastel suaves en verde y marron natural para la armonia de tu espacio.</p>,Atelier Store,Accesorios de Bambu,"Accesorios de Bambu, Minimalist, Eco, Atelier",TRUE,Tono / Acabado,Verde Soft Natural,ATL-ACC-194-V,450,shopify,50,deny,manual,86.0,,TRUE,TRUE,,FALSE,Especiero Artesanal Atelier N14,Comprar Especiero Artesanal Atelier N14 en Atelier Minimal Store.,active
accesorios-bambu-especiero-artesanal-14,,,,,,,Tono / Acabado,Marron Tierra Pastel,ATL-ACC-194-M,450,shopify,50,deny,manual,89.5,,TRUE,TRUE,,,,,
accesorios-bambu-cepillo-organico-15,Cepillo Organico Atelier N15,<p>Exquisito cepillo elaborado artesanalmente. Tonos pastel suaves en verde y marron natural para la armonia de tu espacio.</p>,Atelier Store,Accesorios de Bambu,"Accesorios de Bambu, Minimalist, Eco, Atelier",TRUE,Tono / Acabado,Verde Soft Natural,ATL-ACC-195-V,450,shopify,50,deny,manual,90.5,,TRUE,TRUE,,FALSE,Cepillo Organico Atelier N15,Comprar Cepillo Organico Atelier N15 en Atelier Minimal Store.,active
accesorios-bambu-cepillo-organico-15,,,,,,,Tono / Acabado,Marron Tierra Pastel,ATL-ACC-195-M,450,shopify,50,deny,manual,94.0,,TRUE,TRUE,,,,,
accesorios-bambu-set-de-cubiertos-botanico-16,Set de Cubiertos Botanico Atelier N16,<p>Exquisito set de cubiertos elaborado artesanalmente. Tonos pastel suaves en verde y marron natural para la armonia de tu espacio.</p>,Atelier Store,Accesorios de Bambu,"Accesorios de Bambu, Minimalist, Eco, Atelier",TRUE,Tono / Acabado,Verde Soft Natural,ATL-ACC-196-V,450,shopify,50,deny,manual,95.0,,TRUE,TRUE,,FALSE,Set de Cubiertos Botanico Atelier N16,Comprar Set de Cubiertos Botanico Atelier N16 en Atelier Minimal Store.,active
accesorios-bambu-set-de-cubiertos-botanico-16,,,,,,,Tono / Acabado,Marron Tierra Pastel,ATL-ACC-196-M,450,shopify,50,deny,manual,98.5,,TRUE,TRUE,,,,,
accesorios-bambu-tabla-de-cortar-atelier-17,Tabla de Cortar Atelier Atelier N17,<p>Exquisito tabla de cortar elaborado artesanalmente. Tonos pastel suaves en verde y marron natural para la armonia de tu espacio.</p>,Atelier Store,Accesorios de Bambu,"Accesorios de Bambu, Minimalist, Eco, Atelier",TRUE,Tono / Acabado,Verde Soft Natural,ATL-ACC-197-V,450,shopify,50,deny,manual,99.5,,TRUE,TRUE,,FALSE,Tabla de Cortar Atelier Atelier N17,Comprar Tabla de Cortar Atelier Atelier N17 en Atelier Minimal Store.,active
accesorios-bambu-tabla-de-cortar-atelier-17,,,,,,,Tono / Acabado,Marron Tierra Pastel,ATL-ACC-197-M,450,shopify,50,deny,manual,103.0,,TRUE,TRUE,,,,,
accesorios-bambu-organizador-pastel-18,Organizador Pastel Atelier N18,<p>Exquisito organizador elaborado artesanalmente. Tonos pastel suaves en verde y marron natural para la armonia de tu espacio.</p>,Atelier Store,Accesorios de Bambu,"Accesorios de Bambu, Minimalist, Eco, Atelier",TRUE,Tono / Acabado,Verde Soft Natural,ATL-ACC-198-V,450,shopify,50,deny,manual,104.0,,TRUE,TRUE,,FALSE,Organizador Pastel Atelier N18,Comprar Organizador Pastel Atelier N18 en Atelier Minimal Store.,active
accesorios-bambu-organizador-pastel-18,,,,,,,Tono / Acabado,Marron Tierra Pastel,ATL-ACC-198-M,450,shopify,50,deny,manual,107.5,,TRUE,TRUE,,,,,
accesorios-bambu-especiero-puro-19,Especiero Puro Atelier N19,<p>Exquisito especiero elaborado artesanalmente. Tonos pastel suaves en verde y marron natural para la armonia de tu espacio.</p>,Atelier Store,Accesorios de Bambu,"Accesorios de Bambu, Minimalist, Eco, Atelier",TRUE,Tono / Acabado,Verde Soft Natural,ATL-ACC-199-V,450,shopify,50,deny,manual,108.5,,TRUE,TRUE,,FALSE,Especiero Puro Atelier N19,Comprar Especiero Puro Atelier N19 en Atelier Minimal Store.,active
accesorios-bambu-especiero-puro-19,,,,,,,Tono / Acabado,Marron Tierra Pastel,ATL-ACC-199-M,450,shopify,50,deny,manual,112.0,,TRUE,TRUE,,,,,
accesorios-bambu-cepillo-eco-20,Cepillo Eco Atelier N20,<p>Exquisito cepillo elaborado artesanalmente. Tonos pastel suaves en verde y marron natural para la armonia de tu espacio.</p>,Atelier Store,Accesorios de Bambu,"Accesorios de Bambu, Minimalist, Eco, Atelier",TRUE,Tono / Acabado,Verde Soft Natural,ATL-ACC-200-V,450,shopify,50,deny,manual,88.0,,TRUE,TRUE,,FALSE,Cepillo Eco Atelier N20,Comprar Cepillo Eco Atelier N20 en Atelier Minimal Store.,active
accesorios-bambu-cepillo-eco-20,,,,,,,Tono / Acabado,Marron Tierra Pastel,ATL-ACC-200-M,450,shopify,50,deny,manual,91.5,,TRUE,TRUE,,,,,
iluminacion-warm-farol-de-papel-puro-1,Farol de Papel Puro Atelier N1,<p>Exquisito farol de papel elaborado artesanalmente. Tonos pastel suaves en verde y marron natural para la armonia de tu espacio.</p>,Atelier Store,Iluminacion Calida,"Iluminacion Calida, Minimalist, Eco, Atelier",TRUE,Tono / Acabado,Verde Soft Natural,ATL-ILU-201-V,450,shopify,50,deny,manual,22.5,,TRUE,TRUE,,FALSE,Farol de Papel Puro Atelier N1,Comprar Farol de Papel Puro Atelier N1 en Atelier Minimal Store.,active
iluminacion-warm-farol-de-papel-puro-1,,,,,,,Tono / Acabado,Marron Tierra Pastel,ATL-ILU-201-M,450,shopify,50,deny,manual,26.0,,TRUE,TRUE,,,,,
iluminacion-warm-aplique-pared-eco-2,Aplique Pared Eco Atelier N2,<p>Exquisito aplique pared elaborado artesanalmente. Tonos pastel suaves en verde y marron natural para la armonia de tu espacio.</p>,Atelier Store,Iluminacion Calida,"Iluminacion Calida, Minimalist, Eco, Atelier",TRUE,Tono / Acabado,Verde Soft Natural,ATL-ILU-202-V,450,shopify,50,deny,manual,27.0,,TRUE,TRUE,,FALSE,Aplique Pared Eco Atelier N2,Comprar Aplique Pared Eco Atelier N2 en Atelier Minimal Store.,active
iluminacion-warm-aplique-pared-eco-2,,,,,,,Tono / Acabado,Marron Tierra Pastel,ATL-ILU-202-M,450,shopify,50,deny,manual,30.5,,TRUE,TRUE,,,,,
iluminacion-warm-vela-led-mate-3,Vela LED Mate Atelier N3,<p>Exquisito vela led elaborado artesanalmente. Tonos pastel suaves en verde y marron natural para la armonia de tu espacio.</p>,Atelier Store,Iluminacion Calida,"Iluminacion Calida, Minimalist, Eco, Atelier",TRUE,Tono / Acabado,Verde Soft Natural,ATL-ILU-203-V,450,shopify,50,deny,manual,31.5,,TRUE,TRUE,,FALSE,Vela LED Mate Atelier N3,Comprar Vela LED Mate Atelier N3 en Atelier Minimal Store.,active
iluminacion-warm-vela-led-mate-3,,,,,,,Tono / Acabado,Marron Tierra Pastel,ATL-ILU-203-M,450,shopify,50,deny,manual,35.0,,TRUE,TRUE,,,,,
iluminacion-warm-foco-calido-artesanal-4,Foco Calido Artesanal Atelier N4,<p>Exquisito foco calido elaborado artesanalmente. Tonos pastel suaves en verde y marron natural para la armonia de tu espacio.</p>,Atelier Store,Iluminacion Calida,"Iluminacion Calida, Minimalist, Eco, Atelier",TRUE,Tono / Acabado,Verde Soft Natural,ATL-ILU-204-V,450,shopify,50,deny,manual,36.0,,TRUE,TRUE,,FALSE,Foco Calido Artesanal Atelier N4,Comprar Foco Calido Artesanal Atelier N4 en Atelier Minimal Store.,active
iluminacion-warm-foco-calido-artesanal-4,,,,,,,Tono / Acabado,Marron Tierra Pastel,ATL-ILU-204-M,450,shopify,50,deny,manual,39.5,,TRUE,TRUE,,,,,
iluminacion-warm-lampara-de-mesa-organico-5,Lampara de Mesa Organico Atelier N5,<p>Exquisito lampara de mesa elaborado artesanalmente. Tonos pastel suaves en verde y marron natural para la armonia de tu espacio.</p>,Atelier Store,Iluminacion Calida,"Iluminacion Calida, Minimalist, Eco, Atelier",TRUE,Tono / Acabado,Verde Soft Natural,ATL-ILU-205-V,450,shopify,50,deny,manual,40.5,,TRUE,TRUE,,FALSE,Lampara de Mesa Organico Atelier N5,Comprar Lampara de Mesa Organico Atelier N5 en Atelier Minimal Store.,active
iluminacion-warm-lampara-de-mesa-organico-5,,,,,,,Tono / Acabado,Marron Tierra Pastel,ATL-ILU-205-M,450,shopify,50,deny,manual,44.0,,TRUE,TRUE,,,,,
iluminacion-warm-farol-de-papel-botanico-6,Farol de Papel Botanico Atelier N6,<p>Exquisito farol de papel elaborado artesanalmente. Tonos pastel suaves en verde y marron natural para la armonia de tu espacio.</p>,Atelier Store,Iluminacion Calida,"Iluminacion Calida, Minimalist, Eco, Atelier",TRUE,Tono / Acabado,Verde Soft Natural,ATL-ILU-206-V,450,shopify,50,deny,manual,45.0,,TRUE,TRUE,,FALSE,Farol de Papel Botanico Atelier N6,Comprar Farol de Papel Botanico Atelier N6 en Atelier Minimal Store.,active
iluminacion-warm-farol-de-papel-botanico-6,,,,,,,Tono / Acabado,Marron Tierra Pastel,ATL-ILU-206-M,450,shopify,50,deny,manual,48.5,,TRUE,TRUE,,,,,
iluminacion-warm-aplique-pared-atelier-7,Aplique Pared Atelier Atelier N7,<p>Exquisito aplique pared elaborado artesanalmente. Tonos pastel suaves en verde y marron natural para la armonia de tu espacio.</p>,Atelier Store,Iluminacion Calida,"Iluminacion Calida, Minimalist, Eco, Atelier",TRUE,Tono / Acabado,Verde Soft Natural,ATL-ILU-207-V,450,shopify,50,deny,manual,49.5,,TRUE,TRUE,,FALSE,Aplique Pared Atelier Atelier N7,Comprar Aplique Pared Atelier Atelier N7 en Atelier Minimal Store.,active
iluminacion-warm-aplique-pared-atelier-7,,,,,,,Tono / Acabado,Marron Tierra Pastel,ATL-ILU-207-M,450,shopify,50,deny,manual,53.0,,TRUE,TRUE,,,,,
iluminacion-warm-vela-led-pastel-8,Vela LED Pastel Atelier N8,<p>Exquisito vela led elaborado artesanalmente. Tonos pastel suaves en verde y marron natural para la armonia de tu espacio.</p>,Atelier Store,Iluminacion Calida,"Iluminacion Calida, Minimalist, Eco, Atelier",TRUE,Tono / Acabado,Verde Soft Natural,ATL-ILU-208-V,450,shopify,50,deny,manual,54.0,,TRUE,TRUE,,FALSE,Vela LED Pastel Atelier N8,Comprar Vela LED Pastel Atelier N8 en Atelier Minimal Store.,active
iluminacion-warm-vela-led-pastel-8,,,,,,,Tono / Acabado,Marron Tierra Pastel,ATL-ILU-208-M,450,shopify,50,deny,manual,57.5,,TRUE,TRUE,,,,,
iluminacion-warm-foco-calido-puro-9,Foco Calido Puro Atelier N9,<p>Exquisito foco calido elaborado artesanalmente. Tonos pastel suaves en verde y marron natural para la armonia de tu espacio.</p>,Atelier Store,Iluminacion Calida,"Iluminacion Calida, Minimalist, Eco, Atelier",TRUE,Tono / Acabado,Verde Soft Natural,ATL-ILU-209-V,450,shopify,50,deny,manual,58.5,,TRUE,TRUE,,FALSE,Foco Calido Puro Atelier N9,Comprar Foco Calido Puro Atelier N9 en Atelier Minimal Store.,active
iluminacion-warm-foco-calido-puro-9,,,,,,,Tono / Acabado,Marron Tierra Pastel,ATL-ILU-209-M,450,shopify,50,deny,manual,62.0,,TRUE,TRUE,,,,,
iluminacion-warm-lampara-de-mesa-eco-10,Lampara de Mesa Eco Atelier N10,<p>Exquisito lampara de mesa elaborado artesanalmente. Tonos pastel suaves en verde y marron natural para la armonia de tu espacio.</p>,Atelier Store,Iluminacion Calida,"Iluminacion Calida, Minimalist, Eco, Atelier",TRUE,Tono / Acabado,Verde Soft Natural,ATL-ILU-210-V,450,shopify,50,deny,manual,63.0,,TRUE,TRUE,,FALSE,Lampara de Mesa Eco Atelier N10,Comprar Lampara de Mesa Eco Atelier N10 en Atelier Minimal Store.,active
iluminacion-warm-lampara-de-mesa-eco-10,,,,,,,Tono / Acabado,Marron Tierra Pastel,ATL-ILU-210-M,450,shopify,50,deny,manual,66.5,,TRUE,TRUE,,,,,
iluminacion-warm-farol-de-papel-mate-11,Farol de Papel Mate Atelier N11,<p>Exquisito farol de papel elaborado artesanalmente. Tonos pastel suaves en verde y marron natural para la armonia de tu espacio.</p>,Atelier Store,Iluminacion Calida,"Iluminacion Calida, Minimalist, Eco, Atelier",TRUE,Tono / Acabado,Verde Soft Natural,ATL-ILU-211-V,450,shopify,50,deny,manual,67.5,,TRUE,TRUE,,FALSE,Farol de Papel Mate Atelier N11,Comprar Farol de Papel Mate Atelier N11 en Atelier Minimal Store.,active
iluminacion-warm-farol-de-papel-mate-11,,,,,,,Tono / Acabado,Marron Tierra Pastel,ATL-ILU-211-M,450,shopify,50,deny,manual,71.0,,TRUE,TRUE,,,,,
iluminacion-warm-aplique-pared-artesanal-12,Aplique Pared Artesanal Atelier N12,<p>Exquisito aplique pared elaborado artesanalmente. Tonos pastel suaves en verde y marron natural para la armonia de tu espacio.</p>,Atelier Store,Iluminacion Calida,"Iluminacion Calida, Minimalist, Eco, Atelier",TRUE,Tono / Acabado,Verde Soft Natural,ATL-ILU-212-V,450,shopify,50,deny,manual,72.0,,TRUE,TRUE,,FALSE,Aplique Pared Artesanal Atelier N12,Comprar Aplique Pared Artesanal Atelier N12 en Atelier Minimal Store.,active
iluminacion-warm-aplique-pared-artesanal-12,,,,,,,Tono / Acabado,Marron Tierra Pastel,ATL-ILU-212-M,450,shopify,50,deny,manual,75.5,,TRUE,TRUE,,,,,
iluminacion-warm-vela-led-organico-13,Vela LED Organico Atelier N13,<p>Exquisito vela led elaborado artesanalmente. Tonos pastel suaves en verde y marron natural para la armonia de tu espacio.</p>,Atelier Store,Iluminacion Calida,"Iluminacion Calida, Minimalist, Eco, Atelier",TRUE,Tono / Acabado,Verde Soft Natural,ATL-ILU-213-V,450,shopify,50,deny,manual,76.5,,TRUE,TRUE,,FALSE,Vela LED Organico Atelier N13,Comprar Vela LED Organico Atelier N13 en Atelier Minimal Store.,active
iluminacion-warm-vela-led-organico-13,,,,,,,Tono / Acabado,Marron Tierra Pastel,ATL-ILU-213-M,450,shopify,50,deny,manual,80.0,,TRUE,TRUE,,,,,
iluminacion-warm-foco-calido-botanico-14,Foco Calido Botanico Atelier N14,<p>Exquisito foco calido elaborado artesanalmente. Tonos pastel suaves en verde y marron natural para la armonia de tu espacio.</p>,Atelier Store,Iluminacion Calida,"Iluminacion Calida, Minimalist, Eco, Atelier",TRUE,Tono / Acabado,Verde Soft Natural,ATL-ILU-214-V,450,shopify,50,deny,manual,81.0,,TRUE,TRUE,,FALSE,Foco Calido Botanico Atelier N14,Comprar Foco Calido Botanico Atelier N14 en Atelier Minimal Store.,active
iluminacion-warm-foco-calido-botanico-14,,,,,,,Tono / Acabado,Marron Tierra Pastel,ATL-ILU-214-M,450,shopify,50,deny,manual,84.5,,TRUE,TRUE,,,,,
iluminacion-warm-lampara-de-mesa-atelier-15,Lampara de Mesa Atelier Atelier N15,<p>Exquisito lampara de mesa elaborado artesanalmente. Tonos pastel suaves en verde y marron natural para la armonia de tu espacio.</p>,Atelier Store,Iluminacion Calida,"Iluminacion Calida, Minimalist, Eco, Atelier",TRUE,Tono / Acabado,Verde Soft Natural,ATL-ILU-215-V,450,shopify,50,deny,manual,85.5,,TRUE,TRUE,,FALSE,Lampara de Mesa Atelier Atelier N15,Comprar Lampara de Mesa Atelier Atelier N15 en Atelier Minimal Store.,active
iluminacion-warm-lampara-de-mesa-atelier-15,,,,,,,Tono / Acabado,Marron Tierra Pastel,ATL-ILU-215-M,450,shopify,50,deny,manual,89.0,,TRUE,TRUE,,,,,
iluminacion-warm-farol-de-papel-pastel-16,Farol de Papel Pastel Atelier N16,<p>Exquisito farol de papel elaborado artesanalmente. Tonos pastel suaves en verde y marron natural para la armonia de tu espacio.</p>,Atelier Store,Iluminacion Calida,"Iluminacion Calida, Minimalist, Eco, Atelier",TRUE,Tono / Acabado,Verde Soft Natural,ATL-ILU-216-V,450,shopify,50,deny,manual,90.0,,TRUE,TRUE,,FALSE,Farol de Papel Pastel Atelier N16,Comprar Farol de Papel Pastel Atelier N16 en Atelier Minimal Store.,active
iluminacion-warm-farol-de-papel-pastel-16,,,,,,,Tono / Acabado,Marron Tierra Pastel,ATL-ILU-216-M,450,shopify,50,deny,manual,93.5,,TRUE,TRUE,,,,,
iluminacion-warm-aplique-pared-puro-17,Aplique Pared Puro Atelier N17,<p>Exquisito aplique pared elaborado artesanalmente. Tonos pastel suaves en verde y marron natural para la armonia de tu espacio.</p>,Atelier Store,Iluminacion Calida,"Iluminacion Calida, Minimalist, Eco, Atelier",TRUE,Tono / Acabado,Verde Soft Natural,ATL-ILU-217-V,450,shopify,50,deny,manual,94.5,,TRUE,TRUE,,FALSE,Aplique Pared Puro Atelier N17,Comprar Aplique Pared Puro Atelier N17 en Atelier Minimal Store.,active
iluminacion-warm-aplique-pared-puro-17,,,,,,,Tono / Acabado,Marron Tierra Pastel,ATL-ILU-217-M,450,shopify,50,deny,manual,98.0,,TRUE,TRUE,,,,,
iluminacion-warm-vela-led-eco-18,Vela LED Eco Atelier N18,<p>Exquisito vela led elaborado artesanalmente. Tonos pastel suaves en verde y marron natural para la armonia de tu espacio.</p>,Atelier Store,Iluminacion Calida,"Iluminacion Calida, Minimalist, Eco, Atelier",TRUE,Tono / Acabado,Verde Soft Natural,ATL-ILU-218-V,450,shopify,50,deny,manual,99.0,,TRUE,TRUE,,FALSE,Vela LED Eco Atelier N18,Comprar Vela LED Eco Atelier N18 en Atelier Minimal Store.,active
iluminacion-warm-vela-led-eco-18,,,,,,,Tono / Acabado,Marron Tierra Pastel,ATL-ILU-218-M,450,shopify,50,deny,manual,102.5,,TRUE,TRUE,,,,,
iluminacion-warm-foco-calido-mate-19,Foco Calido Mate Atelier N19,<p>Exquisito foco calido elaborado artesanalmente. Tonos pastel suaves en verde y marron natural para la armonia de tu espacio.</p>,Atelier Store,Iluminacion Calida,"Iluminacion Calida, Minimalist, Eco, Atelier",TRUE,Tono / Acabado,Verde Soft Natural,ATL-ILU-219-V,450,shopify,50,deny,manual,103.5,,TRUE,TRUE,,FALSE,Foco Calido Mate Atelier N19,Comprar Foco Calido Mate Atelier N19 en Atelier Minimal Store.,active
iluminacion-warm-foco-calido-mate-19,,,,,,,Tono / Acabado,Marron Tierra Pastel,ATL-ILU-219-M,450,shopify,50,deny,manual,107.0,,TRUE,TRUE,,,,,
iluminacion-warm-lampara-de-mesa-artesanal-20,Lampara de Mesa Artesanal Atelier N20,<p>Exquisito lampara de mesa elaborado artesanalmente. Tonos pastel suaves en verde y marron natural para la armonia de tu espacio.</p>,Atelier Store,Iluminacion Calida,"Iluminacion Calida, Minimalist, Eco, Atelier",TRUE,Tono / Acabado,Verde Soft Natural,ATL-ILU-220-V,450,shopify,50,deny,manual,108.0,,TRUE,TRUE,,FALSE,Lampara de Mesa Artesanal Atelier N20,Comprar Lampara de Mesa Artesanal Atelier N20 en Atelier Minimal Store.,active
iluminacion-warm-lampara-de-mesa-artesanal-20,,,,,,,Tono / Acabado,Marron Tierra Pastel,ATL-ILU-220-M,450,shopify,50,deny,manual,111.5,,TRUE,TRUE,,,,,
vajillas-ceramica-plato-trinchero-mate-1,Plato Trinchero Mate Atelier N1,<p>Exquisito plato trinchero elaborado artesanalmente. Tonos pastel suaves en verde y marron natural para la armonia de tu espacio.</p>,Atelier Store,Vajillas de Ceramica,"Vajillas de Ceramica, Minimalist, Eco, Atelier",TRUE,Tono / Acabado,Verde Soft Natural,ATL-VAJ-221-V,450,shopify,50,deny,manual,42.5,,TRUE,TRUE,,FALSE,Plato Trinchero Mate Atelier N1,Comprar Plato Trinchero Mate Atelier N1 en Atelier Minimal Store.,active
vajillas-ceramica-plato-trinchero-mate-1,,,,,,,Tono / Acabado,Marron Tierra Pastel,ATL-VAJ-221-M,450,shopify,50,deny,manual,46.0,,TRUE,TRUE,,,,,
vajillas-ceramica-tazon-de-avena-artesanal-2,Tazon de Avena Artesanal Atelier N2,<p>Exquisito tazon de avena elaborado artesanalmente. Tonos pastel suaves en verde y marron natural para la armonia de tu espacio.</p>,Atelier Store,Vajillas de Ceramica,"Vajillas de Ceramica, Minimalist, Eco, Atelier",TRUE,Tono / Acabado,Verde Soft Natural,ATL-VAJ-222-V,450,shopify,50,deny,manual,47.0,,TRUE,TRUE,,FALSE,Tazon de Avena Artesanal Atelier N2,Comprar Tazon de Avena Artesanal Atelier N2 en Atelier Minimal Store.,active
vajillas-ceramica-tazon-de-avena-artesanal-2,,,,,,,Tono / Acabado,Marron Tierra Pastel,ATL-VAJ-222-M,450,shopify,50,deny,manual,50.5,,TRUE,TRUE,,,,,
vajillas-ceramica-jarra-de-agua-organico-3,Jarra de Agua Organico Atelier N3,<p>Exquisito jarra de agua elaborado artesanalmente. Tonos pastel suaves en verde y marron natural para la armonia de tu espacio.</p>,Atelier Store,Vajillas de Ceramica,"Vajillas de Ceramica, Minimalist, Eco, Atelier",TRUE,Tono / Acabado,Verde Soft Natural,ATL-VAJ-223-V,450,shopify,50,deny,manual,51.5,,TRUE,TRUE,,FALSE,Jarra de Agua Organico Atelier N3,Comprar Jarra de Agua Organico Atelier N3 en Atelier Minimal Store.,active
vajillas-ceramica-jarra-de-agua-organico-3,,,,,,,Tono / Acabado,Marron Tierra Pastel,ATL-VAJ-223-M,450,shopify,50,deny,manual,55.0,,TRUE,TRUE,,,,,
vajillas-ceramica-plato-postre-botanico-4,Plato Postre Botanico Atelier N4,<p>Exquisito plato postre elaborado artesanalmente. Tonos pastel suaves en verde y marron natural para la armonia de tu espacio.</p>,Atelier Store,Vajillas de Ceramica,"Vajillas de Ceramica, Minimalist, Eco, Atelier",TRUE,Tono / Acabado,Verde Soft Natural,ATL-VAJ-224-V,450,shopify,50,deny,manual,56.0,,TRUE,TRUE,,FALSE,Plato Postre Botanico Atelier N4,Comprar Plato Postre Botanico Atelier N4 en Atelier Minimal Store.,active
vajillas-ceramica-plato-postre-botanico-4,,,,,,,Tono / Acabado,Marron Tierra Pastel,ATL-VAJ-224-M,450,shopify,50,deny,manual,59.5,,TRUE,TRUE,,,,,
vajillas-ceramica-taza-de-cafe-atelier-5,Taza de Cafe Atelier Atelier N5,<p>Exquisito taza de cafe elaborado artesanalmente. Tonos pastel suaves en verde y marron natural para la armonia de tu espacio.</p>,Atelier Store,Vajillas de Ceramica,"Vajillas de Ceramica, Minimalist, Eco, Atelier",TRUE,Tono / Acabado,Verde Soft Natural,ATL-VAJ-225-V,450,shopify,50,deny,manual,35.5,,TRUE,TRUE,,FALSE,Taza de Cafe Atelier Atelier N5,Comprar Taza de Cafe Atelier Atelier N5 en Atelier Minimal Store.,active
vajillas-ceramica-taza-de-cafe-atelier-5,,,,,,,Tono / Acabado,Marron Tierra Pastel,ATL-VAJ-225-M,450,shopify,50,deny,manual,39.0,,TRUE,TRUE,,,,,
vajillas-ceramica-plato-trinchero-pastel-6,Plato Trinchero Pastel Atelier N6,<p>Exquisito plato trinchero elaborado artesanalmente. Tonos pastel suaves en verde y marron natural para la armonia de tu espacio.</p>,Atelier Store,Vajillas de Ceramica,"Vajillas de Ceramica, Minimalist, Eco, Atelier",TRUE,Tono / Acabado,Verde Soft Natural,ATL-VAJ-226-V,450,shopify,50,deny,manual,40.0,,TRUE,TRUE,,FALSE,Plato Trinchero Pastel Atelier N6,Comprar Plato Trinchero Pastel Atelier N6 en Atelier Minimal Store.,active
vajillas-ceramica-plato-trinchero-pastel-6,,,,,,,Tono / Acabado,Marron Tierra Pastel,ATL-VAJ-226-M,450,shopify,50,deny,manual,43.5,,TRUE,TRUE,,,,,
vajillas-ceramica-tazon-de-avena-puro-7,Tazon de Avena Puro Atelier N7,<p>Exquisito tazon de avena elaborado artesanalmente. Tonos pastel suaves en verde y marron natural para la armonia de tu espacio.</p>,Atelier Store,Vajillas de Ceramica,"Vajillas de Ceramica, Minimalist, Eco, Atelier",TRUE,Tono / Acabado,Verde Soft Natural,ATL-VAJ-227-V,450,shopify,50,deny,manual,44.5,,TRUE,TRUE,,FALSE,Tazon de Avena Puro Atelier N7,Comprar Tazon de Avena Puro Atelier N7 en Atelier Minimal Store.,active
vajillas-ceramica-tazon-de-avena-puro-7,,,,,,,Tono / Acabado,Marron Tierra Pastel,ATL-VAJ-227-M,450,shopify,50,deny,manual,48.0,,TRUE,TRUE,,,,,
vajillas-ceramica-jarra-de-agua-eco-8,Jarra de Agua Eco Atelier N8,<p>Exquisito jarra de agua elaborado artesanalmente. Tonos pastel suaves en verde y marron natural para la armonia de tu espacio.</p>,Atelier Store,Vajillas de Ceramica,"Vajillas de Ceramica, Minimalist, Eco, Atelier",TRUE,Tono / Acabado,Verde Soft Natural,ATL-VAJ-228-V,450,shopify,50,deny,manual,49.0,,TRUE,TRUE,,FALSE,Jarra de Agua Eco Atelier N8,Comprar Jarra de Agua Eco Atelier N8 en Atelier Minimal Store.,active
vajillas-ceramica-jarra-de-agua-eco-8,,,,,,,Tono / Acabado,Marron Tierra Pastel,ATL-VAJ-228-M,450,shopify,50,deny,manual,52.5,,TRUE,TRUE,,,,,
vajillas-ceramica-plato-postre-mate-9,Plato Postre Mate Atelier N9,<p>Exquisito plato postre elaborado artesanalmente. Tonos pastel suaves en verde y marron natural para la armonia de tu espacio.</p>,Atelier Store,Vajillas de Ceramica,"Vajillas de Ceramica, Minimalist, Eco, Atelier",TRUE,Tono / Acabado,Verde Soft Natural,ATL-VAJ-229-V,450,shopify,50,deny,manual,53.5,,TRUE,TRUE,,FALSE,Plato Postre Mate Atelier N9,Comprar Plato Postre Mate Atelier N9 en Atelier Minimal Store.,active
vajillas-ceramica-plato-postre-mate-9,,,,,,,Tono / Acabado,Marron Tierra Pastel,ATL-VAJ-229-M,450,shopify,50,deny,manual,57.0,,TRUE,TRUE,,,,,
vajillas-ceramica-taza-de-cafe-artesanal-10,Taza de Cafe Artesanal Atelier N10,<p>Exquisito taza de cafe elaborado artesanalmente. Tonos pastel suaves en verde y marron natural para la armonia de tu espacio.</p>,Atelier Store,Vajillas de Ceramica,"Vajillas de Ceramica, Minimalist, Eco, Atelier",TRUE,Tono / Acabado,Verde Soft Natural,ATL-VAJ-230-V,450,shopify,50,deny,manual,58.0,,TRUE,TRUE,,FALSE,Taza de Cafe Artesanal Atelier N10,Comprar Taza de Cafe Artesanal Atelier N10 en Atelier Minimal Store.,active
vajillas-ceramica-taza-de-cafe-artesanal-10,,,,,,,Tono / Acabado,Marron Tierra Pastel,ATL-VAJ-230-M,450,shopify,50,deny,manual,61.5,,TRUE,TRUE,,,,,
vajillas-ceramica-plato-trinchero-organico-11,Plato Trinchero Organico Atelier N11,<p>Exquisito plato trinchero elaborado artesanalmente. Tonos pastel suaves en verde y marron natural para la armonia de tu espacio.</p>,Atelier Store,Vajillas de Ceramica,"Vajillas de Ceramica, Minimalist, Eco, Atelier",TRUE,Tono / Acabado,Verde Soft Natural,ATL-VAJ-231-V,450,shopify,50,deny,manual,62.5,,TRUE,TRUE,,FALSE,Plato Trinchero Organico Atelier N11,Comprar Plato Trinchero Organico Atelier N11 en Atelier Minimal Store.,active
vajillas-ceramica-plato-trinchero-organico-11,,,,,,,Tono / Acabado,Marron Tierra Pastel,ATL-VAJ-231-M,450,shopify,50,deny,manual,66.0,,TRUE,TRUE,,,,,
vajillas-ceramica-tazon-de-avena-botanico-12,Tazon de Avena Botanico Atelier N12,<p>Exquisito tazon de avena elaborado artesanalmente. Tonos pastel suaves en verde y marron natural para la armonia de tu espacio.</p>,Atelier Store,Vajillas de Ceramica,"Vajillas de Ceramica, Minimalist, Eco, Atelier",TRUE,Tono / Acabado,Verde Soft Natural,ATL-VAJ-232-V,450,shopify,50,deny,manual,67.0,,TRUE,TRUE,,FALSE,Tazon de Avena Botanico Atelier N12,Comprar Tazon de Avena Botanico Atelier N12 en Atelier Minimal Store.,active
vajillas-ceramica-tazon-de-avena-botanico-12,,,,,,,Tono / Acabado,Marron Tierra Pastel,ATL-VAJ-232-M,450,shopify,50,deny,manual,70.5,,TRUE,TRUE,,,,,
vajillas-ceramica-jarra-de-agua-atelier-13,Jarra de Agua Atelier Atelier N13,<p>Exquisito jarra de agua elaborado artesanalmente. Tonos pastel suaves en verde y marron natural para la armonia de tu espacio.</p>,Atelier Store,Vajillas de Ceramica,"Vajillas de Ceramica, Minimalist, Eco, Atelier",TRUE,Tono / Acabado,Verde Soft Natural,ATL-VAJ-233-V,450,shopify,50,deny,manual,71.5,,TRUE,TRUE,,FALSE,Jarra de Agua Atelier Atelier N13,Comprar Jarra de Agua Atelier Atelier N13 en Atelier Minimal Store.,active
vajillas-ceramica-jarra-de-agua-atelier-13,,,,,,,Tono / Acabado,Marron Tierra Pastel,ATL-VAJ-233-M,450,shopify,50,deny,manual,75.0,,TRUE,TRUE,,,,,
vajillas-ceramica-plato-postre-pastel-14,Plato Postre Pastel Atelier N14,<p>Exquisito plato postre elaborado artesanalmente. Tonos pastel suaves en verde y marron natural para la armonia de tu espacio.</p>,Atelier Store,Vajillas de Ceramica,"Vajillas de Ceramica, Minimalist, Eco, Atelier",TRUE,Tono / Acabado,Verde Soft Natural,ATL-VAJ-234-V,450,shopify,50,deny,manual,76.0,,TRUE,TRUE,,FALSE,Plato Postre Pastel Atelier N14,Comprar Plato Postre Pastel Atelier N14 en Atelier Minimal Store.,active
vajillas-ceramica-plato-postre-pastel-14,,,,,,,Tono / Acabado,Marron Tierra Pastel,ATL-VAJ-234-M,450,shopify,50,deny,manual,79.5,,TRUE,TRUE,,,,,
vajillas-ceramica-taza-de-cafe-puro-15,Taza de Cafe Puro Atelier N15,<p>Exquisito taza de cafe elaborado artesanalmente. Tonos pastel suaves en verde y marron natural para la armonia de tu espacio.</p>,Atelier Store,Vajillas de Ceramica,"Vajillas de Ceramica, Minimalist, Eco, Atelier",TRUE,Tono / Acabado,Verde Soft Natural,ATL-VAJ-235-V,450,shopify,50,deny,manual,80.5,,TRUE,TRUE,,FALSE,Taza de Cafe Puro Atelier N15,Comprar Taza de Cafe Puro Atelier N15 en Atelier Minimal Store.,active
vajillas-ceramica-taza-de-cafe-puro-15,,,,,,,Tono / Acabado,Marron Tierra Pastel,ATL-VAJ-235-M,450,shopify,50,deny,manual,84.0,,TRUE,TRUE,,,,,
vajillas-ceramica-plato-trinchero-eco-16,Plato Trinchero Eco Atelier N16,<p>Exquisito plato trinchero elaborado artesanalmente. Tonos pastel suaves en verde y marron natural para la armonia de tu espacio.</p>,Atelier Store,Vajillas de Ceramica,"Vajillas de Ceramica, Minimalist, Eco, Atelier",TRUE,Tono / Acabado,Verde Soft Natural,ATL-VAJ-236-V,450,shopify,50,deny,manual,85.0,,TRUE,TRUE,,FALSE,Plato Trinchero Eco Atelier N16,Comprar Plato Trinchero Eco Atelier N16 en Atelier Minimal Store.,active
vajillas-ceramica-plato-trinchero-eco-16,,,,,,,Tono / Acabado,Marron Tierra Pastel,ATL-VAJ-236-M,450,shopify,50,deny,manual,88.5,,TRUE,TRUE,,,,,
vajillas-ceramica-tazon-de-avena-mate-17,Tazon de Avena Mate Atelier N17,<p>Exquisito tazon de avena elaborado artesanalmente. Tonos pastel suaves en verde y marron natural para la armonia de tu espacio.</p>,Atelier Store,Vajillas de Ceramica,"Vajillas de Ceramica, Minimalist, Eco, Atelier",TRUE,Tono / Acabado,Verde Soft Natural,ATL-VAJ-237-V,450,shopify,50,deny,manual,89.5,,TRUE,TRUE,,FALSE,Tazon de Avena Mate Atelier N17,Comprar Tazon de Avena Mate Atelier N17 en Atelier Minimal Store.,active
vajillas-ceramica-tazon-de-avena-mate-17,,,,,,,Tono / Acabado,Marron Tierra Pastel,ATL-VAJ-237-M,450,shopify,50,deny,manual,93.0,,TRUE,TRUE,,,,,
vajillas-ceramica-jarra-de-agua-artesanal-18,Jarra de Agua Artesanal Atelier N18,<p>Exquisito jarra de agua elaborado artesanalmente. Tonos pastel suaves en verde y marron natural para la armonia de tu espacio.</p>,Atelier Store,Vajillas de Ceramica,"Vajillas de Ceramica, Minimalist, Eco, Atelier",TRUE,Tono / Acabado,Verde Soft Natural,ATL-VAJ-238-V,450,shopify,50,deny,manual,94.0,,TRUE,TRUE,,FALSE,Jarra de Agua Artesanal Atelier N18,Comprar Jarra de Agua Artesanal Atelier N18 en Atelier Minimal Store.,active
vajillas-ceramica-jarra-de-agua-artesanal-18,,,,,,,Tono / Acabado,Marron Tierra Pastel,ATL-VAJ-238-M,450,shopify,50,deny,manual,97.5,,TRUE,TRUE,,,,,
vajillas-ceramica-plato-postre-organico-19,Plato Postre Organico Atelier N19,<p>Exquisito plato postre elaborado artesanalmente. Tonos pastel suaves en verde y marron natural para la armonia de tu espacio.</p>,Atelier Store,Vajillas de Ceramica,"Vajillas de Ceramica, Minimalist, Eco, Atelier",TRUE,Tono / Acabado,Verde Soft Natural,ATL-VAJ-239-V,450,shopify,50,deny,manual,98.5,,TRUE,TRUE,,FALSE,Plato Postre Organico Atelier N19,Comprar Plato Postre Organico Atelier N19 en Atelier Minimal Store.,active
vajillas-ceramica-plato-postre-organico-19,,,,,,,Tono / Acabado,Marron Tierra Pastel,ATL-VAJ-239-M,450,shopify,50,deny,manual,102.0,,TRUE,TRUE,,,,,
vajillas-ceramica-taza-de-cafe-botanico-20,Taza de Cafe Botanico Atelier N20,<p>Exquisito taza de cafe elaborado artesanalmente. Tonos pastel suaves en verde y marron natural para la armonia de tu espacio.</p>,Atelier Store,Vajillas de Ceramica,"Vajillas de Ceramica, Minimalist, Eco, Atelier",TRUE,Tono / Acabado,Verde Soft Natural,ATL-VAJ-240-V,450,shopify,50,deny,manual,103.0,,TRUE,TRUE,,FALSE,Taza de Cafe Botanico Atelier N20,Comprar Taza de Cafe Botanico Atelier N20 en Atelier Minimal Store.,active
vajillas-ceramica-taza-de-cafe-botanico-20,,,,,,,Tono / Acabado,Marron Tierra Pastel,ATL-VAJ-240-M,450,shopify,50,deny,manual,106.5,,TRUE,TRUE,,,,,
organizadores-madera-estante-flotante-organico-1,Estante Flotante Organico Atelier N1,<p>Exquisito estante flotante elaborado artesanalmente. Tonos pastel suaves en verde y marron natural para la armonia de tu espacio.</p>,Atelier Store,Organizadores de Madera,"Organizadores de Madera, Minimalist, Eco, Atelier",TRUE,Tono / Acabado,Verde Soft Natural,ATL-ORG-241-V,450,shopify,50,deny,manual,37.5,,TRUE,TRUE,,FALSE,Estante Flotante Organico Atelier N1,Comprar Estante Flotante Organico Atelier N1 en Atelier Minimal Store.,active
organizadores-madera-estante-flotante-organico-1,,,,,,,Tono / Acabado,Marron Tierra Pastel,ATL-ORG-241-M,450,shopify,50,deny,manual,41.0,,TRUE,TRUE,,,,,
organizadores-madera-joyero-botanico-2,Joyero Botanico Atelier N2,<p>Exquisito joyero elaborado artesanalmente. Tonos pastel suaves en verde y marron natural para la armonia de tu espacio.</p>,Atelier Store,Organizadores de Madera,"Organizadores de Madera, Minimalist, Eco, Atelier",TRUE,Tono / Acabado,Verde Soft Natural,ATL-ORG-242-V,450,shopify,50,deny,manual,42.0,,TRUE,TRUE,,FALSE,Joyero Botanico Atelier N2,Comprar Joyero Botanico Atelier N2 en Atelier Minimal Store.,active
organizadores-madera-joyero-botanico-2,,,,,,,Tono / Acabado,Marron Tierra Pastel,ATL-ORG-242-M,450,shopify,50,deny,manual,45.5,,TRUE,TRUE,,,,,
organizadores-madera-lapicero-atelier-3,Lapicero Atelier Atelier N3,<p>Exquisito lapicero elaborado artesanalmente. Tonos pastel suaves en verde y marron natural para la armonia de tu espacio.</p>,Atelier Store,Organizadores de Madera,"Organizadores de Madera, Minimalist, Eco, Atelier",TRUE,Tono / Acabado,Verde Soft Natural,ATL-ORG-243-V,450,shopify,50,deny,manual,46.5,,TRUE,TRUE,,FALSE,Lapicero Atelier Atelier N3,Comprar Lapicero Atelier Atelier N3 en Atelier Minimal Store.,active
organizadores-madera-lapicero-atelier-3,,,,,,,Tono / Acabado,Marron Tierra Pastel,ATL-ORG-243-M,450,shopify,50,deny,manual,50.0,,TRUE,TRUE,,,,,
organizadores-madera-perchero-pastel-4,Perchero Pastel Atelier N4,<p>Exquisito perchero elaborado artesanalmente. Tonos pastel suaves en verde y marron natural para la armonia de tu espacio.</p>,Atelier Store,Organizadores de Madera,"Organizadores de Madera, Minimalist, Eco, Atelier",TRUE,Tono / Acabado,Verde Soft Natural,ATL-ORG-244-V,450,shopify,50,deny,manual,51.0,,TRUE,TRUE,,FALSE,Perchero Pastel Atelier N4,Comprar Perchero Pastel Atelier N4 en Atelier Minimal Store.,active
organizadores-madera-perchero-pastel-4,,,,,,,Tono / Acabado,Marron Tierra Pastel,ATL-ORG-244-M,450,shopify,50,deny,manual,54.5,,TRUE,TRUE,,,,,
organizadores-madera-caja-de-escritorio-puro-5,Caja de Escritorio Puro Atelier N5,<p>Exquisito caja de escritorio elaborado artesanalmente. Tonos pastel suaves en verde y marron natural para la armonia de tu espacio.</p>,Atelier Store,Organizadores de Madera,"Organizadores de Madera, Minimalist, Eco, Atelier",TRUE,Tono / Acabado,Verde Soft Natural,ATL-ORG-245-V,450,shopify,50,deny,manual,55.5,,TRUE,TRUE,,FALSE,Caja de Escritorio Puro Atelier N5,Comprar Caja de Escritorio Puro Atelier N5 en Atelier Minimal Store.,active
organizadores-madera-caja-de-escritorio-puro-5,,,,,,,Tono / Acabado,Marron Tierra Pastel,ATL-ORG-245-M,450,shopify,50,deny,manual,59.0,,TRUE,TRUE,,,,,
organizadores-madera-estante-flotante-eco-6,Estante Flotante Eco Atelier N6,<p>Exquisito estante flotante elaborado artesanalmente. Tonos pastel suaves en verde y marron natural para la armonia de tu espacio.</p>,Atelier Store,Organizadores de Madera,"Organizadores de Madera, Minimalist, Eco, Atelier",TRUE,Tono / Acabado,Verde Soft Natural,ATL-ORG-246-V,450,shopify,50,deny,manual,60.0,,TRUE,TRUE,,FALSE,Estante Flotante Eco Atelier N6,Comprar Estante Flotante Eco Atelier N6 en Atelier Minimal Store.,active
organizadores-madera-estante-flotante-eco-6,,,,,,,Tono / Acabado,Marron Tierra Pastel,ATL-ORG-246-M,450,shopify,50,deny,manual,63.5,,TRUE,TRUE,,,,,
organizadores-madera-joyero-mate-7,Joyero Mate Atelier N7,<p>Exquisito joyero elaborado artesanalmente. Tonos pastel suaves en verde y marron natural para la armonia de tu espacio.</p>,Atelier Store,Organizadores de Madera,"Organizadores de Madera, Minimalist, Eco, Atelier",TRUE,Tono / Acabado,Verde Soft Natural,ATL-ORG-247-V,450,shopify,50,deny,manual,64.5,,TRUE,TRUE,,FALSE,Joyero Mate Atelier N7,Comprar Joyero Mate Atelier N7 en Atelier Minimal Store.,active
organizadores-madera-joyero-mate-7,,,,,,,Tono / Acabado,Marron Tierra Pastel,ATL-ORG-247-M,450,shopify,50,deny,manual,68.0,,TRUE,TRUE,,,,,
organizadores-madera-lapicero-artesanal-8,Lapicero Artesanal Atelier N8,<p>Exquisito lapicero elaborado artesanalmente. Tonos pastel suaves en verde y marron natural para la armonia de tu espacio.</p>,Atelier Store,Organizadores de Madera,"Organizadores de Madera, Minimalist, Eco, Atelier",TRUE,Tono / Acabado,Verde Soft Natural,ATL-ORG-248-V,450,shopify,50,deny,manual,69.0,,TRUE,TRUE,,FALSE,Lapicero Artesanal Atelier N8,Comprar Lapicero Artesanal Atelier N8 en Atelier Minimal Store.,active
organizadores-madera-lapicero-artesanal-8,,,,,,,Tono / Acabado,Marron Tierra Pastel,ATL-ORG-248-M,450,shopify,50,deny,manual,72.5,,TRUE,TRUE,,,,,
organizadores-madera-perchero-organico-9,Perchero Organico Atelier N9,<p>Exquisito perchero elaborado artesanalmente. Tonos pastel suaves en verde y marron natural para la armonia de tu espacio.</p>,Atelier Store,Organizadores de Madera,"Organizadores de Madera, Minimalist, Eco, Atelier",TRUE,Tono / Acabado,Verde Soft Natural,ATL-ORG-249-V,450,shopify,50,deny,manual,73.5,,TRUE,TRUE,,FALSE,Perchero Organico Atelier N9,Comprar Perchero Organico Atelier N9 en Atelier Minimal Store.,active
organizadores-madera-perchero-organico-9,,,,,,,Tono / Acabado,Marron Tierra Pastel,ATL-ORG-249-M,450,shopify,50,deny,manual,77.0,,TRUE,TRUE,,,,,
organizadores-madera-caja-de-escritorio-botanico-10,Caja de Escritorio Botanico Atelier N10,<p>Exquisito caja de escritorio elaborado artesanalmente. Tonos pastel suaves en verde y marron natural para la armonia de tu espacio.</p>,Atelier Store,Organizadores de Madera,"Organizadores de Madera, Minimalist, Eco, Atelier",TRUE,Tono / Acabado,Verde Soft Natural,ATL-ORG-250-V,450,shopify,50,deny,manual,53.0,,TRUE,TRUE,,FALSE,Caja de Escritorio Botanico Atelier N10,Comprar Caja de Escritorio Botanico Atelier N10 en Atelier Minimal Store.,active
organizadores-madera-caja-de-escritorio-botanico-10,,,,,,,Tono / Acabado,Marron Tierra Pastel,ATL-ORG-250-M,450,shopify,50,deny,manual,56.5,,TRUE,TRUE,,,,,
organizadores-madera-estante-flotante-atelier-11,Estante Flotante Atelier Atelier N11,<p>Exquisito estante flotante elaborado artesanalmente. Tonos pastel suaves en verde y marron natural para la armonia de tu espacio.</p>,Atelier Store,Organizadores de Madera,"Organizadores de Madera, Minimalist, Eco, Atelier",TRUE,Tono / Acabado,Verde Soft Natural,ATL-ORG-251-V,450,shopify,50,deny,manual,57.5,,TRUE,TRUE,,FALSE,Estante Flotante Atelier Atelier N11,Comprar Estante Flotante Atelier Atelier N11 en Atelier Minimal Store.,active
organizadores-madera-estante-flotante-atelier-11,,,,,,,Tono / Acabado,Marron Tierra Pastel,ATL-ORG-251-M,450,shopify,50,deny,manual,61.0,,TRUE,TRUE,,,,,
organizadores-madera-joyero-pastel-12,Joyero Pastel Atelier N12,<p>Exquisito joyero elaborado artesanalmente. Tonos pastel suaves en verde y marron natural para la armonia de tu espacio.</p>,Atelier Store,Organizadores de Madera,"Organizadores de Madera, Minimalist, Eco, Atelier",TRUE,Tono / Acabado,Verde Soft Natural,ATL-ORG-252-V,450,shopify,50,deny,manual,62.0,,TRUE,TRUE,,FALSE,Joyero Pastel Atelier N12,Comprar Joyero Pastel Atelier N12 en Atelier Minimal Store.,active
organizadores-madera-joyero-pastel-12,,,,,,,Tono / Acabado,Marron Tierra Pastel,ATL-ORG-252-M,450,shopify,50,deny,manual,65.5,,TRUE,TRUE,,,,,
organizadores-madera-lapicero-puro-13,Lapicero Puro Atelier N13,<p>Exquisito lapicero elaborado artesanalmente. Tonos pastel suaves en verde y marron natural para la armonia de tu espacio.</p>,Atelier Store,Organizadores de Madera,"Organizadores de Madera, Minimalist, Eco, Atelier",TRUE,Tono / Acabado,Verde Soft Natural,ATL-ORG-253-V,450,shopify,50,deny,manual,66.5,,TRUE,TRUE,,FALSE,Lapicero Puro Atelier N13,Comprar Lapicero Puro Atelier N13 en Atelier Minimal Store.,active
organizadores-madera-lapicero-puro-13,,,,,,,Tono / Acabado,Marron Tierra Pastel,ATL-ORG-253-M,450,shopify,50,deny,manual,70.0,,TRUE,TRUE,,,,,
organizadores-madera-perchero-eco-14,Perchero Eco Atelier N14,<p>Exquisito perchero elaborado artesanalmente. Tonos pastel suaves en verde y marron natural para la armonia de tu espacio.</p>,Atelier Store,Organizadores de Madera,"Organizadores de Madera, Minimalist, Eco, Atelier",TRUE,Tono / Acabado,Verde Soft Natural,ATL-ORG-254-V,450,shopify,50,deny,manual,71.0,,TRUE,TRUE,,FALSE,Perchero Eco Atelier N14,Comprar Perchero Eco Atelier N14 en Atelier Minimal Store.,active
organizadores-madera-perchero-eco-14,,,,,,,Tono / Acabado,Marron Tierra Pastel,ATL-ORG-254-M,450,shopify,50,deny,manual,74.5,,TRUE,TRUE,,,,,
organizadores-madera-caja-de-escritorio-mate-15,Caja de Escritorio Mate Atelier N15,<p>Exquisito caja de escritorio elaborado artesanalmente. Tonos pastel suaves en verde y marron natural para la armonia de tu espacio.</p>,Atelier Store,Organizadores de Madera,"Organizadores de Madera, Minimalist, Eco, Atelier",TRUE,Tono / Acabado,Verde Soft Natural,ATL-ORG-255-V,450,shopify,50,deny,manual,75.5,,TRUE,TRUE,,FALSE,Caja de Escritorio Mate Atelier N15,Comprar Caja de Escritorio Mate Atelier N15 en Atelier Minimal Store.,active
organizadores-madera-caja-de-escritorio-mate-15,,,,,,,Tono / Acabado,Marron Tierra Pastel,ATL-ORG-255-M,450,shopify,50,deny,manual,79.0,,TRUE,TRUE,,,,,
organizadores-madera-estante-flotante-artesanal-16,Estante Flotante Artesanal Atelier N16,<p>Exquisito estante flotante elaborado artesanalmente. Tonos pastel suaves en verde y marron natural para la armonia de tu espacio.</p>,Atelier Store,Organizadores de Madera,"Organizadores de Madera, Minimalist, Eco, Atelier",TRUE,Tono / Acabado,Verde Soft Natural,ATL-ORG-256-V,450,shopify,50,deny,manual,80.0,,TRUE,TRUE,,FALSE,Estante Flotante Artesanal Atelier N16,Comprar Estante Flotante Artesanal Atelier N16 en Atelier Minimal Store.,active
organizadores-madera-estante-flotante-artesanal-16,,,,,,,Tono / Acabado,Marron Tierra Pastel,ATL-ORG-256-M,450,shopify,50,deny,manual,83.5,,TRUE,TRUE,,,,,
organizadores-madera-joyero-organico-17,Joyero Organico Atelier N17,<p>Exquisito joyero elaborado artesanalmente. Tonos pastel suaves en verde y marron natural para la armonia de tu espacio.</p>,Atelier Store,Organizadores de Madera,"Organizadores de Madera, Minimalist, Eco, Atelier",TRUE,Tono / Acabado,Verde Soft Natural,ATL-ORG-257-V,450,shopify,50,deny,manual,84.5,,TRUE,TRUE,,FALSE,Joyero Organico Atelier N17,Comprar Joyero Organico Atelier N17 en Atelier Minimal Store.,active
organizadores-madera-joyero-organico-17,,,,,,,Tono / Acabado,Marron Tierra Pastel,ATL-ORG-257-M,450,shopify,50,deny,manual,88.0,,TRUE,TRUE,,,,,
organizadores-madera-lapicero-botanico-18,Lapicero Botanico Atelier N18,<p>Exquisito lapicero elaborado artesanalmente. Tonos pastel suaves en verde y marron natural para la armonia de tu espacio.</p>,Atelier Store,Organizadores de Madera,"Organizadores de Madera, Minimalist, Eco, Atelier",TRUE,Tono / Acabado,Verde Soft Natural,ATL-ORG-258-V,450,shopify,50,deny,manual,89.0,,TRUE,TRUE,,FALSE,Lapicero Botanico Atelier N18,Comprar Lapicero Botanico Atelier N18 en Atelier Minimal Store.,active
organizadores-madera-lapicero-botanico-18,,,,,,,Tono / Acabado,Marron Tierra Pastel,ATL-ORG-258-M,450,shopify,50,deny,manual,92.5,,TRUE,TRUE,,,,,
organizadores-madera-perchero-atelier-19,Perchero Atelier Atelier N19,<p>Exquisito perchero elaborado artesanalmente. Tonos pastel suaves en verde y marron natural para la armonia de tu espacio.</p>,Atelier Store,Organizadores de Madera,"Organizadores de Madera, Minimalist, Eco, Atelier",TRUE,Tono / Acabado,Verde Soft Natural,ATL-ORG-259-V,450,shopify,50,deny,manual,93.5,,TRUE,TRUE,,FALSE,Perchero Atelier Atelier N19,Comprar Perchero Atelier Atelier N19 en Atelier Minimal Store.,active
organizadores-madera-perchero-atelier-19,,,,,,,Tono / Acabado,Marron Tierra Pastel,ATL-ORG-259-M,450,shopify,50,deny,manual,97.0,,TRUE,TRUE,,,,,
organizadores-madera-caja-de-escritorio-pastel-20,Caja de Escritorio Pastel Atelier N20,<p>Exquisito caja de escritorio elaborado artesanalmente. Tonos pastel suaves en verde y marron natural para la armonia de tu espacio.</p>,Atelier Store,Organizadores de Madera,"Organizadores de Madera, Minimalist, Eco, Atelier",TRUE,Tono / Acabado,Verde Soft Natural,ATL-ORG-260-V,450,shopify,50,deny,manual,98.0,,TRUE,TRUE,,FALSE,Caja de Escritorio Pastel Atelier N20,Comprar Caja de Escritorio Pastel Atelier N20 en Atelier Minimal Store.,active
organizadores-madera-caja-de-escritorio-pastel-20,,,,,,,Tono / Acabado,Marron Tierra Pastel,ATL-ORG-260-M,450,shopify,50,deny,manual,101.5,,TRUE,TRUE,,,,,
papeleria-minimal-planificador-semanal-atelier-1,Planificador Semanal Atelier Atelier N1,<p>Exquisito planificador semanal elaborado artesanalmente. Tonos pastel suaves en verde y marron natural para la armonia de tu espacio.</p>,Atelier Store,Papeleria Minimalista,"Papeleria Minimalista, Minimalist, Eco, Atelier",TRUE,Tono / Acabado,Verde Soft Natural,ATL-PAP-261-V,450,shopify,50,deny,manual,32.5,,TRUE,TRUE,,FALSE,Planificador Semanal Atelier Atelier N1,Comprar Planificador Semanal Atelier Atelier N1 en Atelier Minimal Store.,active
papeleria-minimal-planificador-semanal-atelier-1,,,,,,,Tono / Acabado,Marron Tierra Pastel,ATL-PAP-261-M,450,shopify,50,deny,manual,36.0,,TRUE,TRUE,,,,,
papeleria-minimal-pluma-estilografica-pastel-2,Pluma Estilografica Pastel Atelier N2,<p>Exquisito pluma estilografica elaborado artesanalmente. Tonos pastel suaves en verde y marron natural para la armonia de tu espacio.</p>,Atelier Store,Papeleria Minimalista,"Papeleria Minimalista, Minimalist, Eco, Atelier",TRUE,Tono / Acabado,Verde Soft Natural,ATL-PAP-262-V,450,shopify,50,deny,manual,37.0,,TRUE,TRUE,,FALSE,Pluma Estilografica Pastel Atelier N2,Comprar Pluma Estilografica Pastel Atelier N2 en Atelier Minimal Store.,active
papeleria-minimal-pluma-estilografica-pastel-2,,,,,,,Tono / Acabado,Marron Tierra Pastel,ATL-PAP-262-M,450,shopify,50,deny,manual,40.5,,TRUE,TRUE,,,,,
papeleria-minimal-bloc-de-notas-puro-3,Bloc de Notas Puro Atelier N3,<p>Exquisito bloc de notas elaborado artesanalmente. Tonos pastel suaves en verde y marron natural para la armonia de tu espacio.</p>,Atelier Store,Papeleria Minimalista,"Papeleria Minimalista, Minimalist, Eco, Atelier",TRUE,Tono / Acabado,Verde Soft Natural,ATL-PAP-263-V,450,shopify,50,deny,manual,41.5,,TRUE,TRUE,,FALSE,Bloc de Notas Puro Atelier N3,Comprar Bloc de Notas Puro Atelier N3 en Atelier Minimal Store.,active
papeleria-minimal-bloc-de-notas-puro-3,,,,,,,Tono / Acabado,Marron Tierra Pastel,ATL-PAP-263-M,450,shopify,50,deny,manual,45.0,,TRUE,TRUE,,,,,
papeleria-minimal-set-marcapaginas-eco-4,Set Marcapaginas Eco Atelier N4,<p>Exquisito set marcapaginas elaborado artesanalmente. Tonos pastel suaves en verde y marron natural para la armonia de tu espacio.</p>,Atelier Store,Papeleria Minimalista,"Papeleria Minimalista, Minimalist, Eco, Atelier",TRUE,Tono / Acabado,Verde Soft Natural,ATL-PAP-264-V,450,shopify,50,deny,manual,46.0,,TRUE,TRUE,,FALSE,Set Marcapaginas Eco Atelier N4,Comprar Set Marcapaginas Eco Atelier N4 en Atelier Minimal Store.,active
papeleria-minimal-set-marcapaginas-eco-4,,,,,,,Tono / Acabado,Marron Tierra Pastel,ATL-PAP-264-M,450,shopify,50,deny,manual,49.5,,TRUE,TRUE,,,,,
papeleria-minimal-cuaderno-lino-mate-5,Cuaderno Lino Mate Atelier N5,<p>Exquisito cuaderno lino elaborado artesanalmente. Tonos pastel suaves en verde y marron natural para la armonia de tu espacio.</p>,Atelier Store,Papeleria Minimalista,"Papeleria Minimalista, Minimalist, Eco, Atelier",TRUE,Tono / Acabado,Verde Soft Natural,ATL-PAP-265-V,450,shopify,50,deny,manual,50.5,,TRUE,TRUE,,FALSE,Cuaderno Lino Mate Atelier N5,Comprar Cuaderno Lino Mate Atelier N5 en Atelier Minimal Store.,active
papeleria-minimal-cuaderno-lino-mate-5,,,,,,,Tono / Acabado,Marron Tierra Pastel,ATL-PAP-265-M,450,shopify,50,deny,manual,54.0,,TRUE,TRUE,,,,,
papeleria-minimal-planificador-semanal-artesanal-6,Planificador Semanal Artesanal Atelier N6,<p>Exquisito planificador semanal elaborado artesanalmente. Tonos pastel suaves en verde y marron natural para la armonia de tu espacio.</p>,Atelier Store,Papeleria Minimalista,"Papeleria Minimalista, Minimalist, Eco, Atelier",TRUE,Tono / Acabado,Verde Soft Natural,ATL-PAP-266-V,450,shopify,50,deny,manual,55.0,,TRUE,TRUE,,FALSE,Planificador Semanal Artesanal Atelier N6,Comprar Planificador Semanal Artesanal Atelier N6 en Atelier Minimal Store.,active
papeleria-minimal-planificador-semanal-artesanal-6,,,,,,,Tono / Acabado,Marron Tierra Pastel,ATL-PAP-266-M,450,shopify,50,deny,manual,58.5,,TRUE,TRUE,,,,,
papeleria-minimal-pluma-estilografica-organico-7,Pluma Estilografica Organico Atelier N7,<p>Exquisito pluma estilografica elaborado artesanalmente. Tonos pastel suaves en verde y marron natural para la armonia de tu espacio.</p>,Atelier Store,Papeleria Minimalista,"Papeleria Minimalista, Minimalist, Eco, Atelier",TRUE,Tono / Acabado,Verde Soft Natural,ATL-PAP-267-V,450,shopify,50,deny,manual,59.5,,TRUE,TRUE,,FALSE,Pluma Estilografica Organico Atelier N7,Comprar Pluma Estilografica Organico Atelier N7 en Atelier Minimal Store.,active
papeleria-minimal-pluma-estilografica-organico-7,,,,,,,Tono / Acabado,Marron Tierra Pastel,ATL-PAP-267-M,450,shopify,50,deny,manual,63.0,,TRUE,TRUE,,,,,
papeleria-minimal-bloc-de-notas-botanico-8,Bloc de Notas Botanico Atelier N8,<p>Exquisito bloc de notas elaborado artesanalmente. Tonos pastel suaves en verde y marron natural para la armonia de tu espacio.</p>,Atelier Store,Papeleria Minimalista,"Papeleria Minimalista, Minimalist, Eco, Atelier",TRUE,Tono / Acabado,Verde Soft Natural,ATL-PAP-268-V,450,shopify,50,deny,manual,64.0,,TRUE,TRUE,,FALSE,Bloc de Notas Botanico Atelier N8,Comprar Bloc de Notas Botanico Atelier N8 en Atelier Minimal Store.,active
papeleria-minimal-bloc-de-notas-botanico-8,,,,,,,Tono / Acabado,Marron Tierra Pastel,ATL-PAP-268-M,450,shopify,50,deny,manual,67.5,,TRUE,TRUE,,,,,
papeleria-minimal-set-marcapaginas-atelier-9,Set Marcapaginas Atelier Atelier N9,<p>Exquisito set marcapaginas elaborado artesanalmente. Tonos pastel suaves en verde y marron natural para la armonia de tu espacio.</p>,Atelier Store,Papeleria Minimalista,"Papeleria Minimalista, Minimalist, Eco, Atelier",TRUE,Tono / Acabado,Verde Soft Natural,ATL-PAP-269-V,450,shopify,50,deny,manual,68.5,,TRUE,TRUE,,FALSE,Set Marcapaginas Atelier Atelier N9,Comprar Set Marcapaginas Atelier Atelier N9 en Atelier Minimal Store.,active
papeleria-minimal-set-marcapaginas-atelier-9,,,,,,,Tono / Acabado,Marron Tierra Pastel,ATL-PAP-269-M,450,shopify,50,deny,manual,72.0,,TRUE,TRUE,,,,,
papeleria-minimal-cuaderno-lino-pastel-10,Cuaderno Lino Pastel Atelier N10,<p>Exquisito cuaderno lino elaborado artesanalmente. Tonos pastel suaves en verde y marron natural para la armonia de tu espacio.</p>,Atelier Store,Papeleria Minimalista,"Papeleria Minimalista, Minimalist, Eco, Atelier",TRUE,Tono / Acabado,Verde Soft Natural,ATL-PAP-270-V,450,shopify,50,deny,manual,73.0,,TRUE,TRUE,,FALSE,Cuaderno Lino Pastel Atelier N10,Comprar Cuaderno Lino Pastel Atelier N10 en Atelier Minimal Store.,active
papeleria-minimal-cuaderno-lino-pastel-10,,,,,,,Tono / Acabado,Marron Tierra Pastel,ATL-PAP-270-M,450,shopify,50,deny,manual,76.5,,TRUE,TRUE,,,,,
papeleria-minimal-planificador-semanal-puro-11,Planificador Semanal Puro Atelier N11,<p>Exquisito planificador semanal elaborado artesanalmente. Tonos pastel suaves en verde y marron natural para la armonia de tu espacio.</p>,Atelier Store,Papeleria Minimalista,"Papeleria Minimalista, Minimalist, Eco, Atelier",TRUE,Tono / Acabado,Verde Soft Natural,ATL-PAP-271-V,450,shopify,50,deny,manual,77.5,,TRUE,TRUE,,FALSE,Planificador Semanal Puro Atelier N11,Comprar Planificador Semanal Puro Atelier N11 en Atelier Minimal Store.,active
papeleria-minimal-planificador-semanal-puro-11,,,,,,,Tono / Acabado,Marron Tierra Pastel,ATL-PAP-271-M,450,shopify,50,deny,manual,81.0,,TRUE,TRUE,,,,,
papeleria-minimal-pluma-estilografica-eco-12,Pluma Estilografica Eco Atelier N12,<p>Exquisito pluma estilografica elaborado artesanalmente. Tonos pastel suaves en verde y marron natural para la armonia de tu espacio.</p>,Atelier Store,Papeleria Minimalista,"Papeleria Minimalista, Minimalist, Eco, Atelier",TRUE,Tono / Acabado,Verde Soft Natural,ATL-PAP-272-V,450,shopify,50,deny,manual,82.0,,TRUE,TRUE,,FALSE,Pluma Estilografica Eco Atelier N12,Comprar Pluma Estilografica Eco Atelier N12 en Atelier Minimal Store.,active
papeleria-minimal-pluma-estilografica-eco-12,,,,,,,Tono / Acabado,Marron Tierra Pastel,ATL-PAP-272-M,450,shopify,50,deny,manual,85.5,,TRUE,TRUE,,,,,
papeleria-minimal-bloc-de-notas-mate-13,Bloc de Notas Mate Atelier N13,<p>Exquisito bloc de notas elaborado artesanalmente. Tonos pastel suaves en verde y marron natural para la armonia de tu espacio.</p>,Atelier Store,Papeleria Minimalista,"Papeleria Minimalista, Minimalist, Eco, Atelier",TRUE,Tono / Acabado,Verde Soft Natural,ATL-PAP-273-V,450,shopify,50,deny,manual,86.5,,TRUE,TRUE,,FALSE,Bloc de Notas Mate Atelier N13,Comprar Bloc de Notas Mate Atelier N13 en Atelier Minimal Store.,active
papeleria-minimal-bloc-de-notas-mate-13,,,,,,,Tono / Acabado,Marron Tierra Pastel,ATL-PAP-273-M,450,shopify,50,deny,manual,90.0,,TRUE,TRUE,,,,,
papeleria-minimal-set-marcapaginas-artesanal-14,Set Marcapaginas Artesanal Atelier N14,<p>Exquisito set marcapaginas elaborado artesanalmente. Tonos pastel suaves en verde y marron natural para la armonia de tu espacio.</p>,Atelier Store,Papeleria Minimalista,"Papeleria Minimalista, Minimalist, Eco, Atelier",TRUE,Tono / Acabado,Verde Soft Natural,ATL-PAP-274-V,450,shopify,50,deny,manual,91.0,,TRUE,TRUE,,FALSE,Set Marcapaginas Artesanal Atelier N14,Comprar Set Marcapaginas Artesanal Atelier N14 en Atelier Minimal Store.,active
papeleria-minimal-set-marcapaginas-artesanal-14,,,,,,,Tono / Acabado,Marron Tierra Pastel,ATL-PAP-274-M,450,shopify,50,deny,manual,94.5,,TRUE,TRUE,,,,,
papeleria-minimal-cuaderno-lino-organico-15,Cuaderno Lino Organico Atelier N15,<p>Exquisito cuaderno lino elaborado artesanalmente. Tonos pastel suaves en verde y marron natural para la armonia de tu espacio.</p>,Atelier Store,Papeleria Minimalista,"Papeleria Minimalista, Minimalist, Eco, Atelier",TRUE,Tono / Acabado,Verde Soft Natural,ATL-PAP-275-V,450,shopify,50,deny,manual,70.5,,TRUE,TRUE,,FALSE,Cuaderno Lino Organico Atelier N15,Comprar Cuaderno Lino Organico Atelier N15 en Atelier Minimal Store.,active
papeleria-minimal-cuaderno-lino-organico-15,,,,,,,Tono / Acabado,Marron Tierra Pastel,ATL-PAP-275-M,450,shopify,50,deny,manual,74.0,,TRUE,TRUE,,,,,
papeleria-minimal-planificador-semanal-botanico-16,Planificador Semanal Botanico Atelier N16,<p>Exquisito planificador semanal elaborado artesanalmente. Tonos pastel suaves en verde y marron natural para la armonia de tu espacio.</p>,Atelier Store,Papeleria Minimalista,"Papeleria Minimalista, Minimalist, Eco, Atelier",TRUE,Tono / Acabado,Verde Soft Natural,ATL-PAP-276-V,450,shopify,50,deny,manual,75.0,,TRUE,TRUE,,FALSE,Planificador Semanal Botanico Atelier N16,Comprar Planificador Semanal Botanico Atelier N16 en Atelier Minimal Store.,active
papeleria-minimal-planificador-semanal-botanico-16,,,,,,,Tono / Acabado,Marron Tierra Pastel,ATL-PAP-276-M,450,shopify,50,deny,manual,78.5,,TRUE,TRUE,,,,,
papeleria-minimal-pluma-estilografica-atelier-17,Pluma Estilografica Atelier Atelier N17,<p>Exquisito pluma estilografica elaborado artesanalmente. Tonos pastel suaves en verde y marron natural para la armonia de tu espacio.</p>,Atelier Store,Papeleria Minimalista,"Papeleria Minimalista, Minimalist, Eco, Atelier",TRUE,Tono / Acabado,Verde Soft Natural,ATL-PAP-277-V,450,shopify,50,deny,manual,79.5,,TRUE,TRUE,,FALSE,Pluma Estilografica Atelier Atelier N17,Comprar Pluma Estilografica Atelier Atelier N17 en Atelier Minimal Store.,active
papeleria-minimal-pluma-estilografica-atelier-17,,,,,,,Tono / Acabado,Marron Tierra Pastel,ATL-PAP-277-M,450,shopify,50,deny,manual,83.0,,TRUE,TRUE,,,,,
papeleria-minimal-bloc-de-notas-pastel-18,Bloc de Notas Pastel Atelier N18,<p>Exquisito bloc de notas elaborado artesanalmente. Tonos pastel suaves en verde y marron natural para la armonia de tu espacio.</p>,Atelier Store,Papeleria Minimalista,"Papeleria Minimalista, Minimalist, Eco, Atelier",TRUE,Tono / Acabado,Verde Soft Natural,ATL-PAP-278-V,450,shopify,50,deny,manual,84.0,,TRUE,TRUE,,FALSE,Bloc de Notas Pastel Atelier N18,Comprar Bloc de Notas Pastel Atelier N18 en Atelier Minimal Store.,active
papeleria-minimal-bloc-de-notas-pastel-18,,,,,,,Tono / Acabado,Marron Tierra Pastel,ATL-PAP-278-M,450,shopify,50,deny,manual,87.5,,TRUE,TRUE,,,,,
papeleria-minimal-set-marcapaginas-puro-19,Set Marcapaginas Puro Atelier N19,<p>Exquisito set marcapaginas elaborado artesanalmente. Tonos pastel suaves en verde y marron natural para la armonia de tu espacio.</p>,Atelier Store,Papeleria Minimalista,"Papeleria Minimalista, Minimalist, Eco, Atelier",TRUE,Tono / Acabado,Verde Soft Natural,ATL-PAP-279-V,450,shopify,50,deny,manual,88.5,,TRUE,TRUE,,FALSE,Set Marcapaginas Puro Atelier N19,Comprar Set Marcapaginas Puro Atelier N19 en Atelier Minimal Store.,active
papeleria-minimal-set-marcapaginas-puro-19,,,,,,,Tono / Acabado,Marron Tierra Pastel,ATL-PAP-279-M,450,shopify,50,deny,manual,92.0,,TRUE,TRUE,,,,,
papeleria-minimal-cuaderno-lino-eco-20,Cuaderno Lino Eco Atelier N20,<p>Exquisito cuaderno lino elaborado artesanalmente. Tonos pastel suaves en verde y marron natural para la armonia de tu espacio.</p>,Atelier Store,Papeleria Minimalista,"Papeleria Minimalista, Minimalist, Eco, Atelier",TRUE,Tono / Acabado,Verde Soft Natural,ATL-PAP-280-V,450,shopify,50,deny,manual,93.0,,TRUE,TRUE,,FALSE,Cuaderno Lino Eco Atelier N20,Comprar Cuaderno Lino Eco Atelier N20 en Atelier Minimal Store.,active
papeleria-minimal-cuaderno-lino-eco-20,,,,,,,Tono / Acabado,Marron Tierra Pastel,ATL-PAP-280-M,450,shopify,50,deny,manual,96.5,,TRUE,TRUE,,,,,
plantas-macetas-soporte-de-planta-puro-1,Soporte de Planta Puro Atelier N1,<p>Exquisito soporte de planta elaborado artesanalmente. Tonos pastel suaves en verde y marron natural para la armonia de tu espacio.</p>,Atelier Store,Macetas y Jardines,"Macetas y Jardines, Minimalist, Eco, Atelier",TRUE,Tono / Acabado,Verde Soft Natural,ATL-PLA-281-V,450,shopify,50,deny,manual,27.5,,TRUE,TRUE,,FALSE,Soporte de Planta Puro Atelier N1,Comprar Soporte de Planta Puro Atelier N1 en Atelier Minimal Store.,active
plantas-macetas-soporte-de-planta-puro-1,,,,,,,Tono / Acabado,Marron Tierra Pastel,ATL-PLA-281-M,450,shopify,50,deny,manual,31.0,,TRUE,TRUE,,,,,
plantas-macetas-regadera-de-cobre-eco-2,Regadera de Cobre Eco Atelier N2,<p>Exquisito regadera de cobre elaborado artesanalmente. Tonos pastel suaves en verde y marron natural para la armonia de tu espacio.</p>,Atelier Store,Macetas y Jardines,"Macetas y Jardines, Minimalist, Eco, Atelier",TRUE,Tono / Acabado,Verde Soft Natural,ATL-PLA-282-V,450,shopify,50,deny,manual,32.0,,TRUE,TRUE,,FALSE,Regadera de Cobre Eco Atelier N2,Comprar Regadera de Cobre Eco Atelier N2 en Atelier Minimal Store.,active
plantas-macetas-regadera-de-cobre-eco-2,,,,,,,Tono / Acabado,Marron Tierra Pastel,ATL-PLA-282-M,450,shopify,50,deny,manual,35.5,,TRUE,TRUE,,,,,
plantas-macetas-maceta-colgante-mate-3,Maceta Colgante Mate Atelier N3,<p>Exquisito maceta colgante elaborado artesanalmente. Tonos pastel suaves en verde y marron natural para la armonia de tu espacio.</p>,Atelier Store,Macetas y Jardines,"Macetas y Jardines, Minimalist, Eco, Atelier",TRUE,Tono / Acabado,Verde Soft Natural,ATL-PLA-283-V,450,shopify,50,deny,manual,36.5,,TRUE,TRUE,,FALSE,Maceta Colgante Mate Atelier N3,Comprar Maceta Colgante Mate Atelier N3 en Atelier Minimal Store.,active
plantas-macetas-maceta-colgante-mate-3,,,,,,,Tono / Acabado,Marron Tierra Pastel,ATL-PLA-283-M,450,shopify,50,deny,manual,40.0,,TRUE,TRUE,,,,,
plantas-macetas-pulverizador-artesanal-4,Pulverizador Artesanal Atelier N4,<p>Exquisito pulverizador elaborado artesanalmente. Tonos pastel suaves en verde y marron natural para la armonia de tu espacio.</p>,Atelier Store,Macetas y Jardines,"Macetas y Jardines, Minimalist, Eco, Atelier",TRUE,Tono / Acabado,Verde Soft Natural,ATL-PLA-284-V,450,shopify,50,deny,manual,41.0,,TRUE,TRUE,,FALSE,Pulverizador Artesanal Atelier N4,Comprar Pulverizador Artesanal Atelier N4 en Atelier Minimal Store.,active
plantas-macetas-pulverizador-artesanal-4,,,,,,,Tono / Acabado,Marron Tierra Pastel,ATL-PLA-284-M,450,shopify,50,deny,manual,44.5,,TRUE,TRUE,,,,,
plantas-macetas-maceta-terracota-organico-5,Maceta Terracota Organico Atelier N5,<p>Exquisito maceta terracota elaborado artesanalmente. Tonos pastel suaves en verde y marron natural para la armonia de tu espacio.</p>,Atelier Store,Macetas y Jardines,"Macetas y Jardines, Minimalist, Eco, Atelier",TRUE,Tono / Acabado,Verde Soft Natural,ATL-PLA-285-V,450,shopify,50,deny,manual,45.5,,TRUE,TRUE,,FALSE,Maceta Terracota Organico Atelier N5,Comprar Maceta Terracota Organico Atelier N5 en Atelier Minimal Store.,active
plantas-macetas-maceta-terracota-organico-5,,,,,,,Tono / Acabado,Marron Tierra Pastel,ATL-PLA-285-M,450,shopify,50,deny,manual,49.0,,TRUE,TRUE,,,,,
plantas-macetas-soporte-de-planta-botanico-6,Soporte de Planta Botanico Atelier N6,<p>Exquisito soporte de planta elaborado artesanalmente. Tonos pastel suaves en verde y marron natural para la armonia de tu espacio.</p>,Atelier Store,Macetas y Jardines,"Macetas y Jardines, Minimalist, Eco, Atelier",TRUE,Tono / Acabado,Verde Soft Natural,ATL-PLA-286-V,450,shopify,50,deny,manual,50.0,,TRUE,TRUE,,FALSE,Soporte de Planta Botanico Atelier N6,Comprar Soporte de Planta Botanico Atelier N6 en Atelier Minimal Store.,active
plantas-macetas-soporte-de-planta-botanico-6,,,,,,,Tono / Acabado,Marron Tierra Pastel,ATL-PLA-286-M,450,shopify,50,deny,manual,53.5,,TRUE,TRUE,,,,,
plantas-macetas-regadera-de-cobre-atelier-7,Regadera de Cobre Atelier Atelier N7,<p>Exquisito regadera de cobre elaborado artesanalmente. Tonos pastel suaves en verde y marron natural para la armonia de tu espacio.</p>,Atelier Store,Macetas y Jardines,"Macetas y Jardines, Minimalist, Eco, Atelier",TRUE,Tono / Acabado,Verde Soft Natural,ATL-PLA-287-V,450,shopify,50,deny,manual,54.5,,TRUE,TRUE,,FALSE,Regadera de Cobre Atelier Atelier N7,Comprar Regadera de Cobre Atelier Atelier N7 en Atelier Minimal Store.,active
plantas-macetas-regadera-de-cobre-atelier-7,,,,,,,Tono / Acabado,Marron Tierra Pastel,ATL-PLA-287-M,450,shopify,50,deny,manual,58.0,,TRUE,TRUE,,,,,
plantas-macetas-maceta-colgante-pastel-8,Maceta Colgante Pastel Atelier N8,<p>Exquisito maceta colgante elaborado artesanalmente. Tonos pastel suaves en verde y marron natural para la armonia de tu espacio.</p>,Atelier Store,Macetas y Jardines,"Macetas y Jardines, Minimalist, Eco, Atelier",TRUE,Tono / Acabado,Verde Soft Natural,ATL-PLA-288-V,450,shopify,50,deny,manual,59.0,,TRUE,TRUE,,FALSE,Maceta Colgante Pastel Atelier N8,Comprar Maceta Colgante Pastel Atelier N8 en Atelier Minimal Store.,active
plantas-macetas-maceta-colgante-pastel-8,,,,,,,Tono / Acabado,Marron Tierra Pastel,ATL-PLA-288-M,450,shopify,50,deny,manual,62.5,,TRUE,TRUE,,,,,
plantas-macetas-pulverizador-puro-9,Pulverizador Puro Atelier N9,<p>Exquisito pulverizador elaborado artesanalmente. Tonos pastel suaves en verde y marron natural para la armonia de tu espacio.</p>,Atelier Store,Macetas y Jardines,"Macetas y Jardines, Minimalist, Eco, Atelier",TRUE,Tono / Acabado,Verde Soft Natural,ATL-PLA-289-V,450,shopify,50,deny,manual,63.5,,TRUE,TRUE,,FALSE,Pulverizador Puro Atelier N9,Comprar Pulverizador Puro Atelier N9 en Atelier Minimal Store.,active
plantas-macetas-pulverizador-puro-9,,,,,,,Tono / Acabado,Marron Tierra Pastel,ATL-PLA-289-M,450,shopify,50,deny,manual,67.0,,TRUE,TRUE,,,,,
plantas-macetas-maceta-terracota-eco-10,Maceta Terracota Eco Atelier N10,<p>Exquisito maceta terracota elaborado artesanalmente. Tonos pastel suaves en verde y marron natural para la armonia de tu espacio.</p>,Atelier Store,Macetas y Jardines,"Macetas y Jardines, Minimalist, Eco, Atelier",TRUE,Tono / Acabado,Verde Soft Natural,ATL-PLA-290-V,450,shopify,50,deny,manual,68.0,,TRUE,TRUE,,FALSE,Maceta Terracota Eco Atelier N10,Comprar Maceta Terracota Eco Atelier N10 en Atelier Minimal Store.,active
plantas-macetas-maceta-terracota-eco-10,,,,,,,Tono / Acabado,Marron Tierra Pastel,ATL-PLA-290-M,450,shopify,50,deny,manual,71.5,,TRUE,TRUE,,,,,
plantas-macetas-soporte-de-planta-mate-11,Soporte de Planta Mate Atelier N11,<p>Exquisito soporte de planta elaborado artesanalmente. Tonos pastel suaves en verde y marron natural para la armonia de tu espacio.</p>,Atelier Store,Macetas y Jardines,"Macetas y Jardines, Minimalist, Eco, Atelier",TRUE,Tono / Acabado,Verde Soft Natural,ATL-PLA-291-V,450,shopify,50,deny,manual,72.5,,TRUE,TRUE,,FALSE,Soporte de Planta Mate Atelier N11,Comprar Soporte de Planta Mate Atelier N11 en Atelier Minimal Store.,active
plantas-macetas-soporte-de-planta-mate-11,,,,,,,Tono / Acabado,Marron Tierra Pastel,ATL-PLA-291-M,450,shopify,50,deny,manual,76.0,,TRUE,TRUE,,,,,
plantas-macetas-regadera-de-cobre-artesanal-12,Regadera de Cobre Artesanal Atelier N12,<p>Exquisito regadera de cobre elaborado artesanalmente. Tonos pastel suaves en verde y marron natural para la armonia de tu espacio.</p>,Atelier Store,Macetas y Jardines,"Macetas y Jardines, Minimalist, Eco, Atelier",TRUE,Tono / Acabado,Verde Soft Natural,ATL-PLA-292-V,450,shopify,50,deny,manual,77.0,,TRUE,TRUE,,FALSE,Regadera de Cobre Artesanal Atelier N12,Comprar Regadera de Cobre Artesanal Atelier N12 en Atelier Minimal Store.,active
plantas-macetas-regadera-de-cobre-artesanal-12,,,,,,,Tono / Acabado,Marron Tierra Pastel,ATL-PLA-292-M,450,shopify,50,deny,manual,80.5,,TRUE,TRUE,,,,,
plantas-macetas-maceta-colgante-organico-13,Maceta Colgante Organico Atelier N13,<p>Exquisito maceta colgante elaborado artesanalmente. Tonos pastel suaves en verde y marron natural para la armonia de tu espacio.</p>,Atelier Store,Macetas y Jardines,"Macetas y Jardines, Minimalist, Eco, Atelier",TRUE,Tono / Acabado,Verde Soft Natural,ATL-PLA-293-V,450,shopify,50,deny,manual,81.5,,TRUE,TRUE,,FALSE,Maceta Colgante Organico Atelier N13,Comprar Maceta Colgante Organico Atelier N13 en Atelier Minimal Store.,active
plantas-macetas-maceta-colgante-organico-13,,,,,,,Tono / Acabado,Marron Tierra Pastel,ATL-PLA-293-M,450,shopify,50,deny,manual,85.0,,TRUE,TRUE,,,,,
plantas-macetas-pulverizador-botanico-14,Pulverizador Botanico Atelier N14,<p>Exquisito pulverizador elaborado artesanalmente. Tonos pastel suaves en verde y marron natural para la armonia de tu espacio.</p>,Atelier Store,Macetas y Jardines,"Macetas y Jardines, Minimalist, Eco, Atelier",TRUE,Tono / Acabado,Verde Soft Natural,ATL-PLA-294-V,450,shopify,50,deny,manual,86.0,,TRUE,TRUE,,FALSE,Pulverizador Botanico Atelier N14,Comprar Pulverizador Botanico Atelier N14 en Atelier Minimal Store.,active
plantas-macetas-pulverizador-botanico-14,,,,,,,Tono / Acabado,Marron Tierra Pastel,ATL-PLA-294-M,450,shopify,50,deny,manual,89.5,,TRUE,TRUE,,,,,
plantas-macetas-maceta-terracota-atelier-15,Maceta Terracota Atelier Atelier N15,<p>Exquisito maceta terracota elaborado artesanalmente. Tonos pastel suaves en verde y marron natural para la armonia de tu espacio.</p>,Atelier Store,Macetas y Jardines,"Macetas y Jardines, Minimalist, Eco, Atelier",TRUE,Tono / Acabado,Verde Soft Natural,ATL-PLA-295-V,450,shopify,50,deny,manual,90.5,,TRUE,TRUE,,FALSE,Maceta Terracota Atelier Atelier N15,Comprar Maceta Terracota Atelier Atelier N15 en Atelier Minimal Store.,active
plantas-macetas-maceta-terracota-atelier-15,,,,,,,Tono / Acabado,Marron Tierra Pastel,ATL-PLA-295-M,450,shopify,50,deny,manual,94.0,,TRUE,TRUE,,,,,
plantas-macetas-soporte-de-planta-pastel-16,Soporte de Planta Pastel Atelier N16,<p>Exquisito soporte de planta elaborado artesanalmente. Tonos pastel suaves en verde y marron natural para la armonia de tu espacio.</p>,Atelier Store,Macetas y Jardines,"Macetas y Jardines, Minimalist, Eco, Atelier",TRUE,Tono / Acabado,Verde Soft Natural,ATL-PLA-296-V,450,shopify,50,deny,manual,95.0,,TRUE,TRUE,,FALSE,Soporte de Planta Pastel Atelier N16,Comprar Soporte de Planta Pastel Atelier N16 en Atelier Minimal Store.,active
plantas-macetas-soporte-de-planta-pastel-16,,,,,,,Tono / Acabado,Marron Tierra Pastel,ATL-PLA-296-M,450,shopify,50,deny,manual,98.5,,TRUE,TRUE,,,,,
plantas-macetas-regadera-de-cobre-puro-17,Regadera de Cobre Puro Atelier N17,<p>Exquisito regadera de cobre elaborado artesanalmente. Tonos pastel suaves en verde y marron natural para la armonia de tu espacio.</p>,Atelier Store,Macetas y Jardines,"Macetas y Jardines, Minimalist, Eco, Atelier",TRUE,Tono / Acabado,Verde Soft Natural,ATL-PLA-297-V,450,shopify,50,deny,manual,99.5,,TRUE,TRUE,,FALSE,Regadera de Cobre Puro Atelier N17,Comprar Regadera de Cobre Puro Atelier N17 en Atelier Minimal Store.,active
plantas-macetas-regadera-de-cobre-puro-17,,,,,,,Tono / Acabado,Marron Tierra Pastel,ATL-PLA-297-M,450,shopify,50,deny,manual,103.0,,TRUE,TRUE,,,,,
plantas-macetas-maceta-colgante-eco-18,Maceta Colgante Eco Atelier N18,<p>Exquisito maceta colgante elaborado artesanalmente. Tonos pastel suaves en verde y marron natural para la armonia de tu espacio.</p>,Atelier Store,Macetas y Jardines,"Macetas y Jardines, Minimalist, Eco, Atelier",TRUE,Tono / Acabado,Verde Soft Natural,ATL-PLA-298-V,450,shopify,50,deny,manual,104.0,,TRUE,TRUE,,FALSE,Maceta Colgante Eco Atelier N18,Comprar Maceta Colgante Eco Atelier N18 en Atelier Minimal Store.,active
plantas-macetas-maceta-colgante-eco-18,,,,,,,Tono / Acabado,Marron Tierra Pastel,ATL-PLA-298-M,450,shopify,50,deny,manual,107.5,,TRUE,TRUE,,,,,
plantas-macetas-pulverizador-mate-19,Pulverizador Mate Atelier N19,<p>Exquisito pulverizador elaborado artesanalmente. Tonos pastel suaves en verde y marron natural para la armonia de tu espacio.</p>,Atelier Store,Macetas y Jardines,"Macetas y Jardines, Minimalist, Eco, Atelier",TRUE,Tono / Acabado,Verde Soft Natural,ATL-PLA-299-V,450,shopify,50,deny,manual,108.5,,TRUE,TRUE,,FALSE,Pulverizador Mate Atelier N19,Comprar Pulverizador Mate Atelier N19 en Atelier Minimal Store.,active
plantas-macetas-pulverizador-mate-19,,,,,,,Tono / Acabado,Marron Tierra Pastel,ATL-PLA-299-M,450,shopify,50,deny,manual,112.0,,TRUE,TRUE,,,,,
plantas-macetas-maceta-terracota-artesanal-20,Maceta Terracota Artesanal Atelier N20,<p>Exquisito maceta terracota elaborado artesanalmente. Tonos pastel suaves en verde y marron natural para la armonia de tu espacio.</p>,Atelier Store,Macetas y Jardines,"Macetas y Jardines, Minimalist, Eco, Atelier",TRUE,Tono / Acabado,Verde Soft Natural,ATL-PLA-300-V,450,shopify,50,deny,manual,88.0,,TRUE,TRUE,,FALSE,Maceta Terracota Artesanal Atelier N20,Comprar Maceta Terracota Artesanal Atelier N20 en Atelier Minimal Store.,active
plantas-macetas-maceta-terracota-artesanal-20,,,,,,,Tono / Acabado,Marron Tierra Pastel,ATL-PLA-300-M,450,shopify,50,deny,manual,91.5,,TRUE,TRUE,,,,,
bano-relax-sales-de-epsom-mate-1,Sales de Epsom Mate Atelier N1,<p>Exquisito sales de epsom elaborado artesanalmente. Tonos pastel suaves en verde y marron natural para la armonia de tu espacio.</p>,Atelier Store,Bano y Relax,"Bano y Relax, Minimalist, Eco, Atelier",TRUE,Tono / Acabado,Verde Soft Natural,ATL-BAN-301-V,450,shopify,50,deny,manual,22.5,,TRUE,TRUE,,FALSE,Sales de Epsom Mate Atelier N1,Comprar Sales de Epsom Mate Atelier N1 en Atelier Minimal Store.,active
bano-relax-sales-de-epsom-mate-1,,,,,,,Tono / Acabado,Marron Tierra Pastel,ATL-BAN-301-M,450,shopify,50,deny,manual,26.0,,TRUE,TRUE,,,,,
bano-relax-cepillo-seco-artesanal-2,Cepillo Seco Artesanal Atelier N2,<p>Exquisito cepillo seco elaborado artesanalmente. Tonos pastel suaves en verde y marron natural para la armonia de tu espacio.</p>,Atelier Store,Bano y Relax,"Bano y Relax, Minimalist, Eco, Atelier",TRUE,Tono / Acabado,Verde Soft Natural,ATL-BAN-302-V,450,shopify,50,deny,manual,27.0,,TRUE,TRUE,,FALSE,Cepillo Seco Artesanal Atelier N2,Comprar Cepillo Seco Artesanal Atelier N2 en Atelier Minimal Store.,active
bano-relax-cepillo-seco-artesanal-2,,,,,,,Tono / Acabado,Marron Tierra Pastel,ATL-BAN-302-M,450,shopify,50,deny,manual,30.5,,TRUE,TRUE,,,,,
bano-relax-jabon-de-arcilla-organico-3,Jabon de Arcilla Organico Atelier N3,<p>Exquisito jabon de arcilla elaborado artesanalmente. Tonos pastel suaves en verde y marron natural para la armonia de tu espacio.</p>,Atelier Store,Bano y Relax,"Bano y Relax, Minimalist, Eco, Atelier",TRUE,Tono / Acabado,Verde Soft Natural,ATL-BAN-303-V,450,shopify,50,deny,manual,31.5,,TRUE,TRUE,,FALSE,Jabon de Arcilla Organico Atelier N3,Comprar Jabon de Arcilla Organico Atelier N3 en Atelier Minimal Store.,active
bano-relax-jabon-de-arcilla-organico-3,,,,,,,Tono / Acabado,Marron Tierra Pastel,ATL-BAN-303-M,450,shopify,50,deny,manual,35.0,,TRUE,TRUE,,,,,
bano-relax-alfombra-de-algodon-botanico-4,Alfombra de Algodon Botanico Atelier N4,<p>Exquisito alfombra de algodon elaborado artesanalmente. Tonos pastel suaves en verde y marron natural para la armonia de tu espacio.</p>,Atelier Store,Bano y Relax,"Bano y Relax, Minimalist, Eco, Atelier",TRUE,Tono / Acabado,Verde Soft Natural,ATL-BAN-304-V,450,shopify,50,deny,manual,36.0,,TRUE,TRUE,,FALSE,Alfombra de Algodon Botanico Atelier N4,Comprar Alfombra de Algodon Botanico Atelier N4 en Atelier Minimal Store.,active
bano-relax-alfombra-de-algodon-botanico-4,,,,,,,Tono / Acabado,Marron Tierra Pastel,ATL-BAN-304-M,450,shopify,50,deny,manual,39.5,,TRUE,TRUE,,,,,
bano-relax-toalla-de-bambu-atelier-5,Toalla de Bambu Atelier Atelier N5,<p>Exquisito toalla de bambu elaborado artesanalmente. Tonos pastel suaves en verde y marron natural para la armonia de tu espacio.</p>,Atelier Store,Bano y Relax,"Bano y Relax, Minimalist, Eco, Atelier",TRUE,Tono / Acabado,Verde Soft Natural,ATL-BAN-305-V,450,shopify,50,deny,manual,40.5,,TRUE,TRUE,,FALSE,Toalla de Bambu Atelier Atelier N5,Comprar Toalla de Bambu Atelier Atelier N5 en Atelier Minimal Store.,active
bano-relax-toalla-de-bambu-atelier-5,,,,,,,Tono / Acabado,Marron Tierra Pastel,ATL-BAN-305-M,450,shopify,50,deny,manual,44.0,,TRUE,TRUE,,,,,
bano-relax-sales-de-epsom-pastel-6,Sales de Epsom Pastel Atelier N6,<p>Exquisito sales de epsom elaborado artesanalmente. Tonos pastel suaves en verde y marron natural para la armonia de tu espacio.</p>,Atelier Store,Bano y Relax,"Bano y Relax, Minimalist, Eco, Atelier",TRUE,Tono / Acabado,Verde Soft Natural,ATL-BAN-306-V,450,shopify,50,deny,manual,45.0,,TRUE,TRUE,,FALSE,Sales de Epsom Pastel Atelier N6,Comprar Sales de Epsom Pastel Atelier N6 en Atelier Minimal Store.,active
bano-relax-sales-de-epsom-pastel-6,,,,,,,Tono / Acabado,Marron Tierra Pastel,ATL-BAN-306-M,450,shopify,50,deny,manual,48.5,,TRUE,TRUE,,,,,
bano-relax-cepillo-seco-puro-7,Cepillo Seco Puro Atelier N7,<p>Exquisito cepillo seco elaborado artesanalmente. Tonos pastel suaves en verde y marron natural para la armonia de tu espacio.</p>,Atelier Store,Bano y Relax,"Bano y Relax, Minimalist, Eco, Atelier",TRUE,Tono / Acabado,Verde Soft Natural,ATL-BAN-307-V,450,shopify,50,deny,manual,49.5,,TRUE,TRUE,,FALSE,Cepillo Seco Puro Atelier N7,Comprar Cepillo Seco Puro Atelier N7 en Atelier Minimal Store.,active
bano-relax-cepillo-seco-puro-7,,,,,,,Tono / Acabado,Marron Tierra Pastel,ATL-BAN-307-M,450,shopify,50,deny,manual,53.0,,TRUE,TRUE,,,,,
bano-relax-jabon-de-arcilla-eco-8,Jabon de Arcilla Eco Atelier N8,<p>Exquisito jabon de arcilla elaborado artesanalmente. Tonos pastel suaves en verde y marron natural para la armonia de tu espacio.</p>,Atelier Store,Bano y Relax,"Bano y Relax, Minimalist, Eco, Atelier",TRUE,Tono / Acabado,Verde Soft Natural,ATL-BAN-308-V,450,shopify,50,deny,manual,54.0,,TRUE,TRUE,,FALSE,Jabon de Arcilla Eco Atelier N8,Comprar Jabon de Arcilla Eco Atelier N8 en Atelier Minimal Store.,active
bano-relax-jabon-de-arcilla-eco-8,,,,,,,Tono / Acabado,Marron Tierra Pastel,ATL-BAN-308-M,450,shopify,50,deny,manual,57.5,,TRUE,TRUE,,,,,
bano-relax-alfombra-de-algodon-mate-9,Alfombra de Algodon Mate Atelier N9,<p>Exquisito alfombra de algodon elaborado artesanalmente. Tonos pastel suaves en verde y marron natural para la armonia de tu espacio.</p>,Atelier Store,Bano y Relax,"Bano y Relax, Minimalist, Eco, Atelier",TRUE,Tono / Acabado,Verde Soft Natural,ATL-BAN-309-V,450,shopify,50,deny,manual,58.5,,TRUE,TRUE,,FALSE,Alfombra de Algodon Mate Atelier N9,Comprar Alfombra de Algodon Mate Atelier N9 en Atelier Minimal Store.,active
bano-relax-alfombra-de-algodon-mate-9,,,,,,,Tono / Acabado,Marron Tierra Pastel,ATL-BAN-309-M,450,shopify,50,deny,manual,62.0,,TRUE,TRUE,,,,,
bano-relax-toalla-de-bambu-artesanal-10,Toalla de Bambu Artesanal Atelier N10,<p>Exquisito toalla de bambu elaborado artesanalmente. Tonos pastel suaves en verde y marron natural para la armonia de tu espacio.</p>,Atelier Store,Bano y Relax,"Bano y Relax, Minimalist, Eco, Atelier",TRUE,Tono / Acabado,Verde Soft Natural,ATL-BAN-310-V,450,shopify,50,deny,manual,63.0,,TRUE,TRUE,,FALSE,Toalla de Bambu Artesanal Atelier N10,Comprar Toalla de Bambu Artesanal Atelier N10 en Atelier Minimal Store.,active
bano-relax-toalla-de-bambu-artesanal-10,,,,,,,Tono / Acabado,Marron Tierra Pastel,ATL-BAN-310-M,450,shopify,50,deny,manual,66.5,,TRUE,TRUE,,,,,
bano-relax-sales-de-epsom-organico-11,Sales de Epsom Organico Atelier N11,<p>Exquisito sales de epsom elaborado artesanalmente. Tonos pastel suaves en verde y marron natural para la armonia de tu espacio.</p>,Atelier Store,Bano y Relax,"Bano y Relax, Minimalist, Eco, Atelier",TRUE,Tono / Acabado,Verde Soft Natural,ATL-BAN-311-V,450,shopify,50,deny,manual,67.5,,TRUE,TRUE,,FALSE,Sales de Epsom Organico Atelier N11,Comprar Sales de Epsom Organico Atelier N11 en Atelier Minimal Store.,active
bano-relax-sales-de-epsom-organico-11,,,,,,,Tono / Acabado,Marron Tierra Pastel,ATL-BAN-311-M,450,shopify,50,deny,manual,71.0,,TRUE,TRUE,,,,,
bano-relax-cepillo-seco-botanico-12,Cepillo Seco Botanico Atelier N12,<p>Exquisito cepillo seco elaborado artesanalmente. Tonos pastel suaves en verde y marron natural para la armonia de tu espacio.</p>,Atelier Store,Bano y Relax,"Bano y Relax, Minimalist, Eco, Atelier",TRUE,Tono / Acabado,Verde Soft Natural,ATL-BAN-312-V,450,shopify,50,deny,manual,72.0,,TRUE,TRUE,,FALSE,Cepillo Seco Botanico Atelier N12,Comprar Cepillo Seco Botanico Atelier N12 en Atelier Minimal Store.,active
bano-relax-cepillo-seco-botanico-12,,,,,,,Tono / Acabado,Marron Tierra Pastel,ATL-BAN-312-M,450,shopify,50,deny,manual,75.5,,TRUE,TRUE,,,,,
bano-relax-jabon-de-arcilla-atelier-13,Jabon de Arcilla Atelier Atelier N13,<p>Exquisito jabon de arcilla elaborado artesanalmente. Tonos pastel suaves en verde y marron natural para la armonia de tu espacio.</p>,Atelier Store,Bano y Relax,"Bano y Relax, Minimalist, Eco, Atelier",TRUE,Tono / Acabado,Verde Soft Natural,ATL-BAN-313-V,450,shopify,50,deny,manual,76.5,,TRUE,TRUE,,FALSE,Jabon de Arcilla Atelier Atelier N13,Comprar Jabon de Arcilla Atelier Atelier N13 en Atelier Minimal Store.,active
bano-relax-jabon-de-arcilla-atelier-13,,,,,,,Tono / Acabado,Marron Tierra Pastel,ATL-BAN-313-M,450,shopify,50,deny,manual,80.0,,TRUE,TRUE,,,,,
bano-relax-alfombra-de-algodon-pastel-14,Alfombra de Algodon Pastel Atelier N14,<p>Exquisito alfombra de algodon elaborado artesanalmente. Tonos pastel suaves en verde y marron natural para la armonia de tu espacio.</p>,Atelier Store,Bano y Relax,"Bano y Relax, Minimalist, Eco, Atelier",TRUE,Tono / Acabado,Verde Soft Natural,ATL-BAN-314-V,450,shopify,50,deny,manual,81.0,,TRUE,TRUE,,FALSE,Alfombra de Algodon Pastel Atelier N14,Comprar Alfombra de Algodon Pastel Atelier N14 en Atelier Minimal Store.,active
bano-relax-alfombra-de-algodon-pastel-14,,,,,,,Tono / Acabado,Marron Tierra Pastel,ATL-BAN-314-M,450,shopify,50,deny,manual,84.5,,TRUE,TRUE,,,,,
bano-relax-toalla-de-bambu-puro-15,Toalla de Bambu Puro Atelier N15,<p>Exquisito toalla de bambu elaborado artesanalmente. Tonos pastel suaves en verde y marron natural para la armonia de tu espacio.</p>,Atelier Store,Bano y Relax,"Bano y Relax, Minimalist, Eco, Atelier",TRUE,Tono / Acabado,Verde Soft Natural,ATL-BAN-315-V,450,shopify,50,deny,manual,85.5,,TRUE,TRUE,,FALSE,Toalla de Bambu Puro Atelier N15,Comprar Toalla de Bambu Puro Atelier N15 en Atelier Minimal Store.,active
bano-relax-toalla-de-bambu-puro-15,,,,,,,Tono / Acabado,Marron Tierra Pastel,ATL-BAN-315-M,450,shopify,50,deny,manual,89.0,,TRUE,TRUE,,,,,
bano-relax-sales-de-epsom-eco-16,Sales de Epsom Eco Atelier N16,<p>Exquisito sales de epsom elaborado artesanalmente. Tonos pastel suaves en verde y marron natural para la armonia de tu espacio.</p>,Atelier Store,Bano y Relax,"Bano y Relax, Minimalist, Eco, Atelier",TRUE,Tono / Acabado,Verde Soft Natural,ATL-BAN-316-V,450,shopify,50,deny,manual,90.0,,TRUE,TRUE,,FALSE,Sales de Epsom Eco Atelier N16,Comprar Sales de Epsom Eco Atelier N16 en Atelier Minimal Store.,active
bano-relax-sales-de-epsom-eco-16,,,,,,,Tono / Acabado,Marron Tierra Pastel,ATL-BAN-316-M,450,shopify,50,deny,manual,93.5,,TRUE,TRUE,,,,,
bano-relax-cepillo-seco-mate-17,Cepillo Seco Mate Atelier N17,<p>Exquisito cepillo seco elaborado artesanalmente. Tonos pastel suaves en verde y marron natural para la armonia de tu espacio.</p>,Atelier Store,Bano y Relax,"Bano y Relax, Minimalist, Eco, Atelier",TRUE,Tono / Acabado,Verde Soft Natural,ATL-BAN-317-V,450,shopify,50,deny,manual,94.5,,TRUE,TRUE,,FALSE,Cepillo Seco Mate Atelier N17,Comprar Cepillo Seco Mate Atelier N17 en Atelier Minimal Store.,active
bano-relax-cepillo-seco-mate-17,,,,,,,Tono / Acabado,Marron Tierra Pastel,ATL-BAN-317-M,450,shopify,50,deny,manual,98.0,,TRUE,TRUE,,,,,
bano-relax-jabon-de-arcilla-artesanal-18,Jabon de Arcilla Artesanal Atelier N18,<p>Exquisito jabon de arcilla elaborado artesanalmente. Tonos pastel suaves en verde y marron natural para la armonia de tu espacio.</p>,Atelier Store,Bano y Relax,"Bano y Relax, Minimalist, Eco, Atelier",TRUE,Tono / Acabado,Verde Soft Natural,ATL-BAN-318-V,450,shopify,50,deny,manual,99.0,,TRUE,TRUE,,FALSE,Jabon de Arcilla Artesanal Atelier N18,Comprar Jabon de Arcilla Artesanal Atelier N18 en Atelier Minimal Store.,active
bano-relax-jabon-de-arcilla-artesanal-18,,,,,,,Tono / Acabado,Marron Tierra Pastel,ATL-BAN-318-M,450,shopify,50,deny,manual,102.5,,TRUE,TRUE,,,,,
bano-relax-alfombra-de-algodon-organico-19,Alfombra de Algodon Organico Atelier N19,<p>Exquisito alfombra de algodon elaborado artesanalmente. Tonos pastel suaves en verde y marron natural para la armonia de tu espacio.</p>,Atelier Store,Bano y Relax,"Bano y Relax, Minimalist, Eco, Atelier",TRUE,Tono / Acabado,Verde Soft Natural,ATL-BAN-319-V,450,shopify,50,deny,manual,103.5,,TRUE,TRUE,,FALSE,Alfombra de Algodon Organico Atelier N19,Comprar Alfombra de Algodon Organico Atelier N19 en Atelier Minimal Store.,active
bano-relax-alfombra-de-algodon-organico-19,,,,,,,Tono / Acabado,Marron Tierra Pastel,ATL-BAN-319-M,450,shopify,50,deny,manual,107.0,,TRUE,TRUE,,,,,
bano-relax-toalla-de-bambu-botanico-20,Toalla de Bambu Botanico Atelier N20,<p>Exquisito toalla de bambu elaborado artesanalmente. Tonos pastel suaves en verde y marron natural para la armonia de tu espacio.</p>,Atelier Store,Bano y Relax,"Bano y Relax, Minimalist, Eco, Atelier",TRUE,Tono / Acabado,Verde Soft Natural,ATL-BAN-320-V,450,shopify,50,deny,manual,108.0,,TRUE,TRUE,,FALSE,Toalla de Bambu Botanico Atelier N20,Comprar Toalla de Bambu Botanico Atelier N20 en Atelier Minimal Store.,active
bano-relax-toalla-de-bambu-botanico-20,,,,,,,Tono / Acabado,Marron Tierra Pastel,ATL-BAN-320-M,450,shopify,50,deny,manual,111.5,,TRUE,TRUE,,,,,
cocina-sustentable-envoltorio-de-cera-organico-1,Envoltorio de Cera Organico Atelier N1,<p>Exquisito envoltorio de cera elaborado artesanalmente. Tonos pastel suaves en verde y marron natural para la armonia de tu espacio.</p>,Atelier Store,Cocina Sustentable,"Cocina Sustentable, Minimalist, Eco, Atelier",TRUE,Tono / Acabado,Verde Soft Natural,ATL-COC-321-V,450,shopify,50,deny,manual,42.5,,TRUE,TRUE,,FALSE,Envoltorio de Cera Organico Atelier N1,Comprar Envoltorio de Cera Organico Atelier N1 en Atelier Minimal Store.,active
cocina-sustentable-envoltorio-de-cera-organico-1,,,,,,,Tono / Acabado,Marron Tierra Pastel,ATL-COC-321-M,450,shopify,50,deny,manual,46.0,,TRUE,TRUE,,,,,
cocina-sustentable-sorbetes-de-acero-botanico-2,Sorbetes de Acero Botanico Atelier N2,<p>Exquisito sorbetes de acero elaborado artesanalmente. Tonos pastel suaves en verde y marron natural para la armonia de tu espacio.</p>,Atelier Store,Cocina Sustentable,"Cocina Sustentable, Minimalist, Eco, Atelier",TRUE,Tono / Acabado,Verde Soft Natural,ATL-COC-322-V,450,shopify,50,deny,manual,47.0,,TRUE,TRUE,,FALSE,Sorbetes de Acero Botanico Atelier N2,Comprar Sorbetes de Acero Botanico Atelier N2 en Atelier Minimal Store.,active
cocina-sustentable-sorbetes-de-acero-botanico-2,,,,,,,Tono / Acabado,Marron Tierra Pastel,ATL-COC-322-M,450,shopify,50,deny,manual,50.5,,TRUE,TRUE,,,,,
cocina-sustentable-bolsa-leche-vegetal-atelier-3,Bolsa Leche Vegetal Atelier Atelier N3,<p>Exquisito bolsa leche vegetal elaborado artesanalmente. Tonos pastel suaves en verde y marron natural para la armonia de tu espacio.</p>,Atelier Store,Cocina Sustentable,"Cocina Sustentable, Minimalist, Eco, Atelier",TRUE,Tono / Acabado,Verde Soft Natural,ATL-COC-323-V,450,shopify,50,deny,manual,51.5,,TRUE,TRUE,,FALSE,Bolsa Leche Vegetal Atelier Atelier N3,Comprar Bolsa Leche Vegetal Atelier Atelier N3 en Atelier Minimal Store.,active
cocina-sustentable-bolsa-leche-vegetal-atelier-3,,,,,,,Tono / Acabado,Marron Tierra Pastel,ATL-COC-323-M,450,shopify,50,deny,manual,55.0,,TRUE,TRUE,,,,,
cocina-sustentable-filtro-de-cafe-pastel-4,Filtro de Cafe Pastel Atelier N4,<p>Exquisito filtro de cafe elaborado artesanalmente. Tonos pastel suaves en verde y marron natural para la armonia de tu espacio.</p>,Atelier Store,Cocina Sustentable,"Cocina Sustentable, Minimalist, Eco, Atelier",TRUE,Tono / Acabado,Verde Soft Natural,ATL-COC-324-V,450,shopify,50,deny,manual,56.0,,TRUE,TRUE,,FALSE,Filtro de Cafe Pastel Atelier N4,Comprar Filtro de Cafe Pastel Atelier N4 en Atelier Minimal Store.,active
cocina-sustentable-filtro-de-cafe-pastel-4,,,,,,,Tono / Acabado,Marron Tierra Pastel,ATL-COC-324-M,450,shopify,50,deny,manual,59.5,,TRUE,TRUE,,,,,
cocina-sustentable-frasco-de-vidrio-puro-5,Frasco de Vidrio Puro Atelier N5,<p>Exquisito frasco de vidrio elaborado artesanalmente. Tonos pastel suaves en verde y marron natural para la armonia de tu espacio.</p>,Atelier Store,Cocina Sustentable,"Cocina Sustentable, Minimalist, Eco, Atelier",TRUE,Tono / Acabado,Verde Soft Natural,ATL-COC-325-V,450,shopify,50,deny,manual,35.5,,TRUE,TRUE,,FALSE,Frasco de Vidrio Puro Atelier N5,Comprar Frasco de Vidrio Puro Atelier N5 en Atelier Minimal Store.,active
cocina-sustentable-frasco-de-vidrio-puro-5,,,,,,,Tono / Acabado,Marron Tierra Pastel,ATL-COC-325-M,450,shopify,50,deny,manual,39.0,,TRUE,TRUE,,,,,
cocina-sustentable-envoltorio-de-cera-eco-6,Envoltorio de Cera Eco Atelier N6,<p>Exquisito envoltorio de cera elaborado artesanalmente. Tonos pastel suaves en verde y marron natural para la armonia de tu espacio.</p>,Atelier Store,Cocina Sustentable,"Cocina Sustentable, Minimalist, Eco, Atelier",TRUE,Tono / Acabado,Verde Soft Natural,ATL-COC-326-V,450,shopify,50,deny,manual,40.0,,TRUE,TRUE,,FALSE,Envoltorio de Cera Eco Atelier N6,Comprar Envoltorio de Cera Eco Atelier N6 en Atelier Minimal Store.,active
cocina-sustentable-envoltorio-de-cera-eco-6,,,,,,,Tono / Acabado,Marron Tierra Pastel,ATL-COC-326-M,450,shopify,50,deny,manual,43.5,,TRUE,TRUE,,,,,
cocina-sustentable-sorbetes-de-acero-mate-7,Sorbetes de Acero Mate Atelier N7,<p>Exquisito sorbetes de acero elaborado artesanalmente. Tonos pastel suaves en verde y marron natural para la armonia de tu espacio.</p>,Atelier Store,Cocina Sustentable,"Cocina Sustentable, Minimalist, Eco, Atelier",TRUE,Tono / Acabado,Verde Soft Natural,ATL-COC-327-V,450,shopify,50,deny,manual,44.5,,TRUE,TRUE,,FALSE,Sorbetes de Acero Mate Atelier N7,Comprar Sorbetes de Acero Mate Atelier N7 en Atelier Minimal Store.,active
cocina-sustentable-sorbetes-de-acero-mate-7,,,,,,,Tono / Acabado,Marron Tierra Pastel,ATL-COC-327-M,450,shopify,50,deny,manual,48.0,,TRUE,TRUE,,,,,
cocina-sustentable-bolsa-leche-vegetal-artesanal-8,Bolsa Leche Vegetal Artesanal Atelier N8,<p>Exquisito bolsa leche vegetal elaborado artesanalmente. Tonos pastel suaves en verde y marron natural para la armonia de tu espacio.</p>,Atelier Store,Cocina Sustentable,"Cocina Sustentable, Minimalist, Eco, Atelier",TRUE,Tono / Acabado,Verde Soft Natural,ATL-COC-328-V,450,shopify,50,deny,manual,49.0,,TRUE,TRUE,,FALSE,Bolsa Leche Vegetal Artesanal Atelier N8,Comprar Bolsa Leche Vegetal Artesanal Atelier N8 en Atelier Minimal Store.,active
cocina-sustentable-bolsa-leche-vegetal-artesanal-8,,,,,,,Tono / Acabado,Marron Tierra Pastel,ATL-COC-328-M,450,shopify,50,deny,manual,52.5,,TRUE,TRUE,,,,,
cocina-sustentable-filtro-de-cafe-organico-9,Filtro de Cafe Organico Atelier N9,<p>Exquisito filtro de cafe elaborado artesanalmente. Tonos pastel suaves en verde y marron natural para la armonia de tu espacio.</p>,Atelier Store,Cocina Sustentable,"Cocina Sustentable, Minimalist, Eco, Atelier",TRUE,Tono / Acabado,Verde Soft Natural,ATL-COC-329-V,450,shopify,50,deny,manual,53.5,,TRUE,TRUE,,FALSE,Filtro de Cafe Organico Atelier N9,Comprar Filtro de Cafe Organico Atelier N9 en Atelier Minimal Store.,active
cocina-sustentable-filtro-de-cafe-organico-9,,,,,,,Tono / Acabado,Marron Tierra Pastel,ATL-COC-329-M,450,shopify,50,deny,manual,57.0,,TRUE,TRUE,,,,,
cocina-sustentable-frasco-de-vidrio-botanico-10,Frasco de Vidrio Botanico Atelier N10,<p>Exquisito frasco de vidrio elaborado artesanalmente. Tonos pastel suaves en verde y marron natural para la armonia de tu espacio.</p>,Atelier Store,Cocina Sustentable,"Cocina Sustentable, Minimalist, Eco, Atelier",TRUE,Tono / Acabado,Verde Soft Natural,ATL-COC-330-V,450,shopify,50,deny,manual,58.0,,TRUE,TRUE,,FALSE,Frasco de Vidrio Botanico Atelier N10,Comprar Frasco de Vidrio Botanico Atelier N10 en Atelier Minimal Store.,active
cocina-sustentable-frasco-de-vidrio-botanico-10,,,,,,,Tono / Acabado,Marron Tierra Pastel,ATL-COC-330-M,450,shopify,50,deny,manual,61.5,,TRUE,TRUE,,,,,
cocina-sustentable-envoltorio-de-cera-atelier-11,Envoltorio de Cera Atelier Atelier N11,<p>Exquisito envoltorio de cera elaborado artesanalmente. Tonos pastel suaves en verde y marron natural para la armonia de tu espacio.</p>,Atelier Store,Cocina Sustentable,"Cocina Sustentable, Minimalist, Eco, Atelier",TRUE,Tono / Acabado,Verde Soft Natural,ATL-COC-331-V,450,shopify,50,deny,manual,62.5,,TRUE,TRUE,,FALSE,Envoltorio de Cera Atelier Atelier N11,Comprar Envoltorio de Cera Atelier Atelier N11 en Atelier Minimal Store.,active
cocina-sustentable-envoltorio-de-cera-atelier-11,,,,,,,Tono / Acabado,Marron Tierra Pastel,ATL-COC-331-M,450,shopify,50,deny,manual,66.0,,TRUE,TRUE,,,,,
cocina-sustentable-sorbetes-de-acero-pastel-12,Sorbetes de Acero Pastel Atelier N12,<p>Exquisito sorbetes de acero elaborado artesanalmente. Tonos pastel suaves en verde y marron natural para la armonia de tu espacio.</p>,Atelier Store,Cocina Sustentable,"Cocina Sustentable, Minimalist, Eco, Atelier",TRUE,Tono / Acabado,Verde Soft Natural,ATL-COC-332-V,450,shopify,50,deny,manual,67.0,,TRUE,TRUE,,FALSE,Sorbetes de Acero Pastel Atelier N12,Comprar Sorbetes de Acero Pastel Atelier N12 en Atelier Minimal Store.,active
cocina-sustentable-sorbetes-de-acero-pastel-12,,,,,,,Tono / Acabado,Marron Tierra Pastel,ATL-COC-332-M,450,shopify,50,deny,manual,70.5,,TRUE,TRUE,,,,,
cocina-sustentable-bolsa-leche-vegetal-puro-13,Bolsa Leche Vegetal Puro Atelier N13,<p>Exquisito bolsa leche vegetal elaborado artesanalmente. Tonos pastel suaves en verde y marron natural para la armonia de tu espacio.</p>,Atelier Store,Cocina Sustentable,"Cocina Sustentable, Minimalist, Eco, Atelier",TRUE,Tono / Acabado,Verde Soft Natural,ATL-COC-333-V,450,shopify,50,deny,manual,71.5,,TRUE,TRUE,,FALSE,Bolsa Leche Vegetal Puro Atelier N13,Comprar Bolsa Leche Vegetal Puro Atelier N13 en Atelier Minimal Store.,active
cocina-sustentable-bolsa-leche-vegetal-puro-13,,,,,,,Tono / Acabado,Marron Tierra Pastel,ATL-COC-333-M,450,shopify,50,deny,manual,75.0,,TRUE,TRUE,,,,,
cocina-sustentable-filtro-de-cafe-eco-14,Filtro de Cafe Eco Atelier N14,<p>Exquisito filtro de cafe elaborado artesanalmente. Tonos pastel suaves en verde y marron natural para la armonia de tu espacio.</p>,Atelier Store,Cocina Sustentable,"Cocina Sustentable, Minimalist, Eco, Atelier",TRUE,Tono / Acabado,Verde Soft Natural,ATL-COC-334-V,450,shopify,50,deny,manual,76.0,,TRUE,TRUE,,FALSE,Filtro de Cafe Eco Atelier N14,Comprar Filtro de Cafe Eco Atelier N14 en Atelier Minimal Store.,active
cocina-sustentable-filtro-de-cafe-eco-14,,,,,,,Tono / Acabado,Marron Tierra Pastel,ATL-COC-334-M,450,shopify,50,deny,manual,79.5,,TRUE,TRUE,,,,,
cocina-sustentable-frasco-de-vidrio-mate-15,Frasco de Vidrio Mate Atelier N15,<p>Exquisito frasco de vidrio elaborado artesanalmente. Tonos pastel suaves en verde y marron natural para la armonia de tu espacio.</p>,Atelier Store,Cocina Sustentable,"Cocina Sustentable, Minimalist, Eco, Atelier",TRUE,Tono / Acabado,Verde Soft Natural,ATL-COC-335-V,450,shopify,50,deny,manual,80.5,,TRUE,TRUE,,FALSE,Frasco de Vidrio Mate Atelier N15,Comprar Frasco de Vidrio Mate Atelier N15 en Atelier Minimal Store.,active
cocina-sustentable-frasco-de-vidrio-mate-15,,,,,,,Tono / Acabado,Marron Tierra Pastel,ATL-COC-335-M,450,shopify,50,deny,manual,84.0,,TRUE,TRUE,,,,,
cocina-sustentable-envoltorio-de-cera-artesanal-16,Envoltorio de Cera Artesanal Atelier N16,<p>Exquisito envoltorio de cera elaborado artesanalmente. Tonos pastel suaves en verde y marron natural para la armonia de tu espacio.</p>,Atelier Store,Cocina Sustentable,"Cocina Sustentable, Minimalist, Eco, Atelier",TRUE,Tono / Acabado,Verde Soft Natural,ATL-COC-336-V,450,shopify,50,deny,manual,85.0,,TRUE,TRUE,,FALSE,Envoltorio de Cera Artesanal Atelier N16,Comprar Envoltorio de Cera Artesanal Atelier N16 en Atelier Minimal Store.,active
cocina-sustentable-envoltorio-de-cera-artesanal-16,,,,,,,Tono / Acabado,Marron Tierra Pastel,ATL-COC-336-M,450,shopify,50,deny,manual,88.5,,TRUE,TRUE,,,,,
cocina-sustentable-sorbetes-de-acero-organico-17,Sorbetes de Acero Organico Atelier N17,<p>Exquisito sorbetes de acero elaborado artesanalmente. Tonos pastel suaves en verde y marron natural para la armonia de tu espacio.</p>,Atelier Store,Cocina Sustentable,"Cocina Sustentable, Minimalist, Eco, Atelier",TRUE,Tono / Acabado,Verde Soft Natural,ATL-COC-337-V,450,shopify,50,deny,manual,89.5,,TRUE,TRUE,,FALSE,Sorbetes de Acero Organico Atelier N17,Comprar Sorbetes de Acero Organico Atelier N17 en Atelier Minimal Store.,active
cocina-sustentable-sorbetes-de-acero-organico-17,,,,,,,Tono / Acabado,Marron Tierra Pastel,ATL-COC-337-M,450,shopify,50,deny,manual,93.0,,TRUE,TRUE,,,,,
cocina-sustentable-bolsa-leche-vegetal-botanico-18,Bolsa Leche Vegetal Botanico Atelier N18,<p>Exquisito bolsa leche vegetal elaborado artesanalmente. Tonos pastel suaves en verde y marron natural para la armonia de tu espacio.</p>,Atelier Store,Cocina Sustentable,"Cocina Sustentable, Minimalist, Eco, Atelier",TRUE,Tono / Acabado,Verde Soft Natural,ATL-COC-338-V,450,shopify,50,deny,manual,94.0,,TRUE,TRUE,,FALSE,Bolsa Leche Vegetal Botanico Atelier N18,Comprar Bolsa Leche Vegetal Botanico Atelier N18 en Atelier Minimal Store.,active
cocina-sustentable-bolsa-leche-vegetal-botanico-18,,,,,,,Tono / Acabado,Marron Tierra Pastel,ATL-COC-338-M,450,shopify,50,deny,manual,97.5,,TRUE,TRUE,,,,,
cocina-sustentable-filtro-de-cafe-atelier-19,Filtro de Cafe Atelier Atelier N19,<p>Exquisito filtro de cafe elaborado artesanalmente. Tonos pastel suaves en verde y marron natural para la armonia de tu espacio.</p>,Atelier Store,Cocina Sustentable,"Cocina Sustentable, Minimalist, Eco, Atelier",TRUE,Tono / Acabado,Verde Soft Natural,ATL-COC-339-V,450,shopify,50,deny,manual,98.5,,TRUE,TRUE,,FALSE,Filtro de Cafe Atelier Atelier N19,Comprar Filtro de Cafe Atelier Atelier N19 en Atelier Minimal Store.,active
cocina-sustentable-filtro-de-cafe-atelier-19,,,,,,,Tono / Acabado,Marron Tierra Pastel,ATL-COC-339-M,450,shopify,50,deny,manual,102.0,,TRUE,TRUE,,,,,
cocina-sustentable-frasco-de-vidrio-pastel-20,Frasco de Vidrio Pastel Atelier N20,<p>Exquisito frasco de vidrio elaborado artesanalmente. Tonos pastel suaves en verde y marron natural para la armonia de tu espacio.</p>,Atelier Store,Cocina Sustentable,"Cocina Sustentable, Minimalist, Eco, Atelier",TRUE,Tono / Acabado,Verde Soft Natural,ATL-COC-340-V,450,shopify,50,deny,manual,103.0,,TRUE,TRUE,,FALSE,Frasco de Vidrio Pastel Atelier N20,Comprar Frasco de Vidrio Pastel Atelier N20 en Atelier Minimal Store.,active
cocina-sustentable-frasco-de-vidrio-pastel-20,,,,,,,Tono / Acabado,Marron Tierra Pastel,ATL-COC-340-M,450,shopify,50,deny,manual,106.5,,TRUE,TRUE,,,,,
movilidad-eco-bolsa-tote-atelier-1,Bolsa Tote Atelier Atelier N1,<p>Exquisito bolsa tote elaborado artesanalmente. Tonos pastel suaves en verde y marron natural para la armonia de tu espacio.</p>,Atelier Store,Movilidad y Botellas,"Movilidad y Botellas, Minimalist, Eco, Atelier",TRUE,Tono / Acabado,Verde Soft Natural,ATL-MOV-341-V,450,shopify,50,deny,manual,37.5,,TRUE,TRUE,,FALSE,Bolsa Tote Atelier Atelier N1,Comprar Bolsa Tote Atelier Atelier N1 en Atelier Minimal Store.,active
movilidad-eco-bolsa-tote-atelier-1,,,,,,,Tono / Acabado,Marron Tierra Pastel,ATL-MOV-341-M,450,shopify,50,deny,manual,41.0,,TRUE,TRUE,,,,,
movilidad-eco-mochila-de-lona-pastel-2,Mochila de Lona Pastel Atelier N2,<p>Exquisito mochila de lona elaborado artesanalmente. Tonos pastel suaves en verde y marron natural para la armonia de tu espacio.</p>,Atelier Store,Movilidad y Botellas,"Movilidad y Botellas, Minimalist, Eco, Atelier",TRUE,Tono / Acabado,Verde Soft Natural,ATL-MOV-342-V,450,shopify,50,deny,manual,42.0,,TRUE,TRUE,,FALSE,Mochila de Lona Pastel Atelier N2,Comprar Mochila de Lona Pastel Atelier N2 en Atelier Minimal Store.,active
movilidad-eco-mochila-de-lona-pastel-2,,,,,,,Tono / Acabado,Marron Tierra Pastel,ATL-MOV-342-M,450,shopify,50,deny,manual,45.5,,TRUE,TRUE,,,,,
movilidad-eco-vasito-plegable-puro-3,Vasito Plegable Puro Atelier N3,<p>Exquisito vasito plegable elaborado artesanalmente. Tonos pastel suaves en verde y marron natural para la armonia de tu espacio.</p>,Atelier Store,Movilidad y Botellas,"Movilidad y Botellas, Minimalist, Eco, Atelier",TRUE,Tono / Acabado,Verde Soft Natural,ATL-MOV-343-V,450,shopify,50,deny,manual,46.5,,TRUE,TRUE,,FALSE,Vasito Plegable Puro Atelier N3,Comprar Vasito Plegable Puro Atelier N3 en Atelier Minimal Store.,active
movilidad-eco-vasito-plegable-puro-3,,,,,,,Tono / Acabado,Marron Tierra Pastel,ATL-MOV-343-M,450,shopify,50,deny,manual,50.0,,TRUE,TRUE,,,,,
movilidad-eco-funda-de-laptop-eco-4,Funda de Laptop Eco Atelier N4,<p>Exquisito funda de laptop elaborado artesanalmente. Tonos pastel suaves en verde y marron natural para la armonia de tu espacio.</p>,Atelier Store,Movilidad y Botellas,"Movilidad y Botellas, Minimalist, Eco, Atelier",TRUE,Tono / Acabado,Verde Soft Natural,ATL-MOV-344-V,450,shopify,50,deny,manual,51.0,,TRUE,TRUE,,FALSE,Funda de Laptop Eco Atelier N4,Comprar Funda de Laptop Eco Atelier N4 en Atelier Minimal Store.,active
movilidad-eco-funda-de-laptop-eco-4,,,,,,,Tono / Acabado,Marron Tierra Pastel,ATL-MOV-344-M,450,shopify,50,deny,manual,54.5,,TRUE,TRUE,,,,,
movilidad-eco-botella-termica-mate-5,Botella Termica Mate Atelier N5,<p>Exquisito botella termica elaborado artesanalmente. Tonos pastel suaves en verde y marron natural para la armonia de tu espacio.</p>,Atelier Store,Movilidad y Botellas,"Movilidad y Botellas, Minimalist, Eco, Atelier",TRUE,Tono / Acabado,Verde Soft Natural,ATL-MOV-345-V,450,shopify,50,deny,manual,55.5,,TRUE,TRUE,,FALSE,Botella Termica Mate Atelier N5,Comprar Botella Termica Mate Atelier N5 en Atelier Minimal Store.,active
movilidad-eco-botella-termica-mate-5,,,,,,,Tono / Acabado,Marron Tierra Pastel,ATL-MOV-345-M,450,shopify,50,deny,manual,59.0,,TRUE,TRUE,,,,,
movilidad-eco-bolsa-tote-artesanal-6,Bolsa Tote Artesanal Atelier N6,<p>Exquisito bolsa tote elaborado artesanalmente. Tonos pastel suaves en verde y marron natural para la armonia de tu espacio.</p>,Atelier Store,Movilidad y Botellas,"Movilidad y Botellas, Minimalist, Eco, Atelier",TRUE,Tono / Acabado,Verde Soft Natural,ATL-MOV-346-V,450,shopify,50,deny,manual,60.0,,TRUE,TRUE,,FALSE,Bolsa Tote Artesanal Atelier N6,Comprar Bolsa Tote Artesanal Atelier N6 en Atelier Minimal Store.,active
movilidad-eco-bolsa-tote-artesanal-6,,,,,,,Tono / Acabado,Marron Tierra Pastel,ATL-MOV-346-M,450,shopify,50,deny,manual,63.5,,TRUE,TRUE,,,,,
movilidad-eco-mochila-de-lona-organico-7,Mochila de Lona Organico Atelier N7,<p>Exquisito mochila de lona elaborado artesanalmente. Tonos pastel suaves en verde y marron natural para la armonia de tu espacio.</p>,Atelier Store,Movilidad y Botellas,"Movilidad y Botellas, Minimalist, Eco, Atelier",TRUE,Tono / Acabado,Verde Soft Natural,ATL-MOV-347-V,450,shopify,50,deny,manual,64.5,,TRUE,TRUE,,FALSE,Mochila de Lona Organico Atelier N7,Comprar Mochila de Lona Organico Atelier N7 en Atelier Minimal Store.,active
movilidad-eco-mochila-de-lona-organico-7,,,,,,,Tono / Acabado,Marron Tierra Pastel,ATL-MOV-347-M,450,shopify,50,deny,manual,68.0,,TRUE,TRUE,,,,,
movilidad-eco-vasito-plegable-botanico-8,Vasito Plegable Botanico Atelier N8,<p>Exquisito vasito plegable elaborado artesanalmente. Tonos pastel suaves en verde y marron natural para la armonia de tu espacio.</p>,Atelier Store,Movilidad y Botellas,"Movilidad y Botellas, Minimalist, Eco, Atelier",TRUE,Tono / Acabado,Verde Soft Natural,ATL-MOV-348-V,450,shopify,50,deny,manual,69.0,,TRUE,TRUE,,FALSE,Vasito Plegable Botanico Atelier N8,Comprar Vasito Plegable Botanico Atelier N8 en Atelier Minimal Store.,active
movilidad-eco-vasito-plegable-botanico-8,,,,,,,Tono / Acabado,Marron Tierra Pastel,ATL-MOV-348-M,450,shopify,50,deny,manual,72.5,,TRUE,TRUE,,,,,
movilidad-eco-funda-de-laptop-atelier-9,Funda de Laptop Atelier Atelier N9,<p>Exquisito funda de laptop elaborado artesanalmente. Tonos pastel suaves en verde y marron natural para la armonia de tu espacio.</p>,Atelier Store,Movilidad y Botellas,"Movilidad y Botellas, Minimalist, Eco, Atelier",TRUE,Tono / Acabado,Verde Soft Natural,ATL-MOV-349-V,450,shopify,50,deny,manual,73.5,,TRUE,TRUE,,FALSE,Funda de Laptop Atelier Atelier N9,Comprar Funda de Laptop Atelier Atelier N9 en Atelier Minimal Store.,active
movilidad-eco-funda-de-laptop-atelier-9,,,,,,,Tono / Acabado,Marron Tierra Pastel,ATL-MOV-349-M,450,shopify,50,deny,manual,77.0,,TRUE,TRUE,,,,,
movilidad-eco-botella-termica-pastel-10,Botella Termica Pastel Atelier N10,<p>Exquisito botella termica elaborado artesanalmente. Tonos pastel suaves en verde y marron natural para la armonia de tu espacio.</p>,Atelier Store,Movilidad y Botellas,"Movilidad y Botellas, Minimalist, Eco, Atelier",TRUE,Tono / Acabado,Verde Soft Natural,ATL-MOV-350-V,450,shopify,50,deny,manual,53.0,,TRUE,TRUE,,FALSE,Botella Termica Pastel Atelier N10,Comprar Botella Termica Pastel Atelier N10 en Atelier Minimal Store.,active
movilidad-eco-botella-termica-pastel-10,,,,,,,Tono / Acabado,Marron Tierra Pastel,ATL-MOV-350-M,450,shopify,50,deny,manual,56.5,,TRUE,TRUE,,,,,
movilidad-eco-bolsa-tote-puro-11,Bolsa Tote Puro Atelier N11,<p>Exquisito bolsa tote elaborado artesanalmente. Tonos pastel suaves en verde y marron natural para la armonia de tu espacio.</p>,Atelier Store,Movilidad y Botellas,"Movilidad y Botellas, Minimalist, Eco, Atelier",TRUE,Tono / Acabado,Verde Soft Natural,ATL-MOV-351-V,450,shopify,50,deny,manual,57.5,,TRUE,TRUE,,FALSE,Bolsa Tote Puro Atelier N11,Comprar Bolsa Tote Puro Atelier N11 en Atelier Minimal Store.,active
movilidad-eco-bolsa-tote-puro-11,,,,,,,Tono / Acabado,Marron Tierra Pastel,ATL-MOV-351-M,450,shopify,50,deny,manual,61.0,,TRUE,TRUE,,,,,
movilidad-eco-mochila-de-lona-eco-12,Mochila de Lona Eco Atelier N12,<p>Exquisito mochila de lona elaborado artesanalmente. Tonos pastel suaves en verde y marron natural para la armonia de tu espacio.</p>,Atelier Store,Movilidad y Botellas,"Movilidad y Botellas, Minimalist, Eco, Atelier",TRUE,Tono / Acabado,Verde Soft Natural,ATL-MOV-352-V,450,shopify,50,deny,manual,62.0,,TRUE,TRUE,,FALSE,Mochila de Lona Eco Atelier N12,Comprar Mochila de Lona Eco Atelier N12 en Atelier Minimal Store.,active
movilidad-eco-mochila-de-lona-eco-12,,,,,,,Tono / Acabado,Marron Tierra Pastel,ATL-MOV-352-M,450,shopify,50,deny,manual,65.5,,TRUE,TRUE,,,,,
movilidad-eco-vasito-plegable-mate-13,Vasito Plegable Mate Atelier N13,<p>Exquisito vasito plegable elaborado artesanalmente. Tonos pastel suaves en verde y marron natural para la armonia de tu espacio.</p>,Atelier Store,Movilidad y Botellas,"Movilidad y Botellas, Minimalist, Eco, Atelier",TRUE,Tono / Acabado,Verde Soft Natural,ATL-MOV-353-V,450,shopify,50,deny,manual,66.5,,TRUE,TRUE,,FALSE,Vasito Plegable Mate Atelier N13,Comprar Vasito Plegable Mate Atelier N13 en Atelier Minimal Store.,active
movilidad-eco-vasito-plegable-mate-13,,,,,,,Tono / Acabado,Marron Tierra Pastel,ATL-MOV-353-M,450,shopify,50,deny,manual,70.0,,TRUE,TRUE,,,,,
movilidad-eco-funda-de-laptop-artesanal-14,Funda de Laptop Artesanal Atelier N14,<p>Exquisito funda de laptop elaborado artesanalmente. Tonos pastel suaves en verde y marron natural para la armonia de tu espacio.</p>,Atelier Store,Movilidad y Botellas,"Movilidad y Botellas, Minimalist, Eco, Atelier",TRUE,Tono / Acabado,Verde Soft Natural,ATL-MOV-354-V,450,shopify,50,deny,manual,71.0,,TRUE,TRUE,,FALSE,Funda de Laptop Artesanal Atelier N14,Comprar Funda de Laptop Artesanal Atelier N14 en Atelier Minimal Store.,active
movilidad-eco-funda-de-laptop-artesanal-14,,,,,,,Tono / Acabado,Marron Tierra Pastel,ATL-MOV-354-M,450,shopify,50,deny,manual,74.5,,TRUE,TRUE,,,,,
movilidad-eco-botella-termica-organico-15,Botella Termica Organico Atelier N15,<p>Exquisito botella termica elaborado artesanalmente. Tonos pastel suaves en verde y marron natural para la armonia de tu espacio.</p>,Atelier Store,Movilidad y Botellas,"Movilidad y Botellas, Minimalist, Eco, Atelier",TRUE,Tono / Acabado,Verde Soft Natural,ATL-MOV-355-V,450,shopify,50,deny,manual,75.5,,TRUE,TRUE,,FALSE,Botella Termica Organico Atelier N15,Comprar Botella Termica Organico Atelier N15 en Atelier Minimal Store.,active
movilidad-eco-botella-termica-organico-15,,,,,,,Tono / Acabado,Marron Tierra Pastel,ATL-MOV-355-M,450,shopify,50,deny,manual,79.0,,TRUE,TRUE,,,,,
movilidad-eco-bolsa-tote-botanico-16,Bolsa Tote Botanico Atelier N16,<p>Exquisito bolsa tote elaborado artesanalmente. Tonos pastel suaves en verde y marron natural para la armonia de tu espacio.</p>,Atelier Store,Movilidad y Botellas,"Movilidad y Botellas, Minimalist, Eco, Atelier",TRUE,Tono / Acabado,Verde Soft Natural,ATL-MOV-356-V,450,shopify,50,deny,manual,80.0,,TRUE,TRUE,,FALSE,Bolsa Tote Botanico Atelier N16,Comprar Bolsa Tote Botanico Atelier N16 en Atelier Minimal Store.,active
movilidad-eco-bolsa-tote-botanico-16,,,,,,,Tono / Acabado,Marron Tierra Pastel,ATL-MOV-356-M,450,shopify,50,deny,manual,83.5,,TRUE,TRUE,,,,,
movilidad-eco-mochila-de-lona-atelier-17,Mochila de Lona Atelier Atelier N17,<p>Exquisito mochila de lona elaborado artesanalmente. Tonos pastel suaves en verde y marron natural para la armonia de tu espacio.</p>,Atelier Store,Movilidad y Botellas,"Movilidad y Botellas, Minimalist, Eco, Atelier",TRUE,Tono / Acabado,Verde Soft Natural,ATL-MOV-357-V,450,shopify,50,deny,manual,84.5,,TRUE,TRUE,,FALSE,Mochila de Lona Atelier Atelier N17,Comprar Mochila de Lona Atelier Atelier N17 en Atelier Minimal Store.,active
movilidad-eco-mochila-de-lona-atelier-17,,,,,,,Tono / Acabado,Marron Tierra Pastel,ATL-MOV-357-M,450,shopify,50,deny,manual,88.0,,TRUE,TRUE,,,,,
movilidad-eco-vasito-plegable-pastel-18,Vasito Plegable Pastel Atelier N18,<p>Exquisito vasito plegable elaborado artesanalmente. Tonos pastel suaves en verde y marron natural para la armonia de tu espacio.</p>,Atelier Store,Movilidad y Botellas,"Movilidad y Botellas, Minimalist, Eco, Atelier",TRUE,Tono / Acabado,Verde Soft Natural,ATL-MOV-358-V,450,shopify,50,deny,manual,89.0,,TRUE,TRUE,,FALSE,Vasito Plegable Pastel Atelier N18,Comprar Vasito Plegable Pastel Atelier N18 en Atelier Minimal Store.,active
movilidad-eco-vasito-plegable-pastel-18,,,,,,,Tono / Acabado,Marron Tierra Pastel,ATL-MOV-358-M,450,shopify,50,deny,manual,92.5,,TRUE,TRUE,,,,,
movilidad-eco-funda-de-laptop-puro-19,Funda de Laptop Puro Atelier N19,<p>Exquisito funda de laptop elaborado artesanalmente. Tonos pastel suaves en verde y marron natural para la armonia de tu espacio.</p>,Atelier Store,Movilidad y Botellas,"Movilidad y Botellas, Minimalist, Eco, Atelier",TRUE,Tono / Acabado,Verde Soft Natural,ATL-MOV-359-V,450,shopify,50,deny,manual,93.5,,TRUE,TRUE,,FALSE,Funda de Laptop Puro Atelier N19,Comprar Funda de Laptop Puro Atelier N19 en Atelier Minimal Store.,active
movilidad-eco-funda-de-laptop-puro-19,,,,,,,Tono / Acabado,Marron Tierra Pastel,ATL-MOV-359-M,450,shopify,50,deny,manual,97.0,,TRUE,TRUE,,,,,
movilidad-eco-botella-termica-eco-20,Botella Termica Eco Atelier N20,<p>Exquisito botella termica elaborado artesanalmente. Tonos pastel suaves en verde y marron natural para la armonia de tu espacio.</p>,Atelier Store,Movilidad y Botellas,"Movilidad y Botellas, Minimalist, Eco, Atelier",TRUE,Tono / Acabado,Verde Soft Natural,ATL-MOV-360-V,450,shopify,50,deny,manual,98.0,,TRUE,TRUE,,FALSE,Botella Termica Eco Atelier N20,Comprar Botella Termica Eco Atelier N20 en Atelier Minimal Store.,active
movilidad-eco-botella-termica-eco-20,,,,,,,Tono / Acabado,Marron Tierra Pastel,ATL-MOV-360-M,450,shopify,50,deny,manual,101.5,,TRUE,TRUE,,,,,
arte-botanico-cuadro-eucalipto-puro-1,Cuadro Eucalipto Puro Atelier N1,<p>Exquisito cuadro eucalipto elaborado artesanalmente. Tonos pastel suaves en verde y marron natural para la armonia de tu espacio.</p>,Atelier Store,Arte y Cuadros Botanicos,"Arte y Cuadros Botanicos, Minimalist, Eco, Atelier",TRUE,Tono / Acabado,Verde Soft Natural,ATL-ART-361-V,450,shopify,50,deny,manual,32.5,,TRUE,TRUE,,FALSE,Cuadro Eucalipto Puro Atelier N1,Comprar Cuadro Eucalipto Puro Atelier N1 en Atelier Minimal Store.,active
arte-botanico-cuadro-eucalipto-puro-1,,,,,,,Tono / Acabado,Marron Tierra Pastel,ATL-ART-361-M,450,shopify,50,deny,manual,36.0,,TRUE,TRUE,,,,,
arte-botanico-marco-de-roble-eco-2,Marco de Roble Eco Atelier N2,<p>Exquisito marco de roble elaborado artesanalmente. Tonos pastel suaves en verde y marron natural para la armonia de tu espacio.</p>,Atelier Store,Arte y Cuadros Botanicos,"Arte y Cuadros Botanicos, Minimalist, Eco, Atelier",TRUE,Tono / Acabado,Verde Soft Natural,ATL-ART-362-V,450,shopify,50,deny,manual,37.0,,TRUE,TRUE,,FALSE,Marco de Roble Eco Atelier N2,Comprar Marco de Roble Eco Atelier N2 en Atelier Minimal Store.,active
arte-botanico-marco-de-roble-eco-2,,,,,,,Tono / Acabado,Marron Tierra Pastel,ATL-ART-362-M,450,shopify,50,deny,manual,40.5,,TRUE,TRUE,,,,,
arte-botanico-prensa-de-flores-mate-3,Prensa de Flores Mate Atelier N3,<p>Exquisito prensa de flores elaborado artesanalmente. Tonos pastel suaves en verde y marron natural para la armonia de tu espacio.</p>,Atelier Store,Arte y Cuadros Botanicos,"Arte y Cuadros Botanicos, Minimalist, Eco, Atelier",TRUE,Tono / Acabado,Verde Soft Natural,ATL-ART-363-V,450,shopify,50,deny,manual,41.5,,TRUE,TRUE,,FALSE,Prensa de Flores Mate Atelier N3,Comprar Prensa de Flores Mate Atelier N3 en Atelier Minimal Store.,active
arte-botanico-prensa-de-flores-mate-3,,,,,,,Tono / Acabado,Marron Tierra Pastel,ATL-ART-363-M,450,shopify,50,deny,manual,45.0,,TRUE,TRUE,,,,,
arte-botanico-poster-minimal-artesanal-4,Poster Minimal Artesanal Atelier N4,<p>Exquisito poster minimal elaborado artesanalmente. Tonos pastel suaves en verde y marron natural para la armonia de tu espacio.</p>,Atelier Store,Arte y Cuadros Botanicos,"Arte y Cuadros Botanicos, Minimalist, Eco, Atelier",TRUE,Tono / Acabado,Verde Soft Natural,ATL-ART-364-V,450,shopify,50,deny,manual,46.0,,TRUE,TRUE,,FALSE,Poster Minimal Artesanal Atelier N4,Comprar Poster Minimal Artesanal Atelier N4 en Atelier Minimal Store.,active
arte-botanico-poster-minimal-artesanal-4,,,,,,,Tono / Acabado,Marron Tierra Pastel,ATL-ART-364-M,450,shopify,50,deny,manual,49.5,,TRUE,TRUE,,,,,
arte-botanico-lamina-hojas-organico-5,Lamina Hojas Organico Atelier N5,<p>Exquisito lamina hojas elaborado artesanalmente. Tonos pastel suaves en verde y marron natural para la armonia de tu espacio.</p>,Atelier Store,Arte y Cuadros Botanicos,"Arte y Cuadros Botanicos, Minimalist, Eco, Atelier",TRUE,Tono / Acabado,Verde Soft Natural,ATL-ART-365-V,450,shopify,50,deny,manual,50.5,,TRUE,TRUE,,FALSE,Lamina Hojas Organico Atelier N5,Comprar Lamina Hojas Organico Atelier N5 en Atelier Minimal Store.,active
arte-botanico-lamina-hojas-organico-5,,,,,,,Tono / Acabado,Marron Tierra Pastel,ATL-ART-365-M,450,shopify,50,deny,manual,54.0,,TRUE,TRUE,,,,,
arte-botanico-cuadro-eucalipto-botanico-6,Cuadro Eucalipto Botanico Atelier N6,<p>Exquisito cuadro eucalipto elaborado artesanalmente. Tonos pastel suaves en verde y marron natural para la armonia de tu espacio.</p>,Atelier Store,Arte y Cuadros Botanicos,"Arte y Cuadros Botanicos, Minimalist, Eco, Atelier",TRUE,Tono / Acabado,Verde Soft Natural,ATL-ART-366-V,450,shopify,50,deny,manual,55.0,,TRUE,TRUE,,FALSE,Cuadro Eucalipto Botanico Atelier N6,Comprar Cuadro Eucalipto Botanico Atelier N6 en Atelier Minimal Store.,active
arte-botanico-cuadro-eucalipto-botanico-6,,,,,,,Tono / Acabado,Marron Tierra Pastel,ATL-ART-366-M,450,shopify,50,deny,manual,58.5,,TRUE,TRUE,,,,,
arte-botanico-marco-de-roble-atelier-7,Marco de Roble Atelier Atelier N7,<p>Exquisito marco de roble elaborado artesanalmente. Tonos pastel suaves en verde y marron natural para la armonia de tu espacio.</p>,Atelier Store,Arte y Cuadros Botanicos,"Arte y Cuadros Botanicos, Minimalist, Eco, Atelier",TRUE,Tono / Acabado,Verde Soft Natural,ATL-ART-367-V,450,shopify,50,deny,manual,59.5,,TRUE,TRUE,,FALSE,Marco de Roble Atelier Atelier N7,Comprar Marco de Roble Atelier Atelier N7 en Atelier Minimal Store.,active
arte-botanico-marco-de-roble-atelier-7,,,,,,,Tono / Acabado,Marron Tierra Pastel,ATL-ART-367-M,450,shopify,50,deny,manual,63.0,,TRUE,TRUE,,,,,
arte-botanico-prensa-de-flores-pastel-8,Prensa de Flores Pastel Atelier N8,<p>Exquisito prensa de flores elaborado artesanalmente. Tonos pastel suaves en verde y marron natural para la armonia de tu espacio.</p>,Atelier Store,Arte y Cuadros Botanicos,"Arte y Cuadros Botanicos, Minimalist, Eco, Atelier",TRUE,Tono / Acabado,Verde Soft Natural,ATL-ART-368-V,450,shopify,50,deny,manual,64.0,,TRUE,TRUE,,FALSE,Prensa de Flores Pastel Atelier N8,Comprar Prensa de Flores Pastel Atelier N8 en Atelier Minimal Store.,active
arte-botanico-prensa-de-flores-pastel-8,,,,,,,Tono / Acabado,Marron Tierra Pastel,ATL-ART-368-M,450,shopify,50,deny,manual,67.5,,TRUE,TRUE,,,,,
arte-botanico-poster-minimal-puro-9,Poster Minimal Puro Atelier N9,<p>Exquisito poster minimal elaborado artesanalmente. Tonos pastel suaves en verde y marron natural para la armonia de tu espacio.</p>,Atelier Store,Arte y Cuadros Botanicos,"Arte y Cuadros Botanicos, Minimalist, Eco, Atelier",TRUE,Tono / Acabado,Verde Soft Natural,ATL-ART-369-V,450,shopify,50,deny,manual,68.5,,TRUE,TRUE,,FALSE,Poster Minimal Puro Atelier N9,Comprar Poster Minimal Puro Atelier N9 en Atelier Minimal Store.,active
arte-botanico-poster-minimal-puro-9,,,,,,,Tono / Acabado,Marron Tierra Pastel,ATL-ART-369-M,450,shopify,50,deny,manual,72.0,,TRUE,TRUE,,,,,
arte-botanico-lamina-hojas-eco-10,Lamina Hojas Eco Atelier N10,<p>Exquisito lamina hojas elaborado artesanalmente. Tonos pastel suaves en verde y marron natural para la armonia de tu espacio.</p>,Atelier Store,Arte y Cuadros Botanicos,"Arte y Cuadros Botanicos, Minimalist, Eco, Atelier",TRUE,Tono / Acabado,Verde Soft Natural,ATL-ART-370-V,450,shopify,50,deny,manual,73.0,,TRUE,TRUE,,FALSE,Lamina Hojas Eco Atelier N10,Comprar Lamina Hojas Eco Atelier N10 en Atelier Minimal Store.,active
arte-botanico-lamina-hojas-eco-10,,,,,,,Tono / Acabado,Marron Tierra Pastel,ATL-ART-370-M,450,shopify,50,deny,manual,76.5,,TRUE,TRUE,,,,,
arte-botanico-cuadro-eucalipto-mate-11,Cuadro Eucalipto Mate Atelier N11,<p>Exquisito cuadro eucalipto elaborado artesanalmente. Tonos pastel suaves en verde y marron natural para la armonia de tu espacio.</p>,Atelier Store,Arte y Cuadros Botanicos,"Arte y Cuadros Botanicos, Minimalist, Eco, Atelier",TRUE,Tono / Acabado,Verde Soft Natural,ATL-ART-371-V,450,shopify,50,deny,manual,77.5,,TRUE,TRUE,,FALSE,Cuadro Eucalipto Mate Atelier N11,Comprar Cuadro Eucalipto Mate Atelier N11 en Atelier Minimal Store.,active
arte-botanico-cuadro-eucalipto-mate-11,,,,,,,Tono / Acabado,Marron Tierra Pastel,ATL-ART-371-M,450,shopify,50,deny,manual,81.0,,TRUE,TRUE,,,,,
arte-botanico-marco-de-roble-artesanal-12,Marco de Roble Artesanal Atelier N12,<p>Exquisito marco de roble elaborado artesanalmente. Tonos pastel suaves en verde y marron natural para la armonia de tu espacio.</p>,Atelier Store,Arte y Cuadros Botanicos,"Arte y Cuadros Botanicos, Minimalist, Eco, Atelier",TRUE,Tono / Acabado,Verde Soft Natural,ATL-ART-372-V,450,shopify,50,deny,manual,82.0,,TRUE,TRUE,,FALSE,Marco de Roble Artesanal Atelier N12,Comprar Marco de Roble Artesanal Atelier N12 en Atelier Minimal Store.,active
arte-botanico-marco-de-roble-artesanal-12,,,,,,,Tono / Acabado,Marron Tierra Pastel,ATL-ART-372-M,450,shopify,50,deny,manual,85.5,,TRUE,TRUE,,,,,
arte-botanico-prensa-de-flores-organico-13,Prensa de Flores Organico Atelier N13,<p>Exquisito prensa de flores elaborado artesanalmente. Tonos pastel suaves en verde y marron natural para la armonia de tu espacio.</p>,Atelier Store,Arte y Cuadros Botanicos,"Arte y Cuadros Botanicos, Minimalist, Eco, Atelier",TRUE,Tono / Acabado,Verde Soft Natural,ATL-ART-373-V,450,shopify,50,deny,manual,86.5,,TRUE,TRUE,,FALSE,Prensa de Flores Organico Atelier N13,Comprar Prensa de Flores Organico Atelier N13 en Atelier Minimal Store.,active
arte-botanico-prensa-de-flores-organico-13,,,,,,,Tono / Acabado,Marron Tierra Pastel,ATL-ART-373-M,450,shopify,50,deny,manual,90.0,,TRUE,TRUE,,,,,
arte-botanico-poster-minimal-botanico-14,Poster Minimal Botanico Atelier N14,<p>Exquisito poster minimal elaborado artesanalmente. Tonos pastel suaves en verde y marron natural para la armonia de tu espacio.</p>,Atelier Store,Arte y Cuadros Botanicos,"Arte y Cuadros Botanicos, Minimalist, Eco, Atelier",TRUE,Tono / Acabado,Verde Soft Natural,ATL-ART-374-V,450,shopify,50,deny,manual,91.0,,TRUE,TRUE,,FALSE,Poster Minimal Botanico Atelier N14,Comprar Poster Minimal Botanico Atelier N14 en Atelier Minimal Store.,active
arte-botanico-poster-minimal-botanico-14,,,,,,,Tono / Acabado,Marron Tierra Pastel,ATL-ART-374-M,450,shopify,50,deny,manual,94.5,,TRUE,TRUE,,,,,
arte-botanico-lamina-hojas-atelier-15,Lamina Hojas Atelier Atelier N15,<p>Exquisito lamina hojas elaborado artesanalmente. Tonos pastel suaves en verde y marron natural para la armonia de tu espacio.</p>,Atelier Store,Arte y Cuadros Botanicos,"Arte y Cuadros Botanicos, Minimalist, Eco, Atelier",TRUE,Tono / Acabado,Verde Soft Natural,ATL-ART-375-V,450,shopify,50,deny,manual,70.5,,TRUE,TRUE,,FALSE,Lamina Hojas Atelier Atelier N15,Comprar Lamina Hojas Atelier Atelier N15 en Atelier Minimal Store.,active
arte-botanico-lamina-hojas-atelier-15,,,,,,,Tono / Acabado,Marron Tierra Pastel,ATL-ART-375-M,450,shopify,50,deny,manual,74.0,,TRUE,TRUE,,,,,
arte-botanico-cuadro-eucalipto-pastel-16,Cuadro Eucalipto Pastel Atelier N16,<p>Exquisito cuadro eucalipto elaborado artesanalmente. Tonos pastel suaves en verde y marron natural para la armonia de tu espacio.</p>,Atelier Store,Arte y Cuadros Botanicos,"Arte y Cuadros Botanicos, Minimalist, Eco, Atelier",TRUE,Tono / Acabado,Verde Soft Natural,ATL-ART-376-V,450,shopify,50,deny,manual,75.0,,TRUE,TRUE,,FALSE,Cuadro Eucalipto Pastel Atelier N16,Comprar Cuadro Eucalipto Pastel Atelier N16 en Atelier Minimal Store.,active
arte-botanico-cuadro-eucalipto-pastel-16,,,,,,,Tono / Acabado,Marron Tierra Pastel,ATL-ART-376-M,450,shopify,50,deny,manual,78.5,,TRUE,TRUE,,,,,
arte-botanico-marco-de-roble-puro-17,Marco de Roble Puro Atelier N17,<p>Exquisito marco de roble elaborado artesanalmente. Tonos pastel suaves en verde y marron natural para la armonia de tu espacio.</p>,Atelier Store,Arte y Cuadros Botanicos,"Arte y Cuadros Botanicos, Minimalist, Eco, Atelier",TRUE,Tono / Acabado,Verde Soft Natural,ATL-ART-377-V,450,shopify,50,deny,manual,79.5,,TRUE,TRUE,,FALSE,Marco de Roble Puro Atelier N17,Comprar Marco de Roble Puro Atelier N17 en Atelier Minimal Store.,active
arte-botanico-marco-de-roble-puro-17,,,,,,,Tono / Acabado,Marron Tierra Pastel,ATL-ART-377-M,450,shopify,50,deny,manual,83.0,,TRUE,TRUE,,,,,
arte-botanico-prensa-de-flores-eco-18,Prensa de Flores Eco Atelier N18,<p>Exquisito prensa de flores elaborado artesanalmente. Tonos pastel suaves en verde y marron natural para la armonia de tu espacio.</p>,Atelier Store,Arte y Cuadros Botanicos,"Arte y Cuadros Botanicos, Minimalist, Eco, Atelier",TRUE,Tono / Acabado,Verde Soft Natural,ATL-ART-378-V,450,shopify,50,deny,manual,84.0,,TRUE,TRUE,,FALSE,Prensa de Flores Eco Atelier N18,Comprar Prensa de Flores Eco Atelier N18 en Atelier Minimal Store.,active
arte-botanico-prensa-de-flores-eco-18,,,,,,,Tono / Acabado,Marron Tierra Pastel,ATL-ART-378-M,450,shopify,50,deny,manual,87.5,,TRUE,TRUE,,,,,
arte-botanico-poster-minimal-mate-19,Poster Minimal Mate Atelier N19,<p>Exquisito poster minimal elaborado artesanalmente. Tonos pastel suaves en verde y marron natural para la armonia de tu espacio.</p>,Atelier Store,Arte y Cuadros Botanicos,"Arte y Cuadros Botanicos, Minimalist, Eco, Atelier",TRUE,Tono / Acabado,Verde Soft Natural,ATL-ART-379-V,450,shopify,50,deny,manual,88.5,,TRUE,TRUE,,FALSE,Poster Minimal Mate Atelier N19,Comprar Poster Minimal Mate Atelier N19 en Atelier Minimal Store.,active
arte-botanico-poster-minimal-mate-19,,,,,,,Tono / Acabado,Marron Tierra Pastel,ATL-ART-379-M,450,shopify,50,deny,manual,92.0,,TRUE,TRUE,,,,,
arte-botanico-lamina-hojas-artesanal-20,Lamina Hojas Artesanal Atelier N20,<p>Exquisito lamina hojas elaborado artesanalmente. Tonos pastel suaves en verde y marron natural para la armonia de tu espacio.</p>,Atelier Store,Arte y Cuadros Botanicos,"Arte y Cuadros Botanicos, Minimalist, Eco, Atelier",TRUE,Tono / Acabado,Verde Soft Natural,ATL-ART-380-V,450,shopify,50,deny,manual,93.0,,TRUE,TRUE,,FALSE,Lamina Hojas Artesanal Atelier N20,Comprar Lamina Hojas Artesanal Atelier N20 en Atelier Minimal Store.,active
arte-botanico-lamina-hojas-artesanal-20,,,,,,,Tono / Acabado,Marron Tierra Pastel,ATL-ART-380-M,450,shopify,50,deny,manual,96.5,,TRUE,TRUE,,,,,
muebles-auxiliares-taburete-bajo-mate-1,Taburete Bajo Mate Atelier N1,<p>Exquisito taburete bajo elaborado artesanalmente. Tonos pastel suaves en verde y marron natural para la armonia de tu espacio.</p>,Atelier Store,Muebles Auxiliares,"Muebles Auxiliares, Minimalist, Eco, Atelier",TRUE,Tono / Acabado,Verde Soft Natural,ATL-MUE-381-V,450,shopify,50,deny,manual,27.5,,TRUE,TRUE,,FALSE,Taburete Bajo Mate Atelier N1,Comprar Taburete Bajo Mate Atelier N1 en Atelier Minimal Store.,active
muebles-auxiliares-taburete-bajo-mate-1,,,,,,,Tono / Acabado,Marron Tierra Pastel,ATL-MUE-381-M,450,shopify,50,deny,manual,31.0,,TRUE,TRUE,,,,,
muebles-auxiliares-perchero-pie-artesanal-2,Perchero Pie Artesanal Atelier N2,<p>Exquisito perchero pie elaborado artesanalmente. Tonos pastel suaves en verde y marron natural para la armonia de tu espacio.</p>,Atelier Store,Muebles Auxiliares,"Muebles Auxiliares, Minimalist, Eco, Atelier",TRUE,Tono / Acabado,Verde Soft Natural,ATL-MUE-382-V,450,shopify,50,deny,manual,32.0,,TRUE,TRUE,,FALSE,Perchero Pie Artesanal Atelier N2,Comprar Perchero Pie Artesanal Atelier N2 en Atelier Minimal Store.,active
muebles-auxiliares-perchero-pie-artesanal-2,,,,,,,Tono / Acabado,Marron Tierra Pastel,ATL-MUE-382-M,450,shopify,50,deny,manual,35.5,,TRUE,TRUE,,,,,
muebles-auxiliares-revistero-madera-organico-3,Revistero Madera Organico Atelier N3,<p>Exquisito revistero madera elaborado artesanalmente. Tonos pastel suaves en verde y marron natural para la armonia de tu espacio.</p>,Atelier Store,Muebles Auxiliares,"Muebles Auxiliares, Minimalist, Eco, Atelier",TRUE,Tono / Acabado,Verde Soft Natural,ATL-MUE-383-V,450,shopify,50,deny,manual,36.5,,TRUE,TRUE,,FALSE,Revistero Madera Organico Atelier N3,Comprar Revistero Madera Organico Atelier N3 en Atelier Minimal Store.,active
muebles-auxiliares-revistero-madera-organico-3,,,,,,,Tono / Acabado,Marron Tierra Pastel,ATL-MUE-383-M,450,shopify,50,deny,manual,40.0,,TRUE,TRUE,,,,,
muebles-auxiliares-banca-entrada-botanico-4,Banca Entrada Botanico Atelier N4,<p>Exquisito banca entrada elaborado artesanalmente. Tonos pastel suaves en verde y marron natural para la armonia de tu espacio.</p>,Atelier Store,Muebles Auxiliares,"Muebles Auxiliares, Minimalist, Eco, Atelier",TRUE,Tono / Acabado,Verde Soft Natural,ATL-MUE-384-V,450,shopify,50,deny,manual,41.0,,TRUE,TRUE,,FALSE,Banca Entrada Botanico Atelier N4,Comprar Banca Entrada Botanico Atelier N4 en Atelier Minimal Store.,active
muebles-auxiliares-banca-entrada-botanico-4,,,,,,,Tono / Acabado,Marron Tierra Pastel,ATL-MUE-384-M,450,shopify,50,deny,manual,44.5,,TRUE,TRUE,,,,,
muebles-auxiliares-mesita-lateral-atelier-5,Mesita Lateral Atelier Atelier N5,<p>Exquisito mesita lateral elaborado artesanalmente. Tonos pastel suaves en verde y marron natural para la armonia de tu espacio.</p>,Atelier Store,Muebles Auxiliares,"Muebles Auxiliares, Minimalist, Eco, Atelier",TRUE,Tono / Acabado,Verde Soft Natural,ATL-MUE-385-V,450,shopify,50,deny,manual,45.5,,TRUE,TRUE,,FALSE,Mesita Lateral Atelier Atelier N5,Comprar Mesita Lateral Atelier Atelier N5 en Atelier Minimal Store.,active
muebles-auxiliares-mesita-lateral-atelier-5,,,,,,,Tono / Acabado,Marron Tierra Pastel,ATL-MUE-385-M,450,shopify,50,deny,manual,49.0,,TRUE,TRUE,,,,,
muebles-auxiliares-taburete-bajo-pastel-6,Taburete Bajo Pastel Atelier N6,<p>Exquisito taburete bajo elaborado artesanalmente. Tonos pastel suaves en verde y marron natural para la armonia de tu espacio.</p>,Atelier Store,Muebles Auxiliares,"Muebles Auxiliares, Minimalist, Eco, Atelier",TRUE,Tono / Acabado,Verde Soft Natural,ATL-MUE-386-V,450,shopify,50,deny,manual,50.0,,TRUE,TRUE,,FALSE,Taburete Bajo Pastel Atelier N6,Comprar Taburete Bajo Pastel Atelier N6 en Atelier Minimal Store.,active
muebles-auxiliares-taburete-bajo-pastel-6,,,,,,,Tono / Acabado,Marron Tierra Pastel,ATL-MUE-386-M,450,shopify,50,deny,manual,53.5,,TRUE,TRUE,,,,,
muebles-auxiliares-perchero-pie-puro-7,Perchero Pie Puro Atelier N7,<p>Exquisito perchero pie elaborado artesanalmente. Tonos pastel suaves en verde y marron natural para la armonia de tu espacio.</p>,Atelier Store,Muebles Auxiliares,"Muebles Auxiliares, Minimalist, Eco, Atelier",TRUE,Tono / Acabado,Verde Soft Natural,ATL-MUE-387-V,450,shopify,50,deny,manual,54.5,,TRUE,TRUE,,FALSE,Perchero Pie Puro Atelier N7,Comprar Perchero Pie Puro Atelier N7 en Atelier Minimal Store.,active
muebles-auxiliares-perchero-pie-puro-7,,,,,,,Tono / Acabado,Marron Tierra Pastel,ATL-MUE-387-M,450,shopify,50,deny,manual,58.0,,TRUE,TRUE,,,,,
muebles-auxiliares-revistero-madera-eco-8,Revistero Madera Eco Atelier N8,<p>Exquisito revistero madera elaborado artesanalmente. Tonos pastel suaves en verde y marron natural para la armonia de tu espacio.</p>,Atelier Store,Muebles Auxiliares,"Muebles Auxiliares, Minimalist, Eco, Atelier",TRUE,Tono / Acabado,Verde Soft Natural,ATL-MUE-388-V,450,shopify,50,deny,manual,59.0,,TRUE,TRUE,,FALSE,Revistero Madera Eco Atelier N8,Comprar Revistero Madera Eco Atelier N8 en Atelier Minimal Store.,active
muebles-auxiliares-revistero-madera-eco-8,,,,,,,Tono / Acabado,Marron Tierra Pastel,ATL-MUE-388-M,450,shopify,50,deny,manual,62.5,,TRUE,TRUE,,,,,
muebles-auxiliares-banca-entrada-mate-9,Banca Entrada Mate Atelier N9,<p>Exquisito banca entrada elaborado artesanalmente. Tonos pastel suaves en verde y marron natural para la armonia de tu espacio.</p>,Atelier Store,Muebles Auxiliares,"Muebles Auxiliares, Minimalist, Eco, Atelier",TRUE,Tono / Acabado,Verde Soft Natural,ATL-MUE-389-V,450,shopify,50,deny,manual,63.5,,TRUE,TRUE,,FALSE,Banca Entrada Mate Atelier N9,Comprar Banca Entrada Mate Atelier N9 en Atelier Minimal Store.,active
muebles-auxiliares-banca-entrada-mate-9,,,,,,,Tono / Acabado,Marron Tierra Pastel,ATL-MUE-389-M,450,shopify,50,deny,manual,67.0,,TRUE,TRUE,,,,,
muebles-auxiliares-mesita-lateral-artesanal-10,Mesita Lateral Artesanal Atelier N10,<p>Exquisito mesita lateral elaborado artesanalmente. Tonos pastel suaves en verde y marron natural para la armonia de tu espacio.</p>,Atelier Store,Muebles Auxiliares,"Muebles Auxiliares, Minimalist, Eco, Atelier",TRUE,Tono / Acabado,Verde Soft Natural,ATL-MUE-390-V,450,shopify,50,deny,manual,68.0,,TRUE,TRUE,,FALSE,Mesita Lateral Artesanal Atelier N10,Comprar Mesita Lateral Artesanal Atelier N10 en Atelier Minimal Store.,active
muebles-auxiliares-mesita-lateral-artesanal-10,,,,,,,Tono / Acabado,Marron Tierra Pastel,ATL-MUE-390-M,450,shopify,50,deny,manual,71.5,,TRUE,TRUE,,,,,
muebles-auxiliares-taburete-bajo-organico-11,Taburete Bajo Organico Atelier N11,<p>Exquisito taburete bajo elaborado artesanalmente. Tonos pastel suaves en verde y marron natural para la armonia de tu espacio.</p>,Atelier Store,Muebles Auxiliares,"Muebles Auxiliares, Minimalist, Eco, Atelier",TRUE,Tono / Acabado,Verde Soft Natural,ATL-MUE-391-V,450,shopify,50,deny,manual,72.5,,TRUE,TRUE,,FALSE,Taburete Bajo Organico Atelier N11,Comprar Taburete Bajo Organico Atelier N11 en Atelier Minimal Store.,active
muebles-auxiliares-taburete-bajo-organico-11,,,,,,,Tono / Acabado,Marron Tierra Pastel,ATL-MUE-391-M,450,shopify,50,deny,manual,76.0,,TRUE,TRUE,,,,,
muebles-auxiliares-perchero-pie-botanico-12,Perchero Pie Botanico Atelier N12,<p>Exquisito perchero pie elaborado artesanalmente. Tonos pastel suaves en verde y marron natural para la armonia de tu espacio.</p>,Atelier Store,Muebles Auxiliares,"Muebles Auxiliares, Minimalist, Eco, Atelier",TRUE,Tono / Acabado,Verde Soft Natural,ATL-MUE-392-V,450,shopify,50,deny,manual,77.0,,TRUE,TRUE,,FALSE,Perchero Pie Botanico Atelier N12,Comprar Perchero Pie Botanico Atelier N12 en Atelier Minimal Store.,active
muebles-auxiliares-perchero-pie-botanico-12,,,,,,,Tono / Acabado,Marron Tierra Pastel,ATL-MUE-392-M,450,shopify,50,deny,manual,80.5,,TRUE,TRUE,,,,,
muebles-auxiliares-revistero-madera-atelier-13,Revistero Madera Atelier Atelier N13,<p>Exquisito revistero madera elaborado artesanalmente. Tonos pastel suaves en verde y marron natural para la armonia de tu espacio.</p>,Atelier Store,Muebles Auxiliares,"Muebles Auxiliares, Minimalist, Eco, Atelier",TRUE,Tono / Acabado,Verde Soft Natural,ATL-MUE-393-V,450,shopify,50,deny,manual,81.5,,TRUE,TRUE,,FALSE,Revistero Madera Atelier Atelier N13,Comprar Revistero Madera Atelier Atelier N13 en Atelier Minimal Store.,active
muebles-auxiliares-revistero-madera-atelier-13,,,,,,,Tono / Acabado,Marron Tierra Pastel,ATL-MUE-393-M,450,shopify,50,deny,manual,85.0,,TRUE,TRUE,,,,,
muebles-auxiliares-banca-entrada-pastel-14,Banca Entrada Pastel Atelier N14,<p>Exquisito banca entrada elaborado artesanalmente. Tonos pastel suaves en verde y marron natural para la armonia de tu espacio.</p>,Atelier Store,Muebles Auxiliares,"Muebles Auxiliares, Minimalist, Eco, Atelier",TRUE,Tono / Acabado,Verde Soft Natural,ATL-MUE-394-V,450,shopify,50,deny,manual,86.0,,TRUE,TRUE,,FALSE,Banca Entrada Pastel Atelier N14,Comprar Banca Entrada Pastel Atelier N14 en Atelier Minimal Store.,active
muebles-auxiliares-banca-entrada-pastel-14,,,,,,,Tono / Acabado,Marron Tierra Pastel,ATL-MUE-394-M,450,shopify,50,deny,manual,89.5,,TRUE,TRUE,,,,,
muebles-auxiliares-mesita-lateral-puro-15,Mesita Lateral Puro Atelier N15,<p>Exquisito mesita lateral elaborado artesanalmente. Tonos pastel suaves en verde y marron natural para la armonia de tu espacio.</p>,Atelier Store,Muebles Auxiliares,"Muebles Auxiliares, Minimalist, Eco, Atelier",TRUE,Tono / Acabado,Verde Soft Natural,ATL-MUE-395-V,450,shopify,50,deny,manual,90.5,,TRUE,TRUE,,FALSE,Mesita Lateral Puro Atelier N15,Comprar Mesita Lateral Puro Atelier N15 en Atelier Minimal Store.,active
muebles-auxiliares-mesita-lateral-puro-15,,,,,,,Tono / Acabado,Marron Tierra Pastel,ATL-MUE-395-M,450,shopify,50,deny,manual,94.0,,TRUE,TRUE,,,,,
muebles-auxiliares-taburete-bajo-eco-16,Taburete Bajo Eco Atelier N16,<p>Exquisito taburete bajo elaborado artesanalmente. Tonos pastel suaves en verde y marron natural para la armonia de tu espacio.</p>,Atelier Store,Muebles Auxiliares,"Muebles Auxiliares, Minimalist, Eco, Atelier",TRUE,Tono / Acabado,Verde Soft Natural,ATL-MUE-396-V,450,shopify,50,deny,manual,95.0,,TRUE,TRUE,,FALSE,Taburete Bajo Eco Atelier N16,Comprar Taburete Bajo Eco Atelier N16 en Atelier Minimal Store.,active
muebles-auxiliares-taburete-bajo-eco-16,,,,,,,Tono / Acabado,Marron Tierra Pastel,ATL-MUE-396-M,450,shopify,50,deny,manual,98.5,,TRUE,TRUE,,,,,
muebles-auxiliares-perchero-pie-mate-17,Perchero Pie Mate Atelier N17,<p>Exquisito perchero pie elaborado artesanalmente. Tonos pastel suaves en verde y marron natural para la armonia de tu espacio.</p>,Atelier Store,Muebles Auxiliares,"Muebles Auxiliares, Minimalist, Eco, Atelier",TRUE,Tono / Acabado,Verde Soft Natural,ATL-MUE-397-V,450,shopify,50,deny,manual,99.5,,TRUE,TRUE,,FALSE,Perchero Pie Mate Atelier N17,Comprar Perchero Pie Mate Atelier N17 en Atelier Minimal Store.,active
muebles-auxiliares-perchero-pie-mate-17,,,,,,,Tono / Acabado,Marron Tierra Pastel,ATL-MUE-397-M,450,shopify,50,deny,manual,103.0,,TRUE,TRUE,,,,,
muebles-auxiliares-revistero-madera-artesanal-18,Revistero Madera Artesanal Atelier N18,<p>Exquisito revistero madera elaborado artesanalmente. Tonos pastel suaves en verde y marron natural para la armonia de tu espacio.</p>,Atelier Store,Muebles Auxiliares,"Muebles Auxiliares, Minimalist, Eco, Atelier",TRUE,Tono / Acabado,Verde Soft Natural,ATL-MUE-398-V,450,shopify,50,deny,manual,104.0,,TRUE,TRUE,,FALSE,Revistero Madera Artesanal Atelier N18,Comprar Revistero Madera Artesanal Atelier N18 en Atelier Minimal Store.,active
muebles-auxiliares-revistero-madera-artesanal-18,,,,,,,Tono / Acabado,Marron Tierra Pastel,ATL-MUE-398-M,450,shopify,50,deny,manual,107.5,,TRUE,TRUE,,,,,
muebles-auxiliares-banca-entrada-organico-19,Banca Entrada Organico Atelier N19,<p>Exquisito banca entrada elaborado artesanalmente. Tonos pastel suaves en verde y marron natural para la armonia de tu espacio.</p>,Atelier Store,Muebles Auxiliares,"Muebles Auxiliares, Minimalist, Eco, Atelier",TRUE,Tono / Acabado,Verde Soft Natural,ATL-MUE-399-V,450,shopify,50,deny,manual,108.5,,TRUE,TRUE,,FALSE,Banca Entrada Organico Atelier N19,Comprar Banca Entrada Organico Atelier N19 en Atelier Minimal Store.,active
muebles-auxiliares-banca-entrada-organico-19,,,,,,,Tono / Acabado,Marron Tierra Pastel,ATL-MUE-399-M,450,shopify,50,deny,manual,112.0,,TRUE,TRUE,,,,,
muebles-auxiliares-mesita-lateral-botanico-20,Mesita Lateral Botanico Atelier N20,<p>Exquisito mesita lateral elaborado artesanalmente. Tonos pastel suaves en verde y marron natural para la armonia de tu espacio.</p>,Atelier Store,Muebles Auxiliares,"Muebles Auxiliares, Minimalist, Eco, Atelier",TRUE,Tono / Acabado,Verde Soft Natural,ATL-MUE-400-V,450,shopify,50,deny,manual,88.0,,TRUE,TRUE,,FALSE,Mesita Lateral Botanico Atelier N20,Comprar Mesita Lateral Botanico Atelier N20 en Atelier Minimal Store.,active
muebles-auxiliares-mesita-lateral-botanico-20,,,,,,,Tono / Acabado,Marron Tierra Pastel,ATL-MUE-400-M,450,shopify,50,deny,manual,91.5,,TRUE,TRUE,,,,,
calzado-casa-zapatillas-corcho-organico-1,Zapatillas Corcho Organico Atelier N1,<p>Exquisito zapatillas corcho elaborado artesanalmente. Tonos pastel suaves en verde y marron natural para la armonia de tu espacio.</p>,Atelier Store,Calzado y Confort,"Calzado y Confort, Minimalist, Eco, Atelier",TRUE,Tono / Acabado,Verde Soft Natural,ATL-CAL-401-V,450,shopify,50,deny,manual,22.5,,TRUE,TRUE,,FALSE,Zapatillas Corcho Organico Atelier N1,Comprar Zapatillas Corcho Organico Atelier N1 en Atelier Minimal Store.,active
calzado-casa-zapatillas-corcho-organico-1,,,,,,,Tono / Acabado,Marron Tierra Pastel,ATL-CAL-401-M,450,shopify,50,deny,manual,26.0,,TRUE,TRUE,,,,,
calzado-casa-calcetines-lana-botanico-2,Calcetines Lana Botanico Atelier N2,<p>Exquisito calcetines lana elaborado artesanalmente. Tonos pastel suaves en verde y marron natural para la armonia de tu espacio.</p>,Atelier Store,Calzado y Confort,"Calzado y Confort, Minimalist, Eco, Atelier",TRUE,Tono / Acabado,Verde Soft Natural,ATL-CAL-402-V,450,shopify,50,deny,manual,27.0,,TRUE,TRUE,,FALSE,Calcetines Lana Botanico Atelier N2,Comprar Calcetines Lana Botanico Atelier N2 en Atelier Minimal Store.,active
calzado-casa-calcetines-lana-botanico-2,,,,,,,Tono / Acabado,Marron Tierra Pastel,ATL-CAL-402-M,450,shopify,50,deny,manual,30.5,,TRUE,TRUE,,,,,
calzado-casa-sandalias-casa-atelier-3,Sandalias Casa Atelier Atelier N3,<p>Exquisito sandalias casa elaborado artesanalmente. Tonos pastel suaves en verde y marron natural para la armonia de tu espacio.</p>,Atelier Store,Calzado y Confort,"Calzado y Confort, Minimalist, Eco, Atelier",TRUE,Tono / Acabado,Verde Soft Natural,ATL-CAL-403-V,450,shopify,50,deny,manual,31.5,,TRUE,TRUE,,FALSE,Sandalias Casa Atelier Atelier N3,Comprar Sandalias Casa Atelier Atelier N3 en Atelier Minimal Store.,active
calzado-casa-sandalias-casa-atelier-3,,,,,,,Tono / Acabado,Marron Tierra Pastel,ATL-CAL-403-M,450,shopify,50,deny,manual,35.0,,TRUE,TRUE,,,,,
calzado-casa-plantillas-algodon-pastel-4,Plantillas Algodon Pastel Atelier N4,<p>Exquisito plantillas algodon elaborado artesanalmente. Tonos pastel suaves en verde y marron natural para la armonia de tu espacio.</p>,Atelier Store,Calzado y Confort,"Calzado y Confort, Minimalist, Eco, Atelier",TRUE,Tono / Acabado,Verde Soft Natural,ATL-CAL-404-V,450,shopify,50,deny,manual,36.0,,TRUE,TRUE,,FALSE,Plantillas Algodon Pastel Atelier N4,Comprar Plantillas Algodon Pastel Atelier N4 en Atelier Minimal Store.,active
calzado-casa-plantillas-algodon-pastel-4,,,,,,,Tono / Acabado,Marron Tierra Pastel,ATL-CAL-404-M,450,shopify,50,deny,manual,39.5,,TRUE,TRUE,,,,,
calzado-casa-pantuflas-lino-puro-5,Pantuflas Lino Puro Atelier N5,<p>Exquisito pantuflas lino elaborado artesanalmente. Tonos pastel suaves en verde y marron natural para la armonia de tu espacio.</p>,Atelier Store,Calzado y Confort,"Calzado y Confort, Minimalist, Eco, Atelier",TRUE,Tono / Acabado,Verde Soft Natural,ATL-CAL-405-V,450,shopify,50,deny,manual,40.5,,TRUE,TRUE,,FALSE,Pantuflas Lino Puro Atelier N5,Comprar Pantuflas Lino Puro Atelier N5 en Atelier Minimal Store.,active
calzado-casa-pantuflas-lino-puro-5,,,,,,,Tono / Acabado,Marron Tierra Pastel,ATL-CAL-405-M,450,shopify,50,deny,manual,44.0,,TRUE,TRUE,,,,,
calzado-casa-zapatillas-corcho-eco-6,Zapatillas Corcho Eco Atelier N6,<p>Exquisito zapatillas corcho elaborado artesanalmente. Tonos pastel suaves en verde y marron natural para la armonia de tu espacio.</p>,Atelier Store,Calzado y Confort,"Calzado y Confort, Minimalist, Eco, Atelier",TRUE,Tono / Acabado,Verde Soft Natural,ATL-CAL-406-V,450,shopify,50,deny,manual,45.0,,TRUE,TRUE,,FALSE,Zapatillas Corcho Eco Atelier N6,Comprar Zapatillas Corcho Eco Atelier N6 en Atelier Minimal Store.,active
calzado-casa-zapatillas-corcho-eco-6,,,,,,,Tono / Acabado,Marron Tierra Pastel,ATL-CAL-406-M,450,shopify,50,deny,manual,48.5,,TRUE,TRUE,,,,,
calzado-casa-calcetines-lana-mate-7,Calcetines Lana Mate Atelier N7,<p>Exquisito calcetines lana elaborado artesanalmente. Tonos pastel suaves en verde y marron natural para la armonia de tu espacio.</p>,Atelier Store,Calzado y Confort,"Calzado y Confort, Minimalist, Eco, Atelier",TRUE,Tono / Acabado,Verde Soft Natural,ATL-CAL-407-V,450,shopify,50,deny,manual,49.5,,TRUE,TRUE,,FALSE,Calcetines Lana Mate Atelier N7,Comprar Calcetines Lana Mate Atelier N7 en Atelier Minimal Store.,active
calzado-casa-calcetines-lana-mate-7,,,,,,,Tono / Acabado,Marron Tierra Pastel,ATL-CAL-407-M,450,shopify,50,deny,manual,53.0,,TRUE,TRUE,,,,,
calzado-casa-sandalias-casa-artesanal-8,Sandalias Casa Artesanal Atelier N8,<p>Exquisito sandalias casa elaborado artesanalmente. Tonos pastel suaves en verde y marron natural para la armonia de tu espacio.</p>,Atelier Store,Calzado y Confort,"Calzado y Confort, Minimalist, Eco, Atelier",TRUE,Tono / Acabado,Verde Soft Natural,ATL-CAL-408-V,450,shopify,50,deny,manual,54.0,,TRUE,TRUE,,FALSE,Sandalias Casa Artesanal Atelier N8,Comprar Sandalias Casa Artesanal Atelier N8 en Atelier Minimal Store.,active
calzado-casa-sandalias-casa-artesanal-8,,,,,,,Tono / Acabado,Marron Tierra Pastel,ATL-CAL-408-M,450,shopify,50,deny,manual,57.5,,TRUE,TRUE,,,,,
calzado-casa-plantillas-algodon-organico-9,Plantillas Algodon Organico Atelier N9,<p>Exquisito plantillas algodon elaborado artesanalmente. Tonos pastel suaves en verde y marron natural para la armonia de tu espacio.</p>,Atelier Store,Calzado y Confort,"Calzado y Confort, Minimalist, Eco, Atelier",TRUE,Tono / Acabado,Verde Soft Natural,ATL-CAL-409-V,450,shopify,50,deny,manual,58.5,,TRUE,TRUE,,FALSE,Plantillas Algodon Organico Atelier N9,Comprar Plantillas Algodon Organico Atelier N9 en Atelier Minimal Store.,active
calzado-casa-plantillas-algodon-organico-9,,,,,,,Tono / Acabado,Marron Tierra Pastel,ATL-CAL-409-M,450,shopify,50,deny,manual,62.0,,TRUE,TRUE,,,,,
calzado-casa-pantuflas-lino-botanico-10,Pantuflas Lino Botanico Atelier N10,<p>Exquisito pantuflas lino elaborado artesanalmente. Tonos pastel suaves en verde y marron natural para la armonia de tu espacio.</p>,Atelier Store,Calzado y Confort,"Calzado y Confort, Minimalist, Eco, Atelier",TRUE,Tono / Acabado,Verde Soft Natural,ATL-CAL-410-V,450,shopify,50,deny,manual,63.0,,TRUE,TRUE,,FALSE,Pantuflas Lino Botanico Atelier N10,Comprar Pantuflas Lino Botanico Atelier N10 en Atelier Minimal Store.,active
calzado-casa-pantuflas-lino-botanico-10,,,,,,,Tono / Acabado,Marron Tierra Pastel,ATL-CAL-410-M,450,shopify,50,deny,manual,66.5,,TRUE,TRUE,,,,,
calzado-casa-zapatillas-corcho-atelier-11,Zapatillas Corcho Atelier Atelier N11,<p>Exquisito zapatillas corcho elaborado artesanalmente. Tonos pastel suaves en verde y marron natural para la armonia de tu espacio.</p>,Atelier Store,Calzado y Confort,"Calzado y Confort, Minimalist, Eco, Atelier",TRUE,Tono / Acabado,Verde Soft Natural,ATL-CAL-411-V,450,shopify,50,deny,manual,67.5,,TRUE,TRUE,,FALSE,Zapatillas Corcho Atelier Atelier N11,Comprar Zapatillas Corcho Atelier Atelier N11 en Atelier Minimal Store.,active
calzado-casa-zapatillas-corcho-atelier-11,,,,,,,Tono / Acabado,Marron Tierra Pastel,ATL-CAL-411-M,450,shopify,50,deny,manual,71.0,,TRUE,TRUE,,,,,
calzado-casa-calcetines-lana-pastel-12,Calcetines Lana Pastel Atelier N12,<p>Exquisito calcetines lana elaborado artesanalmente. Tonos pastel suaves en verde y marron natural para la armonia de tu espacio.</p>,Atelier Store,Calzado y Confort,"Calzado y Confort, Minimalist, Eco, Atelier",TRUE,Tono / Acabado,Verde Soft Natural,ATL-CAL-412-V,450,shopify,50,deny,manual,72.0,,TRUE,TRUE,,FALSE,Calcetines Lana Pastel Atelier N12,Comprar Calcetines Lana Pastel Atelier N12 en Atelier Minimal Store.,active
calzado-casa-calcetines-lana-pastel-12,,,,,,,Tono / Acabado,Marron Tierra Pastel,ATL-CAL-412-M,450,shopify,50,deny,manual,75.5,,TRUE,TRUE,,,,,
calzado-casa-sandalias-casa-puro-13,Sandalias Casa Puro Atelier N13,<p>Exquisito sandalias casa elaborado artesanalmente. Tonos pastel suaves en verde y marron natural para la armonia de tu espacio.</p>,Atelier Store,Calzado y Confort,"Calzado y Confort, Minimalist, Eco, Atelier",TRUE,Tono / Acabado,Verde Soft Natural,ATL-CAL-413-V,450,shopify,50,deny,manual,76.5,,TRUE,TRUE,,FALSE,Sandalias Casa Puro Atelier N13,Comprar Sandalias Casa Puro Atelier N13 en Atelier Minimal Store.,active
calzado-casa-sandalias-casa-puro-13,,,,,,,Tono / Acabado,Marron Tierra Pastel,ATL-CAL-413-M,450,shopify,50,deny,manual,80.0,,TRUE,TRUE,,,,,
calzado-casa-plantillas-algodon-eco-14,Plantillas Algodon Eco Atelier N14,<p>Exquisito plantillas algodon elaborado artesanalmente. Tonos pastel suaves en verde y marron natural para la armonia de tu espacio.</p>,Atelier Store,Calzado y Confort,"Calzado y Confort, Minimalist, Eco, Atelier",TRUE,Tono / Acabado,Verde Soft Natural,ATL-CAL-414-V,450,shopify,50,deny,manual,81.0,,TRUE,TRUE,,FALSE,Plantillas Algodon Eco Atelier N14,Comprar Plantillas Algodon Eco Atelier N14 en Atelier Minimal Store.,active
calzado-casa-plantillas-algodon-eco-14,,,,,,,Tono / Acabado,Marron Tierra Pastel,ATL-CAL-414-M,450,shopify,50,deny,manual,84.5,,TRUE,TRUE,,,,,
calzado-casa-pantuflas-lino-mate-15,Pantuflas Lino Mate Atelier N15,<p>Exquisito pantuflas lino elaborado artesanalmente. Tonos pastel suaves en verde y marron natural para la armonia de tu espacio.</p>,Atelier Store,Calzado y Confort,"Calzado y Confort, Minimalist, Eco, Atelier",TRUE,Tono / Acabado,Verde Soft Natural,ATL-CAL-415-V,450,shopify,50,deny,manual,85.5,,TRUE,TRUE,,FALSE,Pantuflas Lino Mate Atelier N15,Comprar Pantuflas Lino Mate Atelier N15 en Atelier Minimal Store.,active
calzado-casa-pantuflas-lino-mate-15,,,,,,,Tono / Acabado,Marron Tierra Pastel,ATL-CAL-415-M,450,shopify,50,deny,manual,89.0,,TRUE,TRUE,,,,,
calzado-casa-zapatillas-corcho-artesanal-16,Zapatillas Corcho Artesanal Atelier N16,<p>Exquisito zapatillas corcho elaborado artesanalmente. Tonos pastel suaves en verde y marron natural para la armonia de tu espacio.</p>,Atelier Store,Calzado y Confort,"Calzado y Confort, Minimalist, Eco, Atelier",TRUE,Tono / Acabado,Verde Soft Natural,ATL-CAL-416-V,450,shopify,50,deny,manual,90.0,,TRUE,TRUE,,FALSE,Zapatillas Corcho Artesanal Atelier N16,Comprar Zapatillas Corcho Artesanal Atelier N16 en Atelier Minimal Store.,active
calzado-casa-zapatillas-corcho-artesanal-16,,,,,,,Tono / Acabado,Marron Tierra Pastel,ATL-CAL-416-M,450,shopify,50,deny,manual,93.5,,TRUE,TRUE,,,,,
calzado-casa-calcetines-lana-organico-17,Calcetines Lana Organico Atelier N17,<p>Exquisito calcetines lana elaborado artesanalmente. Tonos pastel suaves en verde y marron natural para la armonia de tu espacio.</p>,Atelier Store,Calzado y Confort,"Calzado y Confort, Minimalist, Eco, Atelier",TRUE,Tono / Acabado,Verde Soft Natural,ATL-CAL-417-V,450,shopify,50,deny,manual,94.5,,TRUE,TRUE,,FALSE,Calcetines Lana Organico Atelier N17,Comprar Calcetines Lana Organico Atelier N17 en Atelier Minimal Store.,active
calzado-casa-calcetines-lana-organico-17,,,,,,,Tono / Acabado,Marron Tierra Pastel,ATL-CAL-417-M,450,shopify,50,deny,manual,98.0,,TRUE,TRUE,,,,,
calzado-casa-sandalias-casa-botanico-18,Sandalias Casa Botanico Atelier N18,<p>Exquisito sandalias casa elaborado artesanalmente. Tonos pastel suaves en verde y marron natural para la armonia de tu espacio.</p>,Atelier Store,Calzado y Confort,"Calzado y Confort, Minimalist, Eco, Atelier",TRUE,Tono / Acabado,Verde Soft Natural,ATL-CAL-418-V,450,shopify,50,deny,manual,99.0,,TRUE,TRUE,,FALSE,Sandalias Casa Botanico Atelier N18,Comprar Sandalias Casa Botanico Atelier N18 en Atelier Minimal Store.,active
calzado-casa-sandalias-casa-botanico-18,,,,,,,Tono / Acabado,Marron Tierra Pastel,ATL-CAL-418-M,450,shopify,50,deny,manual,102.5,,TRUE,TRUE,,,,,
calzado-casa-plantillas-algodon-atelier-19,Plantillas Algodon Atelier Atelier N19,<p>Exquisito plantillas algodon elaborado artesanalmente. Tonos pastel suaves en verde y marron natural para la armonia de tu espacio.</p>,Atelier Store,Calzado y Confort,"Calzado y Confort, Minimalist, Eco, Atelier",TRUE,Tono / Acabado,Verde Soft Natural,ATL-CAL-419-V,450,shopify,50,deny,manual,103.5,,TRUE,TRUE,,FALSE,Plantillas Algodon Atelier Atelier N19,Comprar Plantillas Algodon Atelier Atelier N19 en Atelier Minimal Store.,active
calzado-casa-plantillas-algodon-atelier-19,,,,,,,Tono / Acabado,Marron Tierra Pastel,ATL-CAL-419-M,450,shopify,50,deny,manual,107.0,,TRUE,TRUE,,,,,
calzado-casa-pantuflas-lino-pastel-20,Pantuflas Lino Pastel Atelier N20,<p>Exquisito pantuflas lino elaborado artesanalmente. Tonos pastel suaves en verde y marron natural para la armonia de tu espacio.</p>,Atelier Store,Calzado y Confort,"Calzado y Confort, Minimalist, Eco, Atelier",TRUE,Tono / Acabado,Verde Soft Natural,ATL-CAL-420-V,450,shopify,50,deny,manual,108.0,,TRUE,TRUE,,FALSE,Pantuflas Lino Pastel Atelier N20,Comprar Pantuflas Lino Pastel Atelier N20 en Atelier Minimal Store.,active
calzado-casa-pantuflas-lino-pastel-20,,,,,,,Tono / Acabado,Marron Tierra Pastel,ATL-CAL-420-M,450,shopify,50,deny,manual,111.5,,TRUE,TRUE,,,,,
infusiones-te-infusion-manzanilla-atelier-1,Infusion Manzanilla Atelier Atelier N1,<p>Exquisito infusion manzanilla elaborado artesanalmente. Tonos pastel suaves en verde y marron natural para la armonia de tu espacio.</p>,Atelier Store,Infusiones y Te Organico,"Infusiones y Te Organico, Minimalist, Eco, Atelier",TRUE,Tono / Acabado,Verde Soft Natural,ATL-INF-421-V,450,shopify,50,deny,manual,42.5,,TRUE,TRUE,,FALSE,Infusion Manzanilla Atelier Atelier N1,Comprar Infusion Manzanilla Atelier Atelier N1 en Atelier Minimal Store.,active
infusiones-te-infusion-manzanilla-atelier-1,,,,,,,Tono / Acabado,Marron Tierra Pastel,ATL-INF-421-M,450,shopify,50,deny,manual,46.0,,TRUE,TRUE,,,,,
infusiones-te-infusor-de-acero-pastel-2,Infusor de Acero Pastel Atelier N2,<p>Exquisito infusor de acero elaborado artesanalmente. Tonos pastel suaves en verde y marron natural para la armonia de tu espacio.</p>,Atelier Store,Infusiones y Te Organico,"Infusiones y Te Organico, Minimalist, Eco, Atelier",TRUE,Tono / Acabado,Verde Soft Natural,ATL-INF-422-V,450,shopify,50,deny,manual,47.0,,TRUE,TRUE,,FALSE,Infusor de Acero Pastel Atelier N2,Comprar Infusor de Acero Pastel Atelier N2 en Atelier Minimal Store.,active
infusiones-te-infusor-de-acero-pastel-2,,,,,,,Tono / Acabado,Marron Tierra Pastel,ATL-INF-422-M,450,shopify,50,deny,manual,50.5,,TRUE,TRUE,,,,,
infusiones-te-taza-ceremonial-puro-3,Taza Ceremonial Puro Atelier N3,<p>Exquisito taza ceremonial elaborado artesanalmente. Tonos pastel suaves en verde y marron natural para la armonia de tu espacio.</p>,Atelier Store,Infusiones y Te Organico,"Infusiones y Te Organico, Minimalist, Eco, Atelier",TRUE,Tono / Acabado,Verde Soft Natural,ATL-INF-423-V,450,shopify,50,deny,manual,51.5,,TRUE,TRUE,,FALSE,Taza Ceremonial Puro Atelier N3,Comprar Taza Ceremonial Puro Atelier N3 en Atelier Minimal Store.,active
infusiones-te-taza-ceremonial-puro-3,,,,,,,Tono / Acabado,Marron Tierra Pastel,ATL-INF-423-M,450,shopify,50,deny,manual,55.0,,TRUE,TRUE,,,,,
infusiones-te-matcha-organico-eco-4,Matcha Organico Eco Atelier N4,<p>Exquisito matcha organico elaborado artesanalmente. Tonos pastel suaves en verde y marron natural para la armonia de tu espacio.</p>,Atelier Store,Infusiones y Te Organico,"Infusiones y Te Organico, Minimalist, Eco, Atelier",TRUE,Tono / Acabado,Verde Soft Natural,ATL-INF-424-V,450,shopify,50,deny,manual,56.0,,TRUE,TRUE,,FALSE,Matcha Organico Eco Atelier N4,Comprar Matcha Organico Eco Atelier N4 en Atelier Minimal Store.,active
infusiones-te-matcha-organico-eco-4,,,,,,,Tono / Acabado,Marron Tierra Pastel,ATL-INF-424-M,450,shopify,50,deny,manual,59.5,,TRUE,TRUE,,,,,
infusiones-te-te-verde-sencha-mate-5,Te Verde Sencha Mate Atelier N5,<p>Exquisito te verde sencha elaborado artesanalmente. Tonos pastel suaves en verde y marron natural para la armonia de tu espacio.</p>,Atelier Store,Infusiones y Te Organico,"Infusiones y Te Organico, Minimalist, Eco, Atelier",TRUE,Tono / Acabado,Verde Soft Natural,ATL-INF-425-V,450,shopify,50,deny,manual,35.5,,TRUE,TRUE,,FALSE,Te Verde Sencha Mate Atelier N5,Comprar Te Verde Sencha Mate Atelier N5 en Atelier Minimal Store.,active
infusiones-te-te-verde-sencha-mate-5,,,,,,,Tono / Acabado,Marron Tierra Pastel,ATL-INF-425-M,450,shopify,50,deny,manual,39.0,,TRUE,TRUE,,,,,
infusiones-te-infusion-manzanilla-artesanal-6,Infusion Manzanilla Artesanal Atelier N6,<p>Exquisito infusion manzanilla elaborado artesanalmente. Tonos pastel suaves en verde y marron natural para la armonia de tu espacio.</p>,Atelier Store,Infusiones y Te Organico,"Infusiones y Te Organico, Minimalist, Eco, Atelier",TRUE,Tono / Acabado,Verde Soft Natural,ATL-INF-426-V,450,shopify,50,deny,manual,40.0,,TRUE,TRUE,,FALSE,Infusion Manzanilla Artesanal Atelier N6,Comprar Infusion Manzanilla Artesanal Atelier N6 en Atelier Minimal Store.,active
infusiones-te-infusion-manzanilla-artesanal-6,,,,,,,Tono / Acabado,Marron Tierra Pastel,ATL-INF-426-M,450,shopify,50,deny,manual,43.5,,TRUE,TRUE,,,,,
infusiones-te-infusor-de-acero-organico-7,Infusor de Acero Organico Atelier N7,<p>Exquisito infusor de acero elaborado artesanalmente. Tonos pastel suaves en verde y marron natural para la armonia de tu espacio.</p>,Atelier Store,Infusiones y Te Organico,"Infusiones y Te Organico, Minimalist, Eco, Atelier",TRUE,Tono / Acabado,Verde Soft Natural,ATL-INF-427-V,450,shopify,50,deny,manual,44.5,,TRUE,TRUE,,FALSE,Infusor de Acero Organico Atelier N7,Comprar Infusor de Acero Organico Atelier N7 en Atelier Minimal Store.,active
infusiones-te-infusor-de-acero-organico-7,,,,,,,Tono / Acabado,Marron Tierra Pastel,ATL-INF-427-M,450,shopify,50,deny,manual,48.0,,TRUE,TRUE,,,,,
infusiones-te-taza-ceremonial-botanico-8,Taza Ceremonial Botanico Atelier N8,<p>Exquisito taza ceremonial elaborado artesanalmente. Tonos pastel suaves en verde y marron natural para la armonia de tu espacio.</p>,Atelier Store,Infusiones y Te Organico,"Infusiones y Te Organico, Minimalist, Eco, Atelier",TRUE,Tono / Acabado,Verde Soft Natural,ATL-INF-428-V,450,shopify,50,deny,manual,49.0,,TRUE,TRUE,,FALSE,Taza Ceremonial Botanico Atelier N8,Comprar Taza Ceremonial Botanico Atelier N8 en Atelier Minimal Store.,active
infusiones-te-taza-ceremonial-botanico-8,,,,,,,Tono / Acabado,Marron Tierra Pastel,ATL-INF-428-M,450,shopify,50,deny,manual,52.5,,TRUE,TRUE,,,,,
infusiones-te-matcha-organico-atelier-9,Matcha Organico Atelier Atelier N9,<p>Exquisito matcha organico elaborado artesanalmente. Tonos pastel suaves en verde y marron natural para la armonia de tu espacio.</p>,Atelier Store,Infusiones y Te Organico,"Infusiones y Te Organico, Minimalist, Eco, Atelier",TRUE,Tono / Acabado,Verde Soft Natural,ATL-INF-429-V,450,shopify,50,deny,manual,53.5,,TRUE,TRUE,,FALSE,Matcha Organico Atelier Atelier N9,Comprar Matcha Organico Atelier Atelier N9 en Atelier Minimal Store.,active
infusiones-te-matcha-organico-atelier-9,,,,,,,Tono / Acabado,Marron Tierra Pastel,ATL-INF-429-M,450,shopify,50,deny,manual,57.0,,TRUE,TRUE,,,,,
infusiones-te-te-verde-sencha-pastel-10,Te Verde Sencha Pastel Atelier N10,<p>Exquisito te verde sencha elaborado artesanalmente. Tonos pastel suaves en verde y marron natural para la armonia de tu espacio.</p>,Atelier Store,Infusiones y Te Organico,"Infusiones y Te Organico, Minimalist, Eco, Atelier",TRUE,Tono / Acabado,Verde Soft Natural,ATL-INF-430-V,450,shopify,50,deny,manual,58.0,,TRUE,TRUE,,FALSE,Te Verde Sencha Pastel Atelier N10,Comprar Te Verde Sencha Pastel Atelier N10 en Atelier Minimal Store.,active
infusiones-te-te-verde-sencha-pastel-10,,,,,,,Tono / Acabado,Marron Tierra Pastel,ATL-INF-430-M,450,shopify,50,deny,manual,61.5,,TRUE,TRUE,,,,,
infusiones-te-infusion-manzanilla-puro-11,Infusion Manzanilla Puro Atelier N11,<p>Exquisito infusion manzanilla elaborado artesanalmente. Tonos pastel suaves en verde y marron natural para la armonia de tu espacio.</p>,Atelier Store,Infusiones y Te Organico,"Infusiones y Te Organico, Minimalist, Eco, Atelier",TRUE,Tono / Acabado,Verde Soft Natural,ATL-INF-431-V,450,shopify,50,deny,manual,62.5,,TRUE,TRUE,,FALSE,Infusion Manzanilla Puro Atelier N11,Comprar Infusion Manzanilla Puro Atelier N11 en Atelier Minimal Store.,active
infusiones-te-infusion-manzanilla-puro-11,,,,,,,Tono / Acabado,Marron Tierra Pastel,ATL-INF-431-M,450,shopify,50,deny,manual,66.0,,TRUE,TRUE,,,,,
infusiones-te-infusor-de-acero-eco-12,Infusor de Acero Eco Atelier N12,<p>Exquisito infusor de acero elaborado artesanalmente. Tonos pastel suaves en verde y marron natural para la armonia de tu espacio.</p>,Atelier Store,Infusiones y Te Organico,"Infusiones y Te Organico, Minimalist, Eco, Atelier",TRUE,Tono / Acabado,Verde Soft Natural,ATL-INF-432-V,450,shopify,50,deny,manual,67.0,,TRUE,TRUE,,FALSE,Infusor de Acero Eco Atelier N12,Comprar Infusor de Acero Eco Atelier N12 en Atelier Minimal Store.,active
infusiones-te-infusor-de-acero-eco-12,,,,,,,Tono / Acabado,Marron Tierra Pastel,ATL-INF-432-M,450,shopify,50,deny,manual,70.5,,TRUE,TRUE,,,,,
infusiones-te-taza-ceremonial-mate-13,Taza Ceremonial Mate Atelier N13,<p>Exquisito taza ceremonial elaborado artesanalmente. Tonos pastel suaves en verde y marron natural para la armonia de tu espacio.</p>,Atelier Store,Infusiones y Te Organico,"Infusiones y Te Organico, Minimalist, Eco, Atelier",TRUE,Tono / Acabado,Verde Soft Natural,ATL-INF-433-V,450,shopify,50,deny,manual,71.5,,TRUE,TRUE,,FALSE,Taza Ceremonial Mate Atelier N13,Comprar Taza Ceremonial Mate Atelier N13 en Atelier Minimal Store.,active
infusiones-te-taza-ceremonial-mate-13,,,,,,,Tono / Acabado,Marron Tierra Pastel,ATL-INF-433-M,450,shopify,50,deny,manual,75.0,,TRUE,TRUE,,,,,
infusiones-te-matcha-organico-artesanal-14,Matcha Organico Artesanal Atelier N14,<p>Exquisito matcha organico elaborado artesanalmente. Tonos pastel suaves en verde y marron natural para la armonia de tu espacio.</p>,Atelier Store,Infusiones y Te Organico,"Infusiones y Te Organico, Minimalist, Eco, Atelier",TRUE,Tono / Acabado,Verde Soft Natural,ATL-INF-434-V,450,shopify,50,deny,manual,76.0,,TRUE,TRUE,,FALSE,Matcha Organico Artesanal Atelier N14,Comprar Matcha Organico Artesanal Atelier N14 en Atelier Minimal Store.,active
infusiones-te-matcha-organico-artesanal-14,,,,,,,Tono / Acabado,Marron Tierra Pastel,ATL-INF-434-M,450,shopify,50,deny,manual,79.5,,TRUE,TRUE,,,,,
infusiones-te-te-verde-sencha-organico-15,Te Verde Sencha Organico Atelier N15,<p>Exquisito te verde sencha elaborado artesanalmente. Tonos pastel suaves en verde y marron natural para la armonia de tu espacio.</p>,Atelier Store,Infusiones y Te Organico,"Infusiones y Te Organico, Minimalist, Eco, Atelier",TRUE,Tono / Acabado,Verde Soft Natural,ATL-INF-435-V,450,shopify,50,deny,manual,80.5,,TRUE,TRUE,,FALSE,Te Verde Sencha Organico Atelier N15,Comprar Te Verde Sencha Organico Atelier N15 en Atelier Minimal Store.,active
infusiones-te-te-verde-sencha-organico-15,,,,,,,Tono / Acabado,Marron Tierra Pastel,ATL-INF-435-M,450,shopify,50,deny,manual,84.0,,TRUE,TRUE,,,,,
infusiones-te-infusion-manzanilla-botanico-16,Infusion Manzanilla Botanico Atelier N16,<p>Exquisito infusion manzanilla elaborado artesanalmente. Tonos pastel suaves en verde y marron natural para la armonia de tu espacio.</p>,Atelier Store,Infusiones y Te Organico,"Infusiones y Te Organico, Minimalist, Eco, Atelier",TRUE,Tono / Acabado,Verde Soft Natural,ATL-INF-436-V,450,shopify,50,deny,manual,85.0,,TRUE,TRUE,,FALSE,Infusion Manzanilla Botanico Atelier N16,Comprar Infusion Manzanilla Botanico Atelier N16 en Atelier Minimal Store.,active
infusiones-te-infusion-manzanilla-botanico-16,,,,,,,Tono / Acabado,Marron Tierra Pastel,ATL-INF-436-M,450,shopify,50,deny,manual,88.5,,TRUE,TRUE,,,,,
infusiones-te-infusor-de-acero-atelier-17,Infusor de Acero Atelier Atelier N17,<p>Exquisito infusor de acero elaborado artesanalmente. Tonos pastel suaves en verde y marron natural para la armonia de tu espacio.</p>,Atelier Store,Infusiones y Te Organico,"Infusiones y Te Organico, Minimalist, Eco, Atelier",TRUE,Tono / Acabado,Verde Soft Natural,ATL-INF-437-V,450,shopify,50,deny,manual,89.5,,TRUE,TRUE,,FALSE,Infusor de Acero Atelier Atelier N17,Comprar Infusor de Acero Atelier Atelier N17 en Atelier Minimal Store.,active
infusiones-te-infusor-de-acero-atelier-17,,,,,,,Tono / Acabado,Marron Tierra Pastel,ATL-INF-437-M,450,shopify,50,deny,manual,93.0,,TRUE,TRUE,,,,,
infusiones-te-taza-ceremonial-pastel-18,Taza Ceremonial Pastel Atelier N18,<p>Exquisito taza ceremonial elaborado artesanalmente. Tonos pastel suaves en verde y marron natural para la armonia de tu espacio.</p>,Atelier Store,Infusiones y Te Organico,"Infusiones y Te Organico, Minimalist, Eco, Atelier",TRUE,Tono / Acabado,Verde Soft Natural,ATL-INF-438-V,450,shopify,50,deny,manual,94.0,,TRUE,TRUE,,FALSE,Taza Ceremonial Pastel Atelier N18,Comprar Taza Ceremonial Pastel Atelier N18 en Atelier Minimal Store.,active
infusiones-te-taza-ceremonial-pastel-18,,,,,,,Tono / Acabado,Marron Tierra Pastel,ATL-INF-438-M,450,shopify,50,deny,manual,97.5,,TRUE,TRUE,,,,,
infusiones-te-matcha-organico-puro-19,Matcha Organico Puro Atelier N19,<p>Exquisito matcha organico elaborado artesanalmente. Tonos pastel suaves en verde y marron natural para la armonia de tu espacio.</p>,Atelier Store,Infusiones y Te Organico,"Infusiones y Te Organico, Minimalist, Eco, Atelier",TRUE,Tono / Acabado,Verde Soft Natural,ATL-INF-439-V,450,shopify,50,deny,manual,98.5,,TRUE,TRUE,,FALSE,Matcha Organico Puro Atelier N19,Comprar Matcha Organico Puro Atelier N19 en Atelier Minimal Store.,active
infusiones-te-matcha-organico-puro-19,,,,,,,Tono / Acabado,Marron Tierra Pastel,ATL-INF-439-M,450,shopify,50,deny,manual,102.0,,TRUE,TRUE,,,,,
infusiones-te-te-verde-sencha-eco-20,Te Verde Sencha Eco Atelier N20,<p>Exquisito te verde sencha elaborado artesanalmente. Tonos pastel suaves en verde y marron natural para la armonia de tu espacio.</p>,Atelier Store,Infusiones y Te Organico,"Infusiones y Te Organico, Minimalist, Eco, Atelier",TRUE,Tono / Acabado,Verde Soft Natural,ATL-INF-440-V,450,shopify,50,deny,manual,103.0,,TRUE,TRUE,,FALSE,Te Verde Sencha Eco Atelier N20,Comprar Te Verde Sencha Eco Atelier N20 en Atelier Minimal Store.,active
infusiones-te-te-verde-sencha-eco-20,,,,,,,Tono / Acabado,Marron Tierra Pastel,ATL-INF-440-M,450,shopify,50,deny,manual,106.5,,TRUE,TRUE,,,,,
mascotas-eco-cuenco-ceramica-puro-1,Cuenco Ceramica Puro Atelier N1,<p>Exquisito cuenco ceramica elaborado artesanalmente. Tonos pastel suaves en verde y marron natural para la armonia de tu espacio.</p>,Atelier Store,Accesorios para Mascotas,"Accesorios para Mascotas, Minimalist, Eco, Atelier",TRUE,Tono / Acabado,Verde Soft Natural,ATL-MAS-441-V,450,shopify,50,deny,manual,37.5,,TRUE,TRUE,,FALSE,Cuenco Ceramica Puro Atelier N1,Comprar Cuenco Ceramica Puro Atelier N1 en Atelier Minimal Store.,active
mascotas-eco-cuenco-ceramica-puro-1,,,,,,,Tono / Acabado,Marron Tierra Pastel,ATL-MAS-441-M,450,shopify,50,deny,manual,41.0,,TRUE,TRUE,,,,,
mascotas-eco-juguete-cuerda-eco-2,Juguete Cuerda Eco Atelier N2,<p>Exquisito juguete cuerda elaborado artesanalmente. Tonos pastel suaves en verde y marron natural para la armonia de tu espacio.</p>,Atelier Store,Accesorios para Mascotas,"Accesorios para Mascotas, Minimalist, Eco, Atelier",TRUE,Tono / Acabado,Verde Soft Natural,ATL-MAS-442-V,450,shopify,50,deny,manual,42.0,,TRUE,TRUE,,FALSE,Juguete Cuerda Eco Atelier N2,Comprar Juguete Cuerda Eco Atelier N2 en Atelier Minimal Store.,active
mascotas-eco-juguete-cuerda-eco-2,,,,,,,Tono / Acabado,Marron Tierra Pastel,ATL-MAS-442-M,450,shopify,50,deny,manual,45.5,,TRUE,TRUE,,,,,
mascotas-eco-manta-mascota-mate-3,Manta Mascota Mate Atelier N3,<p>Exquisito manta mascota elaborado artesanalmente. Tonos pastel suaves en verde y marron natural para la armonia de tu espacio.</p>,Atelier Store,Accesorios para Mascotas,"Accesorios para Mascotas, Minimalist, Eco, Atelier",TRUE,Tono / Acabado,Verde Soft Natural,ATL-MAS-443-V,450,shopify,50,deny,manual,46.5,,TRUE,TRUE,,FALSE,Manta Mascota Mate Atelier N3,Comprar Manta Mascota Mate Atelier N3 en Atelier Minimal Store.,active
mascotas-eco-manta-mascota-mate-3,,,,,,,Tono / Acabado,Marron Tierra Pastel,ATL-MAS-443-M,450,shopify,50,deny,manual,50.0,,TRUE,TRUE,,,,,
mascotas-eco-collar-cuero-vegano-artesanal-4,Collar Cuero Vegano Artesanal Atelier N4,<p>Exquisito collar cuero vegano elaborado artesanalmente. Tonos pastel suaves en verde y marron natural para la armonia de tu espacio.</p>,Atelier Store,Accesorios para Mascotas,"Accesorios para Mascotas, Minimalist, Eco, Atelier",TRUE,Tono / Acabado,Verde Soft Natural,ATL-MAS-444-V,450,shopify,50,deny,manual,51.0,,TRUE,TRUE,,FALSE,Collar Cuero Vegano Artesanal Atelier N4,Comprar Collar Cuero Vegano Artesanal Atelier N4 en Atelier Minimal Store.,active
mascotas-eco-collar-cuero-vegano-artesanal-4,,,,,,,Tono / Acabado,Marron Tierra Pastel,ATL-MAS-444-M,450,shopify,50,deny,manual,54.5,,TRUE,TRUE,,,,,
mascotas-eco-cama-de-canamo-organico-5,Cama de Canamo Organico Atelier N5,<p>Exquisito cama de canamo elaborado artesanalmente. Tonos pastel suaves en verde y marron natural para la armonia de tu espacio.</p>,Atelier Store,Accesorios para Mascotas,"Accesorios para Mascotas, Minimalist, Eco, Atelier",TRUE,Tono / Acabado,Verde Soft Natural,ATL-MAS-445-V,450,shopify,50,deny,manual,55.5,,TRUE,TRUE,,FALSE,Cama de Canamo Organico Atelier N5,Comprar Cama de Canamo Organico Atelier N5 en Atelier Minimal Store.,active
mascotas-eco-cama-de-canamo-organico-5,,,,,,,Tono / Acabado,Marron Tierra Pastel,ATL-MAS-445-M,450,shopify,50,deny,manual,59.0,,TRUE,TRUE,,,,,
mascotas-eco-cuenco-ceramica-botanico-6,Cuenco Ceramica Botanico Atelier N6,<p>Exquisito cuenco ceramica elaborado artesanalmente. Tonos pastel suaves en verde y marron natural para la armonia de tu espacio.</p>,Atelier Store,Accesorios para Mascotas,"Accesorios para Mascotas, Minimalist, Eco, Atelier",TRUE,Tono / Acabado,Verde Soft Natural,ATL-MAS-446-V,450,shopify,50,deny,manual,60.0,,TRUE,TRUE,,FALSE,Cuenco Ceramica Botanico Atelier N6,Comprar Cuenco Ceramica Botanico Atelier N6 en Atelier Minimal Store.,active
mascotas-eco-cuenco-ceramica-botanico-6,,,,,,,Tono / Acabado,Marron Tierra Pastel,ATL-MAS-446-M,450,shopify,50,deny,manual,63.5,,TRUE,TRUE,,,,,
mascotas-eco-juguete-cuerda-atelier-7,Juguete Cuerda Atelier Atelier N7,<p>Exquisito juguete cuerda elaborado artesanalmente. Tonos pastel suaves en verde y marron natural para la armonia de tu espacio.</p>,Atelier Store,Accesorios para Mascotas,"Accesorios para Mascotas, Minimalist, Eco, Atelier",TRUE,Tono / Acabado,Verde Soft Natural,ATL-MAS-447-V,450,shopify,50,deny,manual,64.5,,TRUE,TRUE,,FALSE,Juguete Cuerda Atelier Atelier N7,Comprar Juguete Cuerda Atelier Atelier N7 en Atelier Minimal Store.,active
mascotas-eco-juguete-cuerda-atelier-7,,,,,,,Tono / Acabado,Marron Tierra Pastel,ATL-MAS-447-M,450,shopify,50,deny,manual,68.0,,TRUE,TRUE,,,,,
mascotas-eco-manta-mascota-pastel-8,Manta Mascota Pastel Atelier N8,<p>Exquisito manta mascota elaborado artesanalmente. Tonos pastel suaves en verde y marron natural para la armonia de tu espacio.</p>,Atelier Store,Accesorios para Mascotas,"Accesorios para Mascotas, Minimalist, Eco, Atelier",TRUE,Tono / Acabado,Verde Soft Natural,ATL-MAS-448-V,450,shopify,50,deny,manual,69.0,,TRUE,TRUE,,FALSE,Manta Mascota Pastel Atelier N8,Comprar Manta Mascota Pastel Atelier N8 en Atelier Minimal Store.,active
mascotas-eco-manta-mascota-pastel-8,,,,,,,Tono / Acabado,Marron Tierra Pastel,ATL-MAS-448-M,450,shopify,50,deny,manual,72.5,,TRUE,TRUE,,,,,
mascotas-eco-collar-cuero-vegano-puro-9,Collar Cuero Vegano Puro Atelier N9,<p>Exquisito collar cuero vegano elaborado artesanalmente. Tonos pastel suaves en verde y marron natural para la armonia de tu espacio.</p>,Atelier Store,Accesorios para Mascotas,"Accesorios para Mascotas, Minimalist, Eco, Atelier",TRUE,Tono / Acabado,Verde Soft Natural,ATL-MAS-449-V,450,shopify,50,deny,manual,73.5,,TRUE,TRUE,,FALSE,Collar Cuero Vegano Puro Atelier N9,Comprar Collar Cuero Vegano Puro Atelier N9 en Atelier Minimal Store.,active
mascotas-eco-collar-cuero-vegano-puro-9,,,,,,,Tono / Acabado,Marron Tierra Pastel,ATL-MAS-449-M,450,shopify,50,deny,manual,77.0,,TRUE,TRUE,,,,,
mascotas-eco-cama-de-canamo-eco-10,Cama de Canamo Eco Atelier N10,<p>Exquisito cama de canamo elaborado artesanalmente. Tonos pastel suaves en verde y marron natural para la armonia de tu espacio.</p>,Atelier Store,Accesorios para Mascotas,"Accesorios para Mascotas, Minimalist, Eco, Atelier",TRUE,Tono / Acabado,Verde Soft Natural,ATL-MAS-450-V,450,shopify,50,deny,manual,53.0,,TRUE,TRUE,,FALSE,Cama de Canamo Eco Atelier N10,Comprar Cama de Canamo Eco Atelier N10 en Atelier Minimal Store.,active
mascotas-eco-cama-de-canamo-eco-10,,,,,,,Tono / Acabado,Marron Tierra Pastel,ATL-MAS-450-M,450,shopify,50,deny,manual,56.5,,TRUE,TRUE,,,,,
mascotas-eco-cuenco-ceramica-mate-11,Cuenco Ceramica Mate Atelier N11,<p>Exquisito cuenco ceramica elaborado artesanalmente. Tonos pastel suaves en verde y marron natural para la armonia de tu espacio.</p>,Atelier Store,Accesorios para Mascotas,"Accesorios para Mascotas, Minimalist, Eco, Atelier",TRUE,Tono / Acabado,Verde Soft Natural,ATL-MAS-451-V,450,shopify,50,deny,manual,57.5,,TRUE,TRUE,,FALSE,Cuenco Ceramica Mate Atelier N11,Comprar Cuenco Ceramica Mate Atelier N11 en Atelier Minimal Store.,active
mascotas-eco-cuenco-ceramica-mate-11,,,,,,,Tono / Acabado,Marron Tierra Pastel,ATL-MAS-451-M,450,shopify,50,deny,manual,61.0,,TRUE,TRUE,,,,,
mascotas-eco-juguete-cuerda-artesanal-12,Juguete Cuerda Artesanal Atelier N12,<p>Exquisito juguete cuerda elaborado artesanalmente. Tonos pastel suaves en verde y marron natural para la armonia de tu espacio.</p>,Atelier Store,Accesorios para Mascotas,"Accesorios para Mascotas, Minimalist, Eco, Atelier",TRUE,Tono / Acabado,Verde Soft Natural,ATL-MAS-452-V,450,shopify,50,deny,manual,62.0,,TRUE,TRUE,,FALSE,Juguete Cuerda Artesanal Atelier N12,Comprar Juguete Cuerda Artesanal Atelier N12 en Atelier Minimal Store.,active
mascotas-eco-juguete-cuerda-artesanal-12,,,,,,,Tono / Acabado,Marron Tierra Pastel,ATL-MAS-452-M,450,shopify,50,deny,manual,65.5,,TRUE,TRUE,,,,,
mascotas-eco-manta-mascota-organico-13,Manta Mascota Organico Atelier N13,<p>Exquisito manta mascota elaborado artesanalmente. Tonos pastel suaves en verde y marron natural para la armonia de tu espacio.</p>,Atelier Store,Accesorios para Mascotas,"Accesorios para Mascotas, Minimalist, Eco, Atelier",TRUE,Tono / Acabado,Verde Soft Natural,ATL-MAS-453-V,450,shopify,50,deny,manual,66.5,,TRUE,TRUE,,FALSE,Manta Mascota Organico Atelier N13,Comprar Manta Mascota Organico Atelier N13 en Atelier Minimal Store.,active
mascotas-eco-manta-mascota-organico-13,,,,,,,Tono / Acabado,Marron Tierra Pastel,ATL-MAS-453-M,450,shopify,50,deny,manual,70.0,,TRUE,TRUE,,,,,
mascotas-eco-collar-cuero-vegano-botanico-14,Collar Cuero Vegano Botanico Atelier N14,<p>Exquisito collar cuero vegano elaborado artesanalmente. Tonos pastel suaves en verde y marron natural para la armonia de tu espacio.</p>,Atelier Store,Accesorios para Mascotas,"Accesorios para Mascotas, Minimalist, Eco, Atelier",TRUE,Tono / Acabado,Verde Soft Natural,ATL-MAS-454-V,450,shopify,50,deny,manual,71.0,,TRUE,TRUE,,FALSE,Collar Cuero Vegano Botanico Atelier N14,Comprar Collar Cuero Vegano Botanico Atelier N14 en Atelier Minimal Store.,active
mascotas-eco-collar-cuero-vegano-botanico-14,,,,,,,Tono / Acabado,Marron Tierra Pastel,ATL-MAS-454-M,450,shopify,50,deny,manual,74.5,,TRUE,TRUE,,,,,
mascotas-eco-cama-de-canamo-atelier-15,Cama de Canamo Atelier Atelier N15,<p>Exquisito cama de canamo elaborado artesanalmente. Tonos pastel suaves en verde y marron natural para la armonia de tu espacio.</p>,Atelier Store,Accesorios para Mascotas,"Accesorios para Mascotas, Minimalist, Eco, Atelier",TRUE,Tono / Acabado,Verde Soft Natural,ATL-MAS-455-V,450,shopify,50,deny,manual,75.5,,TRUE,TRUE,,FALSE,Cama de Canamo Atelier Atelier N15,Comprar Cama de Canamo Atelier Atelier N15 en Atelier Minimal Store.,active
mascotas-eco-cama-de-canamo-atelier-15,,,,,,,Tono / Acabado,Marron Tierra Pastel,ATL-MAS-455-M,450,shopify,50,deny,manual,79.0,,TRUE,TRUE,,,,,
mascotas-eco-cuenco-ceramica-pastel-16,Cuenco Ceramica Pastel Atelier N16,<p>Exquisito cuenco ceramica elaborado artesanalmente. Tonos pastel suaves en verde y marron natural para la armonia de tu espacio.</p>,Atelier Store,Accesorios para Mascotas,"Accesorios para Mascotas, Minimalist, Eco, Atelier",TRUE,Tono / Acabado,Verde Soft Natural,ATL-MAS-456-V,450,shopify,50,deny,manual,80.0,,TRUE,TRUE,,FALSE,Cuenco Ceramica Pastel Atelier N16,Comprar Cuenco Ceramica Pastel Atelier N16 en Atelier Minimal Store.,active
mascotas-eco-cuenco-ceramica-pastel-16,,,,,,,Tono / Acabado,Marron Tierra Pastel,ATL-MAS-456-M,450,shopify,50,deny,manual,83.5,,TRUE,TRUE,,,,,
mascotas-eco-juguete-cuerda-puro-17,Juguete Cuerda Puro Atelier N17,<p>Exquisito juguete cuerda elaborado artesanalmente. Tonos pastel suaves en verde y marron natural para la armonia de tu espacio.</p>,Atelier Store,Accesorios para Mascotas,"Accesorios para Mascotas, Minimalist, Eco, Atelier",TRUE,Tono / Acabado,Verde Soft Natural,ATL-MAS-457-V,450,shopify,50,deny,manual,84.5,,TRUE,TRUE,,FALSE,Juguete Cuerda Puro Atelier N17,Comprar Juguete Cuerda Puro Atelier N17 en Atelier Minimal Store.,active
mascotas-eco-juguete-cuerda-puro-17,,,,,,,Tono / Acabado,Marron Tierra Pastel,ATL-MAS-457-M,450,shopify,50,deny,manual,88.0,,TRUE,TRUE,,,,,
mascotas-eco-manta-mascota-eco-18,Manta Mascota Eco Atelier N18,<p>Exquisito manta mascota elaborado artesanalmente. Tonos pastel suaves en verde y marron natural para la armonia de tu espacio.</p>,Atelier Store,Accesorios para Mascotas,"Accesorios para Mascotas, Minimalist, Eco, Atelier",TRUE,Tono / Acabado,Verde Soft Natural,ATL-MAS-458-V,450,shopify,50,deny,manual,89.0,,TRUE,TRUE,,FALSE,Manta Mascota Eco Atelier N18,Comprar Manta Mascota Eco Atelier N18 en Atelier Minimal Store.,active
mascotas-eco-manta-mascota-eco-18,,,,,,,Tono / Acabado,Marron Tierra Pastel,ATL-MAS-458-M,450,shopify,50,deny,manual,92.5,,TRUE,TRUE,,,,,
mascotas-eco-collar-cuero-vegano-mate-19,Collar Cuero Vegano Mate Atelier N19,<p>Exquisito collar cuero vegano elaborado artesanalmente. Tonos pastel suaves en verde y marron natural para la armonia de tu espacio.</p>,Atelier Store,Accesorios para Mascotas,"Accesorios para Mascotas, Minimalist, Eco, Atelier",TRUE,Tono / Acabado,Verde Soft Natural,ATL-MAS-459-V,450,shopify,50,deny,manual,93.5,,TRUE,TRUE,,FALSE,Collar Cuero Vegano Mate Atelier N19,Comprar Collar Cuero Vegano Mate Atelier N19 en Atelier Minimal Store.,active
mascotas-eco-collar-cuero-vegano-mate-19,,,,,,,Tono / Acabado,Marron Tierra Pastel,ATL-MAS-459-M,450,shopify,50,deny,manual,97.0,,TRUE,TRUE,,,,,
mascotas-eco-cama-de-canamo-artesanal-20,Cama de Canamo Artesanal Atelier N20,<p>Exquisito cama de canamo elaborado artesanalmente. Tonos pastel suaves en verde y marron natural para la armonia de tu espacio.</p>,Atelier Store,Accesorios para Mascotas,"Accesorios para Mascotas, Minimalist, Eco, Atelier",TRUE,Tono / Acabado,Verde Soft Natural,ATL-MAS-460-V,450,shopify,50,deny,manual,98.0,,TRUE,TRUE,,FALSE,Cama de Canamo Artesanal Atelier N20,Comprar Cama de Canamo Artesanal Atelier N20 en Atelier Minimal Store.,active
mascotas-eco-cama-de-canamo-artesanal-20,,,,,,,Tono / Acabado,Marron Tierra Pastel,ATL-MAS-460-M,450,shopify,50,deny,manual,101.5,,TRUE,TRUE,,,,,
ninos-juguetes-sonajero-bambu-mate-1,Sonajero Bambu Mate Atelier N1,<p>Exquisito sonajero bambu elaborado artesanalmente. Tonos pastel suaves en verde y marron natural para la armonia de tu espacio.</p>,Atelier Store,Juguetes de Madera,"Juguetes de Madera, Minimalist, Eco, Atelier",TRUE,Tono / Acabado,Verde Soft Natural,ATL-NIN-461-V,450,shopify,50,deny,manual,32.5,,TRUE,TRUE,,FALSE,Sonajero Bambu Mate Atelier N1,Comprar Sonajero Bambu Mate Atelier N1 en Atelier Minimal Store.,active
ninos-juguetes-sonajero-bambu-mate-1,,,,,,,Tono / Acabado,Marron Tierra Pastel,ATL-NIN-461-M,450,shopify,50,deny,manual,36.0,,TRUE,TRUE,,,,,
ninos-juguetes-puzzle-geometrico-artesanal-2,Puzzle Geometrico Artesanal Atelier N2,<p>Exquisito puzzle geometrico elaborado artesanalmente. Tonos pastel suaves en verde y marron natural para la armonia de tu espacio.</p>,Atelier Store,Juguetes de Madera,"Juguetes de Madera, Minimalist, Eco, Atelier",TRUE,Tono / Acabado,Verde Soft Natural,ATL-NIN-462-V,450,shopify,50,deny,manual,37.0,,TRUE,TRUE,,FALSE,Puzzle Geometrico Artesanal Atelier N2,Comprar Puzzle Geometrico Artesanal Atelier N2 en Atelier Minimal Store.,active
ninos-juguetes-puzzle-geometrico-artesanal-2,,,,,,,Tono / Acabado,Marron Tierra Pastel,ATL-NIN-462-M,450,shopify,50,deny,manual,40.5,,TRUE,TRUE,,,,,
ninos-juguetes-cochecito-madera-organico-3,Cochecito Madera Organico Atelier N3,<p>Exquisito cochecito madera elaborado artesanalmente. Tonos pastel suaves en verde y marron natural para la armonia de tu espacio.</p>,Atelier Store,Juguetes de Madera,"Juguetes de Madera, Minimalist, Eco, Atelier",TRUE,Tono / Acabado,Verde Soft Natural,ATL-NIN-463-V,450,shopify,50,deny,manual,41.5,,TRUE,TRUE,,FALSE,Cochecito Madera Organico Atelier N3,Comprar Cochecito Madera Organico Atelier N3 en Atelier Minimal Store.,active
ninos-juguetes-cochecito-madera-organico-3,,,,,,,Tono / Acabado,Marron Tierra Pastel,ATL-NIN-463-M,450,shopify,50,deny,manual,45.0,,TRUE,TRUE,,,,,
ninos-juguetes-figuras-animales-botanico-4,Figuras Animales Botanico Atelier N4,<p>Exquisito figuras animales elaborado artesanalmente. Tonos pastel suaves en verde y marron natural para la armonia de tu espacio.</p>,Atelier Store,Juguetes de Madera,"Juguetes de Madera, Minimalist, Eco, Atelier",TRUE,Tono / Acabado,Verde Soft Natural,ATL-NIN-464-V,450,shopify,50,deny,manual,46.0,,TRUE,TRUE,,FALSE,Figuras Animales Botanico Atelier N4,Comprar Figuras Animales Botanico Atelier N4 en Atelier Minimal Store.,active
ninos-juguetes-figuras-animales-botanico-4,,,,,,,Tono / Acabado,Marron Tierra Pastel,ATL-NIN-464-M,450,shopify,50,deny,manual,49.5,,TRUE,TRUE,,,,,
ninos-juguetes-bloques-madera-atelier-5,Bloques Madera Atelier Atelier N5,<p>Exquisito bloques madera elaborado artesanalmente. Tonos pastel suaves en verde y marron natural para la armonia de tu espacio.</p>,Atelier Store,Juguetes de Madera,"Juguetes de Madera, Minimalist, Eco, Atelier",TRUE,Tono / Acabado,Verde Soft Natural,ATL-NIN-465-V,450,shopify,50,deny,manual,50.5,,TRUE,TRUE,,FALSE,Bloques Madera Atelier Atelier N5,Comprar Bloques Madera Atelier Atelier N5 en Atelier Minimal Store.,active
ninos-juguetes-bloques-madera-atelier-5,,,,,,,Tono / Acabado,Marron Tierra Pastel,ATL-NIN-465-M,450,shopify,50,deny,manual,54.0,,TRUE,TRUE,,,,,
ninos-juguetes-sonajero-bambu-pastel-6,Sonajero Bambu Pastel Atelier N6,<p>Exquisito sonajero bambu elaborado artesanalmente. Tonos pastel suaves en verde y marron natural para la armonia de tu espacio.</p>,Atelier Store,Juguetes de Madera,"Juguetes de Madera, Minimalist, Eco, Atelier",TRUE,Tono / Acabado,Verde Soft Natural,ATL-NIN-466-V,450,shopify,50,deny,manual,55.0,,TRUE,TRUE,,FALSE,Sonajero Bambu Pastel Atelier N6,Comprar Sonajero Bambu Pastel Atelier N6 en Atelier Minimal Store.,active
ninos-juguetes-sonajero-bambu-pastel-6,,,,,,,Tono / Acabado,Marron Tierra Pastel,ATL-NIN-466-M,450,shopify,50,deny,manual,58.5,,TRUE,TRUE,,,,,
ninos-juguetes-puzzle-geometrico-puro-7,Puzzle Geometrico Puro Atelier N7,<p>Exquisito puzzle geometrico elaborado artesanalmente. Tonos pastel suaves en verde y marron natural para la armonia de tu espacio.</p>,Atelier Store,Juguetes de Madera,"Juguetes de Madera, Minimalist, Eco, Atelier",TRUE,Tono / Acabado,Verde Soft Natural,ATL-NIN-467-V,450,shopify,50,deny,manual,59.5,,TRUE,TRUE,,FALSE,Puzzle Geometrico Puro Atelier N7,Comprar Puzzle Geometrico Puro Atelier N7 en Atelier Minimal Store.,active
ninos-juguetes-puzzle-geometrico-puro-7,,,,,,,Tono / Acabado,Marron Tierra Pastel,ATL-NIN-467-M,450,shopify,50,deny,manual,63.0,,TRUE,TRUE,,,,,
ninos-juguetes-cochecito-madera-eco-8,Cochecito Madera Eco Atelier N8,<p>Exquisito cochecito madera elaborado artesanalmente. Tonos pastel suaves en verde y marron natural para la armonia de tu espacio.</p>,Atelier Store,Juguetes de Madera,"Juguetes de Madera, Minimalist, Eco, Atelier",TRUE,Tono / Acabado,Verde Soft Natural,ATL-NIN-468-V,450,shopify,50,deny,manual,64.0,,TRUE,TRUE,,FALSE,Cochecito Madera Eco Atelier N8,Comprar Cochecito Madera Eco Atelier N8 en Atelier Minimal Store.,active
ninos-juguetes-cochecito-madera-eco-8,,,,,,,Tono / Acabado,Marron Tierra Pastel,ATL-NIN-468-M,450,shopify,50,deny,manual,67.5,,TRUE,TRUE,,,,,
ninos-juguetes-figuras-animales-mate-9,Figuras Animales Mate Atelier N9,<p>Exquisito figuras animales elaborado artesanalmente. Tonos pastel suaves en verde y marron natural para la armonia de tu espacio.</p>,Atelier Store,Juguetes de Madera,"Juguetes de Madera, Minimalist, Eco, Atelier",TRUE,Tono / Acabado,Verde Soft Natural,ATL-NIN-469-V,450,shopify,50,deny,manual,68.5,,TRUE,TRUE,,FALSE,Figuras Animales Mate Atelier N9,Comprar Figuras Animales Mate Atelier N9 en Atelier Minimal Store.,active
ninos-juguetes-figuras-animales-mate-9,,,,,,,Tono / Acabado,Marron Tierra Pastel,ATL-NIN-469-M,450,shopify,50,deny,manual,72.0,,TRUE,TRUE,,,,,
ninos-juguetes-bloques-madera-artesanal-10,Bloques Madera Artesanal Atelier N10,<p>Exquisito bloques madera elaborado artesanalmente. Tonos pastel suaves en verde y marron natural para la armonia de tu espacio.</p>,Atelier Store,Juguetes de Madera,"Juguetes de Madera, Minimalist, Eco, Atelier",TRUE,Tono / Acabado,Verde Soft Natural,ATL-NIN-470-V,450,shopify,50,deny,manual,73.0,,TRUE,TRUE,,FALSE,Bloques Madera Artesanal Atelier N10,Comprar Bloques Madera Artesanal Atelier N10 en Atelier Minimal Store.,active
ninos-juguetes-bloques-madera-artesanal-10,,,,,,,Tono / Acabado,Marron Tierra Pastel,ATL-NIN-470-M,450,shopify,50,deny,manual,76.5,,TRUE,TRUE,,,,,
ninos-juguetes-sonajero-bambu-organico-11,Sonajero Bambu Organico Atelier N11,<p>Exquisito sonajero bambu elaborado artesanalmente. Tonos pastel suaves en verde y marron natural para la armonia de tu espacio.</p>,Atelier Store,Juguetes de Madera,"Juguetes de Madera, Minimalist, Eco, Atelier",TRUE,Tono / Acabado,Verde Soft Natural,ATL-NIN-471-V,450,shopify,50,deny,manual,77.5,,TRUE,TRUE,,FALSE,Sonajero Bambu Organico Atelier N11,Comprar Sonajero Bambu Organico Atelier N11 en Atelier Minimal Store.,active
ninos-juguetes-sonajero-bambu-organico-11,,,,,,,Tono / Acabado,Marron Tierra Pastel,ATL-NIN-471-M,450,shopify,50,deny,manual,81.0,,TRUE,TRUE,,,,,
ninos-juguetes-puzzle-geometrico-botanico-12,Puzzle Geometrico Botanico Atelier N12,<p>Exquisito puzzle geometrico elaborado artesanalmente. Tonos pastel suaves en verde y marron natural para la armonia de tu espacio.</p>,Atelier Store,Juguetes de Madera,"Juguetes de Madera, Minimalist, Eco, Atelier",TRUE,Tono / Acabado,Verde Soft Natural,ATL-NIN-472-V,450,shopify,50,deny,manual,82.0,,TRUE,TRUE,,FALSE,Puzzle Geometrico Botanico Atelier N12,Comprar Puzzle Geometrico Botanico Atelier N12 en Atelier Minimal Store.,active
ninos-juguetes-puzzle-geometrico-botanico-12,,,,,,,Tono / Acabado,Marron Tierra Pastel,ATL-NIN-472-M,450,shopify,50,deny,manual,85.5,,TRUE,TRUE,,,,,
ninos-juguetes-cochecito-madera-atelier-13,Cochecito Madera Atelier Atelier N13,<p>Exquisito cochecito madera elaborado artesanalmente. Tonos pastel suaves en verde y marron natural para la armonia de tu espacio.</p>,Atelier Store,Juguetes de Madera,"Juguetes de Madera, Minimalist, Eco, Atelier",TRUE,Tono / Acabado,Verde Soft Natural,ATL-NIN-473-V,450,shopify,50,deny,manual,86.5,,TRUE,TRUE,,FALSE,Cochecito Madera Atelier Atelier N13,Comprar Cochecito Madera Atelier Atelier N13 en Atelier Minimal Store.,active
ninos-juguetes-cochecito-madera-atelier-13,,,,,,,Tono / Acabado,Marron Tierra Pastel,ATL-NIN-473-M,450,shopify,50,deny,manual,90.0,,TRUE,TRUE,,,,,
ninos-juguetes-figuras-animales-pastel-14,Figuras Animales Pastel Atelier N14,<p>Exquisito figuras animales elaborado artesanalmente. Tonos pastel suaves en verde y marron natural para la armonia de tu espacio.</p>,Atelier Store,Juguetes de Madera,"Juguetes de Madera, Minimalist, Eco, Atelier",TRUE,Tono / Acabado,Verde Soft Natural,ATL-NIN-474-V,450,shopify,50,deny,manual,91.0,,TRUE,TRUE,,FALSE,Figuras Animales Pastel Atelier N14,Comprar Figuras Animales Pastel Atelier N14 en Atelier Minimal Store.,active
ninos-juguetes-figuras-animales-pastel-14,,,,,,,Tono / Acabado,Marron Tierra Pastel,ATL-NIN-474-M,450,shopify,50,deny,manual,94.5,,TRUE,TRUE,,,,,
ninos-juguetes-bloques-madera-puro-15,Bloques Madera Puro Atelier N15,<p>Exquisito bloques madera elaborado artesanalmente. Tonos pastel suaves en verde y marron natural para la armonia de tu espacio.</p>,Atelier Store,Juguetes de Madera,"Juguetes de Madera, Minimalist, Eco, Atelier",TRUE,Tono / Acabado,Verde Soft Natural,ATL-NIN-475-V,450,shopify,50,deny,manual,70.5,,TRUE,TRUE,,FALSE,Bloques Madera Puro Atelier N15,Comprar Bloques Madera Puro Atelier N15 en Atelier Minimal Store.,active
ninos-juguetes-bloques-madera-puro-15,,,,,,,Tono / Acabado,Marron Tierra Pastel,ATL-NIN-475-M,450,shopify,50,deny,manual,74.0,,TRUE,TRUE,,,,,
ninos-juguetes-sonajero-bambu-eco-16,Sonajero Bambu Eco Atelier N16,<p>Exquisito sonajero bambu elaborado artesanalmente. Tonos pastel suaves en verde y marron natural para la armonia de tu espacio.</p>,Atelier Store,Juguetes de Madera,"Juguetes de Madera, Minimalist, Eco, Atelier",TRUE,Tono / Acabado,Verde Soft Natural,ATL-NIN-476-V,450,shopify,50,deny,manual,75.0,,TRUE,TRUE,,FALSE,Sonajero Bambu Eco Atelier N16,Comprar Sonajero Bambu Eco Atelier N16 en Atelier Minimal Store.,active
ninos-juguetes-sonajero-bambu-eco-16,,,,,,,Tono / Acabado,Marron Tierra Pastel,ATL-NIN-476-M,450,shopify,50,deny,manual,78.5,,TRUE,TRUE,,,,,
ninos-juguetes-puzzle-geometrico-mate-17,Puzzle Geometrico Mate Atelier N17,<p>Exquisito puzzle geometrico elaborado artesanalmente. Tonos pastel suaves en verde y marron natural para la armonia de tu espacio.</p>,Atelier Store,Juguetes de Madera,"Juguetes de Madera, Minimalist, Eco, Atelier",TRUE,Tono / Acabado,Verde Soft Natural,ATL-NIN-477-V,450,shopify,50,deny,manual,79.5,,TRUE,TRUE,,FALSE,Puzzle Geometrico Mate Atelier N17,Comprar Puzzle Geometrico Mate Atelier N17 en Atelier Minimal Store.,active
ninos-juguetes-puzzle-geometrico-mate-17,,,,,,,Tono / Acabado,Marron Tierra Pastel,ATL-NIN-477-M,450,shopify,50,deny,manual,83.0,,TRUE,TRUE,,,,,
ninos-juguetes-cochecito-madera-artesanal-18,Cochecito Madera Artesanal Atelier N18,<p>Exquisito cochecito madera elaborado artesanalmente. Tonos pastel suaves en verde y marron natural para la armonia de tu espacio.</p>,Atelier Store,Juguetes de Madera,"Juguetes de Madera, Minimalist, Eco, Atelier",TRUE,Tono / Acabado,Verde Soft Natural,ATL-NIN-478-V,450,shopify,50,deny,manual,84.0,,TRUE,TRUE,,FALSE,Cochecito Madera Artesanal Atelier N18,Comprar Cochecito Madera Artesanal Atelier N18 en Atelier Minimal Store.,active
ninos-juguetes-cochecito-madera-artesanal-18,,,,,,,Tono / Acabado,Marron Tierra Pastel,ATL-NIN-478-M,450,shopify,50,deny,manual,87.5,,TRUE,TRUE,,,,,
ninos-juguetes-figuras-animales-organico-19,Figuras Animales Organico Atelier N19,<p>Exquisito figuras animales elaborado artesanalmente. Tonos pastel suaves en verde y marron natural para la armonia de tu espacio.</p>,Atelier Store,Juguetes de Madera,"Juguetes de Madera, Minimalist, Eco, Atelier",TRUE,Tono / Acabado,Verde Soft Natural,ATL-NIN-479-V,450,shopify,50,deny,manual,88.5,,TRUE,TRUE,,FALSE,Figuras Animales Organico Atelier N19,Comprar Figuras Animales Organico Atelier N19 en Atelier Minimal Store.,active
ninos-juguetes-figuras-animales-organico-19,,,,,,,Tono / Acabado,Marron Tierra Pastel,ATL-NIN-479-M,450,shopify,50,deny,manual,92.0,,TRUE,TRUE,,,,,
ninos-juguetes-bloques-madera-botanico-20,Bloques Madera Botanico Atelier N20,<p>Exquisito bloques madera elaborado artesanalmente. Tonos pastel suaves en verde y marron natural para la armonia de tu espacio.</p>,Atelier Store,Juguetes de Madera,"Juguetes de Madera, Minimalist, Eco, Atelier",TRUE,Tono / Acabado,Verde Soft Natural,ATL-NIN-480-V,450,shopify,50,deny,manual,93.0,,TRUE,TRUE,,FALSE,Bloques Madera Botanico Atelier N20,Comprar Bloques Madera Botanico Atelier N20 en Atelier Minimal Store.,active
ninos-juguetes-bloques-madera-botanico-20,,,,,,,Tono / Acabado,Marron Tierra Pastel,ATL-NIN-480-M,450,shopify,50,deny,manual,96.5,,TRUE,TRUE,,,,,
cuidado-ropa-detergente-ecologico-organico-1,Detergente Ecologico Organico Atelier N1,<p>Exquisito detergente ecologico elaborado artesanalmente. Tonos pastel suaves en verde y marron natural para la armonia de tu espacio.</p>,Atelier Store,Cuidado de la Ropa,"Cuidado de la Ropa, Minimalist, Eco, Atelier",TRUE,Tono / Acabado,Verde Soft Natural,ATL-CUI-481-V,450,shopify,50,deny,manual,27.5,,TRUE,TRUE,,FALSE,Detergente Ecologico Organico Atelier N1,Comprar Detergente Ecologico Organico Atelier N1 en Atelier Minimal Store.,active
cuidado-ropa-detergente-ecologico-organico-1,,,,,,,Tono / Acabado,Marron Tierra Pastel,ATL-CUI-481-M,450,shopify,50,deny,manual,31.0,,TRUE,TRUE,,,,,
cuidado-ropa-jabon-de-lavanda-botanico-2,Jabon de Lavanda Botanico Atelier N2,<p>Exquisito jabon de lavanda elaborado artesanalmente. Tonos pastel suaves en verde y marron natural para la armonia de tu espacio.</p>,Atelier Store,Cuidado de la Ropa,"Cuidado de la Ropa, Minimalist, Eco, Atelier",TRUE,Tono / Acabado,Verde Soft Natural,ATL-CUI-482-V,450,shopify,50,deny,manual,32.0,,TRUE,TRUE,,FALSE,Jabon de Lavanda Botanico Atelier N2,Comprar Jabon de Lavanda Botanico Atelier N2 en Atelier Minimal Store.,active
cuidado-ropa-jabon-de-lavanda-botanico-2,,,,,,,Tono / Acabado,Marron Tierra Pastel,ATL-CUI-482-M,450,shopify,50,deny,manual,35.5,,TRUE,TRUE,,,,,
cuidado-ropa-bolsa-lavado-delicado-atelier-3,Bolsa Lavado Delicado Atelier Atelier N3,<p>Exquisito bolsa lavado delicado elaborado artesanalmente. Tonos pastel suaves en verde y marron natural para la armonia de tu espacio.</p>,Atelier Store,Cuidado de la Ropa,"Cuidado de la Ropa, Minimalist, Eco, Atelier",TRUE,Tono / Acabado,Verde Soft Natural,ATL-CUI-483-V,450,shopify,50,deny,manual,36.5,,TRUE,TRUE,,FALSE,Bolsa Lavado Delicado Atelier Atelier N3,Comprar Bolsa Lavado Delicado Atelier Atelier N3 en Atelier Minimal Store.,active
cuidado-ropa-bolsa-lavado-delicado-atelier-3,,,,,,,Tono / Acabado,Marron Tierra Pastel,ATL-CUI-483-M,450,shopify,50,deny,manual,40.0,,TRUE,TRUE,,,,,
cuidado-ropa-cepillo-quita-pelusa-pastel-4,Cepillo Quita Pelusa Pastel Atelier N4,<p>Exquisito cepillo quita pelusa elaborado artesanalmente. Tonos pastel suaves en verde y marron natural para la armonia de tu espacio.</p>,Atelier Store,Cuidado de la Ropa,"Cuidado de la Ropa, Minimalist, Eco, Atelier",TRUE,Tono / Acabado,Verde Soft Natural,ATL-CUI-484-V,450,shopify,50,deny,manual,41.0,,TRUE,TRUE,,FALSE,Cepillo Quita Pelusa Pastel Atelier N4,Comprar Cepillo Quita Pelusa Pastel Atelier N4 en Atelier Minimal Store.,active
cuidado-ropa-cepillo-quita-pelusa-pastel-4,,,,,,,Tono / Acabado,Marron Tierra Pastel,ATL-CUI-484-M,450,shopify,50,deny,manual,44.5,,TRUE,TRUE,,,,,
cuidado-ropa-esferas-secadora-puro-5,Esferas Secadora Puro Atelier N5,<p>Exquisito esferas secadora elaborado artesanalmente. Tonos pastel suaves en verde y marron natural para la armonia de tu espacio.</p>,Atelier Store,Cuidado de la Ropa,"Cuidado de la Ropa, Minimalist, Eco, Atelier",TRUE,Tono / Acabado,Verde Soft Natural,ATL-CUI-485-V,450,shopify,50,deny,manual,45.5,,TRUE,TRUE,,FALSE,Esferas Secadora Puro Atelier N5,Comprar Esferas Secadora Puro Atelier N5 en Atelier Minimal Store.,active
cuidado-ropa-esferas-secadora-puro-5,,,,,,,Tono / Acabado,Marron Tierra Pastel,ATL-CUI-485-M,450,shopify,50,deny,manual,49.0,,TRUE,TRUE,,,,,
cuidado-ropa-detergente-ecologico-eco-6,Detergente Ecologico Eco Atelier N6,<p>Exquisito detergente ecologico elaborado artesanalmente. Tonos pastel suaves en verde y marron natural para la armonia de tu espacio.</p>,Atelier Store,Cuidado de la Ropa,"Cuidado de la Ropa, Minimalist, Eco, Atelier",TRUE,Tono / Acabado,Verde Soft Natural,ATL-CUI-486-V,450,shopify,50,deny,manual,50.0,,TRUE,TRUE,,FALSE,Detergente Ecologico Eco Atelier N6,Comprar Detergente Ecologico Eco Atelier N6 en Atelier Minimal Store.,active
cuidado-ropa-detergente-ecologico-eco-6,,,,,,,Tono / Acabado,Marron Tierra Pastel,ATL-CUI-486-M,450,shopify,50,deny,manual,53.5,,TRUE,TRUE,,,,,
cuidado-ropa-jabon-de-lavanda-mate-7,Jabon de Lavanda Mate Atelier N7,<p>Exquisito jabon de lavanda elaborado artesanalmente. Tonos pastel suaves en verde y marron natural para la armonia de tu espacio.</p>,Atelier Store,Cuidado de la Ropa,"Cuidado de la Ropa, Minimalist, Eco, Atelier",TRUE,Tono / Acabado,Verde Soft Natural,ATL-CUI-487-V,450,shopify,50,deny,manual,54.5,,TRUE,TRUE,,FALSE,Jabon de Lavanda Mate Atelier N7,Comprar Jabon de Lavanda Mate Atelier N7 en Atelier Minimal Store.,active
cuidado-ropa-jabon-de-lavanda-mate-7,,,,,,,Tono / Acabado,Marron Tierra Pastel,ATL-CUI-487-M,450,shopify,50,deny,manual,58.0,,TRUE,TRUE,,,,,
cuidado-ropa-bolsa-lavado-delicado-artesanal-8,Bolsa Lavado Delicado Artesanal Atelier N8,<p>Exquisito bolsa lavado delicado elaborado artesanalmente. Tonos pastel suaves en verde y marron natural para la armonia de tu espacio.</p>,Atelier Store,Cuidado de la Ropa,"Cuidado de la Ropa, Minimalist, Eco, Atelier",TRUE,Tono / Acabado,Verde Soft Natural,ATL-CUI-488-V,450,shopify,50,deny,manual,59.0,,TRUE,TRUE,,FALSE,Bolsa Lavado Delicado Artesanal Atelier N8,Comprar Bolsa Lavado Delicado Artesanal Atelier N8 en Atelier Minimal Store.,active
cuidado-ropa-bolsa-lavado-delicado-artesanal-8,,,,,,,Tono / Acabado,Marron Tierra Pastel,ATL-CUI-488-M,450,shopify,50,deny,manual,62.5,,TRUE,TRUE,,,,,
cuidado-ropa-cepillo-quita-pelusa-organico-9,Cepillo Quita Pelusa Organico Atelier N9,<p>Exquisito cepillo quita pelusa elaborado artesanalmente. Tonos pastel suaves en verde y marron natural para la armonia de tu espacio.</p>,Atelier Store,Cuidado de la Ropa,"Cuidado de la Ropa, Minimalist, Eco, Atelier",TRUE,Tono / Acabado,Verde Soft Natural,ATL-CUI-489-V,450,shopify,50,deny,manual,63.5,,TRUE,TRUE,,FALSE,Cepillo Quita Pelusa Organico Atelier N9,Comprar Cepillo Quita Pelusa Organico Atelier N9 en Atelier Minimal Store.,active
cuidado-ropa-cepillo-quita-pelusa-organico-9,,,,,,,Tono / Acabado,Marron Tierra Pastel,ATL-CUI-489-M,450,shopify,50,deny,manual,67.0,,TRUE,TRUE,,,,,
cuidado-ropa-esferas-secadora-botanico-10,Esferas Secadora Botanico Atelier N10,<p>Exquisito esferas secadora elaborado artesanalmente. Tonos pastel suaves en verde y marron natural para la armonia de tu espacio.</p>,Atelier Store,Cuidado de la Ropa,"Cuidado de la Ropa, Minimalist, Eco, Atelier",TRUE,Tono / Acabado,Verde Soft Natural,ATL-CUI-490-V,450,shopify,50,deny,manual,68.0,,TRUE,TRUE,,FALSE,Esferas Secadora Botanico Atelier N10,Comprar Esferas Secadora Botanico Atelier N10 en Atelier Minimal Store.,active
cuidado-ropa-esferas-secadora-botanico-10,,,,,,,Tono / Acabado,Marron Tierra Pastel,ATL-CUI-490-M,450,shopify,50,deny,manual,71.5,,TRUE,TRUE,,,,,
cuidado-ropa-detergente-ecologico-atelier-11,Detergente Ecologico Atelier Atelier N11,<p>Exquisito detergente ecologico elaborado artesanalmente. Tonos pastel suaves en verde y marron natural para la armonia de tu espacio.</p>,Atelier Store,Cuidado de la Ropa,"Cuidado de la Ropa, Minimalist, Eco, Atelier",TRUE,Tono / Acabado,Verde Soft Natural,ATL-CUI-491-V,450,shopify,50,deny,manual,72.5,,TRUE,TRUE,,FALSE,Detergente Ecologico Atelier Atelier N11,Comprar Detergente Ecologico Atelier Atelier N11 en Atelier Minimal Store.,active
cuidado-ropa-detergente-ecologico-atelier-11,,,,,,,Tono / Acabado,Marron Tierra Pastel,ATL-CUI-491-M,450,shopify,50,deny,manual,76.0,,TRUE,TRUE,,,,,
cuidado-ropa-jabon-de-lavanda-pastel-12,Jabon de Lavanda Pastel Atelier N12,<p>Exquisito jabon de lavanda elaborado artesanalmente. Tonos pastel suaves en verde y marron natural para la armonia de tu espacio.</p>,Atelier Store,Cuidado de la Ropa,"Cuidado de la Ropa, Minimalist, Eco, Atelier",TRUE,Tono / Acabado,Verde Soft Natural,ATL-CUI-492-V,450,shopify,50,deny,manual,77.0,,TRUE,TRUE,,FALSE,Jabon de Lavanda Pastel Atelier N12,Comprar Jabon de Lavanda Pastel Atelier N12 en Atelier Minimal Store.,active
cuidado-ropa-jabon-de-lavanda-pastel-12,,,,,,,Tono / Acabado,Marron Tierra Pastel,ATL-CUI-492-M,450,shopify,50,deny,manual,80.5,,TRUE,TRUE,,,,,
cuidado-ropa-bolsa-lavado-delicado-puro-13,Bolsa Lavado Delicado Puro Atelier N13,<p>Exquisito bolsa lavado delicado elaborado artesanalmente. Tonos pastel suaves en verde y marron natural para la armonia de tu espacio.</p>,Atelier Store,Cuidado de la Ropa,"Cuidado de la Ropa, Minimalist, Eco, Atelier",TRUE,Tono / Acabado,Verde Soft Natural,ATL-CUI-493-V,450,shopify,50,deny,manual,81.5,,TRUE,TRUE,,FALSE,Bolsa Lavado Delicado Puro Atelier N13,Comprar Bolsa Lavado Delicado Puro Atelier N13 en Atelier Minimal Store.,active
cuidado-ropa-bolsa-lavado-delicado-puro-13,,,,,,,Tono / Acabado,Marron Tierra Pastel,ATL-CUI-493-M,450,shopify,50,deny,manual,85.0,,TRUE,TRUE,,,,,
cuidado-ropa-cepillo-quita-pelusa-eco-14,Cepillo Quita Pelusa Eco Atelier N14,<p>Exquisito cepillo quita pelusa elaborado artesanalmente. Tonos pastel suaves en verde y marron natural para la armonia de tu espacio.</p>,Atelier Store,Cuidado de la Ropa,"Cuidado de la Ropa, Minimalist, Eco, Atelier",TRUE,Tono / Acabado,Verde Soft Natural,ATL-CUI-494-V,450,shopify,50,deny,manual,86.0,,TRUE,TRUE,,FALSE,Cepillo Quita Pelusa Eco Atelier N14,Comprar Cepillo Quita Pelusa Eco Atelier N14 en Atelier Minimal Store.,active
cuidado-ropa-cepillo-quita-pelusa-eco-14,,,,,,,Tono / Acabado,Marron Tierra Pastel,ATL-CUI-494-M,450,shopify,50,deny,manual,89.5,,TRUE,TRUE,,,,,
cuidado-ropa-esferas-secadora-mate-15,Esferas Secadora Mate Atelier N15,<p>Exquisito esferas secadora elaborado artesanalmente. Tonos pastel suaves en verde y marron natural para la armonia de tu espacio.</p>,Atelier Store,Cuidado de la Ropa,"Cuidado de la Ropa, Minimalist, Eco, Atelier",TRUE,Tono / Acabado,Verde Soft Natural,ATL-CUI-495-V,450,shopify,50,deny,manual,90.5,,TRUE,TRUE,,FALSE,Esferas Secadora Mate Atelier N15,Comprar Esferas Secadora Mate Atelier N15 en Atelier Minimal Store.,active
cuidado-ropa-esferas-secadora-mate-15,,,,,,,Tono / Acabado,Marron Tierra Pastel,ATL-CUI-495-M,450,shopify,50,deny,manual,94.0,,TRUE,TRUE,,,,,
cuidado-ropa-detergente-ecologico-artesanal-16,Detergente Ecologico Artesanal Atelier N16,<p>Exquisito detergente ecologico elaborado artesanalmente. Tonos pastel suaves en verde y marron natural para la armonia de tu espacio.</p>,Atelier Store,Cuidado de la Ropa,"Cuidado de la Ropa, Minimalist, Eco, Atelier",TRUE,Tono / Acabado,Verde Soft Natural,ATL-CUI-496-V,450,shopify,50,deny,manual,95.0,,TRUE,TRUE,,FALSE,Detergente Ecologico Artesanal Atelier N16,Comprar Detergente Ecologico Artesanal Atelier N16 en Atelier Minimal Store.,active
cuidado-ropa-detergente-ecologico-artesanal-16,,,,,,,Tono / Acabado,Marron Tierra Pastel,ATL-CUI-496-M,450,shopify,50,deny,manual,98.5,,TRUE,TRUE,,,,,
cuidado-ropa-jabon-de-lavanda-organico-17,Jabon de Lavanda Organico Atelier N17,<p>Exquisito jabon de lavanda elaborado artesanalmente. Tonos pastel suaves en verde y marron natural para la armonia de tu espacio.</p>,Atelier Store,Cuidado de la Ropa,"Cuidado de la Ropa, Minimalist, Eco, Atelier",TRUE,Tono / Acabado,Verde Soft Natural,ATL-CUI-497-V,450,shopify,50,deny,manual,99.5,,TRUE,TRUE,,FALSE,Jabon de Lavanda Organico Atelier N17,Comprar Jabon de Lavanda Organico Atelier N17 en Atelier Minimal Store.,active
cuidado-ropa-jabon-de-lavanda-organico-17,,,,,,,Tono / Acabado,Marron Tierra Pastel,ATL-CUI-497-M,450,shopify,50,deny,manual,103.0,,TRUE,TRUE,,,,,
cuidado-ropa-bolsa-lavado-delicado-botanico-18,Bolsa Lavado Delicado Botanico Atelier N18,<p>Exquisito bolsa lavado delicado elaborado artesanalmente. Tonos pastel suaves en verde y marron natural para la armonia de tu espacio.</p>,Atelier Store,Cuidado de la Ropa,"Cuidado de la Ropa, Minimalist, Eco, Atelier",TRUE,Tono / Acabado,Verde Soft Natural,ATL-CUI-498-V,450,shopify,50,deny,manual,104.0,,TRUE,TRUE,,FALSE,Bolsa Lavado Delicado Botanico Atelier N18,Comprar Bolsa Lavado Delicado Botanico Atelier N18 en Atelier Minimal Store.,active
cuidado-ropa-bolsa-lavado-delicado-botanico-18,,,,,,,Tono / Acabado,Marron Tierra Pastel,ATL-CUI-498-M,450,shopify,50,deny,manual,107.5,,TRUE,TRUE,,,,,
cuidado-ropa-cepillo-quita-pelusa-atelier-19,Cepillo Quita Pelusa Atelier Atelier N19,<p>Exquisito cepillo quita pelusa elaborado artesanalmente. Tonos pastel suaves en verde y marron natural para la armonia de tu espacio.</p>,Atelier Store,Cuidado de la Ropa,"Cuidado de la Ropa, Minimalist, Eco, Atelier",TRUE,Tono / Acabado,Verde Soft Natural,ATL-CUI-499-V,450,shopify,50,deny,manual,108.5,,TRUE,TRUE,,FALSE,Cepillo Quita Pelusa Atelier Atelier N19,Comprar Cepillo Quita Pelusa Atelier Atelier N19 en Atelier Minimal Store.,active
cuidado-ropa-cepillo-quita-pelusa-atelier-19,,,,,,,Tono / Acabado,Marron Tierra Pastel,ATL-CUI-499-M,450,shopify,50,deny,manual,112.0,,TRUE,TRUE,,,,,
cuidado-ropa-esferas-secadora-pastel-20,Esferas Secadora Pastel Atelier N20,<p>Exquisito esferas secadora elaborado artesanalmente. Tonos pastel suaves en verde y marron natural para la armonia de tu espacio.</p>,Atelier Store,Cuidado de la Ropa,"Cuidado de la Ropa, Minimalist, Eco, Atelier",TRUE,Tono / Acabado,Verde Soft Natural,ATL-CUI-500-V,450,shopify,50,deny,manual,88.0,,TRUE,TRUE,,FALSE,Esferas Secadora Pastel Atelier N20,Comprar Esferas Secadora Pastel Atelier N20 en Atelier Minimal Store.,active
cuidado-ropa-esferas-secadora-pastel-20,,,,,,,Tono / Acabado,Marron Tierra Pastel,ATL-CUI-500-M,450,shopify,50,deny,manual,91.5,,TRUE,TRUE,,,,,
